"relative_path","category","filename","extension","bytes","usage_status","provenance_status"
"images/01-png-transparents/001-airquest.png","01-png-transparents","001-airquest.png","png","58749","unknown","not_recorded"
"images/01-png-transparents/002-arcoaire.png","01-png-transparents","002-arcoaire.png","png","58639","unknown","not_recorded"
"images/01-png-transparents/003-tempstar.png","01-png-transparents","003-tempstar.png","png","155177","unknown","not_recorded"
"images/01-png-transparents/004-day-and-night.png","01-png-transparents","004-day-and-night.png","png","184444","unknown","not_recorded"
"images/01-png-transparents/005-heil.png","01-png-transparents","005-heil.png","png","97501","unknown","not_recorded"
"images/01-png-transparents/006-keeprite.png","01-png-transparents","006-keeprite.png","png","111812","unknown","not_recorded"
"images/01-png-transparents/007-comfortmaker.png","01-png-transparents","007-comfortmaker.png","png","49501","unknown","not_recorded"
"images/01-png-transparents/010-kenmore.png","01-png-transparents","010-kenmore.png","png","20604","unknown","not_recorded"
"images/01-png-transparents/011-coleman.png","01-png-transparents","011-coleman.png","png","243149","unknown","not_recorded"
"images/01-png-transparents/012-luxaire.png","01-png-transparents","012-luxaire.png","png","145189","unknown","not_recorded"
"images/01-png-transparents/013-york.png","01-png-transparents","013-york.png","png","41793","unknown","not_recorded"
"images/01-png-transparents/014-champion-heating-and-cooling.png","01-png-transparents","014-champion-heating-and-cooling.png","png","41513","unknown","not_recorded"
"images/01-png-transparents/015-fraser-johnston.png","01-png-transparents","015-fraser-johnston.png","png","110918","unknown","not_recorded"
"images/01-png-transparents/016-aciq.png","01-png-transparents","016-aciq.png","png","26737","unknown","not_recorded"
"images/01-png-transparents/017-trane.png","01-png-transparents","017-trane.png","png","37580","unknown","not_recorded"
"images/01-png-transparents/018-lennox.png","01-png-transparents","018-lennox.png","png","58534","unknown","not_recorded"
"images/01-png-transparents/019-johnson-controls.png","01-png-transparents","019-johnson-controls.png","png","88285","unknown","not_recorded"
"images/01-png-transparents/020-american-standard.png","01-png-transparents","020-american-standard.png","png","30394","unknown","not_recorded"
"images/01-png-transparents/021-midea.png","01-png-transparents","021-midea.png","png","202847","unknown","not_recorded"
"images/01-png-transparents/023-armstrong-air.png","01-png-transparents","023-armstrong-air.png","png","56291","unknown","not_recorded"
"images/01-png-transparents/024-airease.png","01-png-transparents","024-airease.png","png","96533","unknown","not_recorded"
"images/01-png-transparents/025-friedrich.png","01-png-transparents","025-friedrich.png","png","62422","unknown","not_recorded"
"images/01-png-transparents/026-payne-heating-and-cooling.png","01-png-transparents","026-payne-heating-and-cooling.png","png","106707","unknown","not_recorded"
"images/01-png-transparents/027-concord.png","01-png-transparents","027-concord.png","png","108942","unknown","not_recorded"
"images/01-png-transparents/028-ducane.png","01-png-transparents","028-ducane.png","png","174434","unknown","not_recorded"
"images/01-png-transparents/029-allied.png","01-png-transparents","029-allied.png","png","29617","unknown","not_recorded"
"images/01-png-transparents/030-mdv.png","01-png-transparents","030-mdv.png","png","140356","unknown","not_recorded"
"images/01-png-transparents/032-ge-appliances.png","01-png-transparents","032-ge-appliances.png","png","65683","unknown","not_recorded"
"images/01-png-transparents/034-ge.png","01-png-transparents","034-ge.png","png","138673","unknown","not_recorded"
"images/01-png-transparents/035-ruud.png","01-png-transparents","035-ruud.png","png","444426","unknown","not_recorded"
"images/01-png-transparents/036-rheem.png","01-png-transparents","036-rheem.png","png","175085","unknown","not_recorded"
"images/01-png-transparents/039-sure.png","01-png-transparents","039-sure.png","png","59471","unknown","not_recorded"
"images/01-png-transparents/040-haier.png","01-png-transparents","040-haier.png","png","28125","unknown","not_recorded"
"images/01-png-transparents/043-daikin.png","01-png-transparents","043-daikin.png","png","33661","unknown","not_recorded"
"images/01-png-transparents/044-amana.png","01-png-transparents","044-amana.png","png","40243","unknown","not_recorded"
"images/01-png-transparents/045-guardian.png","01-png-transparents","045-guardian.png","png","104408","unknown","not_recorded"
"images/01-png-transparents/046-gree.png","01-png-transparents","046-gree.png","png","77104","unknown","not_recorded"
"images/01-png-transparents/047-grandaire.png","01-png-transparents","047-grandaire.png","png","129382","unknown","not_recorded"
"images/01-png-transparents/048-evcon.png","01-png-transparents","048-evcon.png","png","55601","unknown","not_recorded"
"images/01-png-transparents/049-tosot.png","01-png-transparents","049-tosot.png","png","17906","unknown","not_recorded"
"images/01-png-transparents/050-durastar.png","01-png-transparents","050-durastar.png","png","42992","unknown","not_recorded"
"images/01-png-transparents/051-bosch.png","01-png-transparents","051-bosch.png","png","34178","unknown","not_recorded"
"images/01-png-transparents/052-goodman.png","01-png-transparents","052-goodman.png","png","107802","unknown","not_recorded"
"images/01-png-transparents/054-comfort-aire.png","01-png-transparents","054-comfort-aire.png","png","253559","unknown","not_recorded"
"images/01-png-transparents/055-ameristar.png","01-png-transparents","055-ameristar.png","png","109377","unknown","not_recorded"
"images/01-png-transparents/056-runtru.png","01-png-transparents","056-runtru.png","png","80352","unknown","not_recorded"
"images/01-png-transparents/057-tcl.png","01-png-transparents","057-tcl.png","png","29488","unknown","not_recorded"
"images/01-png-transparents/058-russell.png","01-png-transparents","058-russell.png","png","72389","unknown","not_recorded"
"images/01-png-transparents/059-mainline.png","01-png-transparents","059-mainline.png","png","319749","unknown","not_recorded"
"images/01-png-transparents/061-mrcool.png","01-png-transparents","061-mrcool.png","png","46419","unknown","not_recorded"
"images/01-png-transparents/062-mitsubishi-electric.png","01-png-transparents","062-mitsubishi-electric.png","png","65002","unknown","not_recorded"
"images/01-png-transparents/063-cooper-and-hunter.png","01-png-transparents","063-cooper-and-hunter.png","png","97865","unknown","not_recorded"
"images/01-png-transparents/065-hisense.png","01-png-transparents","065-hisense.png","png","36429","unknown","not_recorded"
"images/01-png-transparents/066-lg.png","01-png-transparents","066-lg.png","png","124501","unknown","not_recorded"
"images/01-png-transparents/067-innovair.png","01-png-transparents","067-innovair.png","png","39988","unknown","not_recorded"
"images/01-png-transparents/069-direct-air.png","01-png-transparents","069-direct-air.png","png","235551","unknown","not_recorded"
"images/01-png-transparents/073-ecoer.png","01-png-transparents","073-ecoer.png","png","104053","unknown","not_recorded"
"images/01-png-transparents/075-fujitsu.png","01-png-transparents","075-fujitsu.png","png","37981","unknown","not_recorded"
"images/01-png-transparents/077-weatherking.png","01-png-transparents","077-weatherking.png","png","533221","unknown","not_recorded"
"images/01-png-transparents/081-moovair.png","01-png-transparents","081-moovair.png","png","24880","unknown","not_recorded"
"images/01-png-transparents/084-viessmann.png","01-png-transparents","084-viessmann.png","png","22729","unknown","not_recorded"
"images/01-png-transparents/089-kinghome.png","01-png-transparents","089-kinghome.png","png","135847","unknown","not_recorded"
"images/01-png-transparents/091-thermal-zone.png","01-png-transparents","091-thermal-zone.png","png","105630","unknown","not_recorded"
"images/01-png-transparents/092-kerr.png","01-png-transparents","092-kerr.png","png","71400","unknown","not_recorded"
"images/01-png-transparents/093-samsung.png","01-png-transparents","093-samsung.png","png","37323","unknown","not_recorded"
"images/01-png-transparents/094-sinclair-air-conditioning.png","01-png-transparents","094-sinclair-air-conditioning.png","png","69799","unknown","not_recorded"
"images/01-png-transparents/096-kaden.png","01-png-transparents","096-kaden.png","png","39623","unknown","not_recorded"
"images/01-png-transparents/097-comfort-aire.png","01-png-transparents","097-comfort-aire.png","png","253559","unknown","not_recorded"
"images/01-png-transparents/106-senville.png","01-png-transparents","106-senville.png","png","207763","unknown","not_recorded"
"images/01-png-transparents/111-boreal.png","01-png-transparents","111-boreal.png","png","70340","unknown","not_recorded"
"images/01-png-transparents/114-napoleon.png","01-png-transparents","114-napoleon.png","png","51613","unknown","not_recorded"
"images/01-png-transparents/115-hitachi.png","01-png-transparents","115-hitachi.png","png","14103","unknown","not_recorded"
"images/01-png-transparents/116-pioneer.png","01-png-transparents","116-pioneer.png","png","73764","unknown","not_recorded"
"images/01-png-transparents/117-stelpro.png","01-png-transparents","117-stelpro.png","png","33119","unknown","not_recorded"
"images/01-png-transparents/120-aux.png","01-png-transparents","120-aux.png","png","64828","unknown","not_recorded"
"images/01-png-transparents/122-della.png","01-png-transparents","122-della.png","png","16301","unknown","not_recorded"
"images/01-png-transparents/123-emi.png","01-png-transparents","123-emi.png","png","40719","unknown","not_recorded"
"images/01-png-transparents/124-continental.png","01-png-transparents","124-continental.png","png","59515","unknown","not_recorded"
"images/01-png-transparents/134-ouellet.png","01-png-transparents","134-ouellet.png","png","503811","unknown","not_recorded"
"images/01-png-transparents/137-toshiba-carrier.png","01-png-transparents","137-toshiba-carrier.png","png","63187","unknown","not_recorded"
"images/01-png-transparents/143-forestair.png","01-png-transparents","143-forestair.png","png","39065","unknown","not_recorded"
"images/01-png-transparents/144-rovsun.png","01-png-transparents","144-rovsun.png","png","95905","unknown","not_recorded"
"images/01-png-transparents/151-quebecvair.png","01-png-transparents","151-quebecvair.png","png","32004","unknown","not_recorded"
"images/01-png-transparents/155-mirage.png","01-png-transparents","155-mirage.png","png","265437","unknown","not_recorded"
"images/01-png-transparents/157-turbro.png","01-png-transparents","157-turbro.png","png","57761","unknown","not_recorded"
"images/01-png-transparents/162-voltas.png","01-png-transparents","162-voltas.png","png","38632","unknown","not_recorded"
"images/01-png-transparents/164-sharp.png","01-png-transparents","164-sharp.png","png","66973","unknown","not_recorded"
"images/01-png-transparents/175-hessaire.png","01-png-transparents","175-hessaire.png","png","29049","unknown","not_recorded"
"images/01-png-transparents/177-perfect-aire.png","01-png-transparents","177-perfect-aire.png","png","67136","unknown","not_recorded"
"images/01-png-transparents/181-ortech.png","01-png-transparents","181-ortech.png","png","46681","unknown","not_recorded"
"images/01-png-transparents/185-denali-aire.png","01-png-transparents","185-denali-aire.png","png","21254","unknown","not_recorded"
"images/01-png-transparents/190-costway.png","01-png-transparents","190-costway.png","png","155979","unknown","not_recorded"
"images/01-png-transparents/198-outes.png","01-png-transparents","198-outes.png","png","20960","unknown","not_recorded"
"images/01-png-transparents/212-homcom.png","01-png-transparents","212-homcom.png","png","364304","unknown","not_recorded"
"images/01-png-transparents/233-quilt.png","01-png-transparents","233-quilt.png","png","32959","unknown","not_recorded"
"images/01-png-transparents/251-toyotomi.png","01-png-transparents","251-toyotomi.png","png","36043","unknown","not_recorded"
"images/1HVAC.jpg","root","1HVAC.jpg","jpg","38371","unknown","not_recorded"
"images/HEADERLOGO.png","root","HEADERLOGO.png","png","354424","unknown","not_recorded"
"images/Thermoscan.png","root","Thermoscan.png","png","426367","unknown","not_recorded"
"images/about-cta-product.jpg","root","about-cta-product.jpg","jpg","1050456","unknown","not_recorded"
"images/about-experience-house.jpg","root","about-experience-house.jpg","jpg","1003027","unknown","not_recorded"
"images/about-hero.jpg","root","about-hero.jpg","jpg","997458","unknown","not_recorded"
"images/about-process.jpg","root","about-process.jpg","jpg","916580","unknown","not_recorded"
"images/carriere-hero.jpg","root","carriere-hero.jpg","jpg","880625","unknown","not_recorded"
"images/categorie-centrale-samsung-hd.png","root","categorie-centrale-samsung-hd.png","png","2201312","unknown","not_recorded"
"images/categorie-multizone-mitsubishi-electric-hd.png","root","categorie-multizone-mitsubishi-electric-hd.png","png","2234608","unknown","not_recorded"
"images/categorie-murale-daikin-hd.png","root","categorie-murale-daikin-hd.png","png","1452511","unknown","not_recorded"
"images/compare_hero.jpg","root","compare_hero.jpg","jpg","705969","unknown","not_recorded"
"images/contact-support.jpg","root","contact-support.jpg","jpg","703709","unknown","not_recorded"
"images/cta-bg-home.jpg","root","cta-bg-home.jpg","jpg","908006","unknown","not_recorded"
"images/gree-extreme-miniature.png","root","gree-extreme-miniature.png","png","120622","unknown","not_recorded"
"images/guides/card-interior-living-room.jpg","guides","card-interior-living-room.jpg","jpg","816501","unknown","not_recorded"
"images/guides/card-outdoor-unit.jpg","guides","card-outdoor-unit.jpg","jpg","881663","unknown","not_recorded"
"images/guides/guide-hero-bg.jpg","guides","guide-hero-bg.jpg","jpg","1050624","unknown","not_recorded"
"images/hero-a-propos-maison-hiver.png","root","hero-a-propos-maison-hiver.png","png","2156116","unknown","not_recorded"
"images/hero-calculator-bg.jpg","root","hero-calculator-bg.jpg","jpg","888564","unknown","not_recorded"
"images/hero_heatpump.jpg","root","hero_heatpump.jpg","jpg","814086","unknown","not_recorded"
"images/herocomparer.png","root","herocomparer.png","png","1545724","unknown","not_recorded"
"images/hydroquebec.png","root","hydroquebec.png","png","8303","unknown","not_recorded"
"images/installateur-premium.jpg","root","installateur-premium.jpg","jpg","852898","unknown","not_recorded"
"images/logo/logo-full.png","logo","logo-full.png","png","654697","unknown","not_recorded"
"images/logo/logo-nav.png","logo","logo-nav.png","png","86930","unknown","not_recorded"
"images/logo-test.png","root","logo-test.png","png","136376","unknown","not_recorded"
"images/logo-thermomatch-tm.png","root","logo-thermomatch-tm.png","png","206386","unknown","not_recorded"
"images/marques/logo-aciq-bleu-nuit.png","marques","logo-aciq-bleu-nuit.png","png","26737","unknown","not_recorded"
"images/marques/logo-airease-bleu-nuit.png","marques","logo-airease-bleu-nuit.png","png","96533","unknown","not_recorded"
"images/marques/logo-airquest-bleu-nuit.png","marques","logo-airquest-bleu-nuit.png","png","58749","unknown","not_recorded"
"images/marques/logo-allied-bleu-nuit.png","marques","logo-allied-bleu-nuit.png","png","29617","unknown","not_recorded"
"images/marques/logo-amana-bleu-nuit.png","marques","logo-amana-bleu-nuit.png","png","40243","unknown","not_recorded"
"images/marques/logo-american-standard-bleu-nuit.png","marques","logo-american-standard-bleu-nuit.png","png","30394","unknown","not_recorded"
"images/marques/logo-ameristar-bleu-nuit.png","marques","logo-ameristar-bleu-nuit.png","png","109377","unknown","not_recorded"
"images/marques/logo-arcoaire-bleu-nuit.png","marques","logo-arcoaire-bleu-nuit.png","png","58639","unknown","not_recorded"
"images/marques/logo-armstrong-air-bleu-nuit.png","marques","logo-armstrong-air-bleu-nuit.png","png","56291","unknown","not_recorded"
"images/marques/logo-aux-bleu-nuit.png","marques","logo-aux-bleu-nuit.png","png","64828","unknown","not_recorded"
"images/marques/logo-boreal-bleu-nuit.png","marques","logo-boreal-bleu-nuit.png","png","70340","unknown","not_recorded"
"images/marques/logo-bosch-bleu-nuit.png","marques","logo-bosch-bleu-nuit.png","png","34178","unknown","not_recorded"
"images/marques/logo-champion-heating-and-cooling-bleu-nuit.png","marques","logo-champion-heating-and-cooling-bleu-nuit.png","png","41513","unknown","not_recorded"
"images/marques/logo-coleman-bleu-nuit.png","marques","logo-coleman-bleu-nuit.png","png","243149","unknown","not_recorded"
"images/marques/logo-comfort-aire-bleu-nuit.png","marques","logo-comfort-aire-bleu-nuit.png","png","253559","unknown","not_recorded"
"images/marques/logo-comfortmaker-bleu-nuit.png","marques","logo-comfortmaker-bleu-nuit.png","png","49501","unknown","not_recorded"
"images/marques/logo-concord-bleu-nuit.png","marques","logo-concord-bleu-nuit.png","png","108942","unknown","not_recorded"
"images/marques/logo-continental-bleu-nuit.png","marques","logo-continental-bleu-nuit.png","png","59515","unknown","not_recorded"
"images/marques/logo-cooper-and-hunter-bleu-nuit.png","marques","logo-cooper-and-hunter-bleu-nuit.png","png","97865","unknown","not_recorded"
"images/marques/logo-costway-bleu-nuit.png","marques","logo-costway-bleu-nuit.png","png","155979","unknown","not_recorded"
"images/marques/logo-daikin-bleu-nuit-cropped.png","marques","logo-daikin-bleu-nuit-cropped.png","png","36639","unknown","not_recorded"
"images/marques/logo-daikin-bleu-nuit.png","marques","logo-daikin-bleu-nuit.png","png","33661","unknown","not_recorded"
"images/marques/logo-day-and-night-bleu-nuit.png","marques","logo-day-and-night-bleu-nuit.png","png","184444","unknown","not_recorded"
"images/marques/logo-della-bleu-nuit.png","marques","logo-della-bleu-nuit.png","png","16301","unknown","not_recorded"
"images/marques/logo-denali-aire-bleu-nuit.png","marques","logo-denali-aire-bleu-nuit.png","png","21254","unknown","not_recorded"
"images/marques/logo-direct-air-bleu-nuit.png","marques","logo-direct-air-bleu-nuit.png","png","235551","unknown","not_recorded"
"images/marques/logo-directair-bleu-nuit.png","marques","logo-directair-bleu-nuit.png","png","235551","unknown","not_recorded"
"images/marques/logo-ducane-bleu-nuit.png","marques","logo-ducane-bleu-nuit.png","png","174434","unknown","not_recorded"
"images/marques/logo-durastar-bleu-nuit.png","marques","logo-durastar-bleu-nuit.png","png","42992","unknown","not_recorded"
"images/marques/logo-ecoer-bleu-nuit.png","marques","logo-ecoer-bleu-nuit.png","png","104053","unknown","not_recorded"
"images/marques/logo-emi-bleu-nuit.png","marques","logo-emi-bleu-nuit.png","png","40719","unknown","not_recorded"
"images/marques/logo-evcon-bleu-nuit.png","marques","logo-evcon-bleu-nuit.png","png","55601","unknown","not_recorded"
"images/marques/logo-forestair-bleu-nuit.png","marques","logo-forestair-bleu-nuit.png","png","39065","unknown","not_recorded"
"images/marques/logo-fraser-johnston-bleu-nuit.png","marques","logo-fraser-johnston-bleu-nuit.png","png","110918","unknown","not_recorded"
"images/marques/logo-friedrich-bleu-nuit.png","marques","logo-friedrich-bleu-nuit.png","png","62422","unknown","not_recorded"
"images/marques/logo-fujitsu-bleu-nuit-cropped.png","marques","logo-fujitsu-bleu-nuit-cropped.png","png","14438","unknown","not_recorded"
"images/marques/logo-fujitsu-bleu-nuit.png","marques","logo-fujitsu-bleu-nuit.png","png","37981","unknown","not_recorded"
"images/marques/logo-ge-appliances-bleu-nuit.png","marques","logo-ge-appliances-bleu-nuit.png","png","65683","unknown","not_recorded"
"images/marques/logo-ge-bleu-nuit.png","marques","logo-ge-bleu-nuit.png","png","138673","unknown","not_recorded"
"images/marques/logo-goodman-bleu-nuit.png","marques","logo-goodman-bleu-nuit.png","png","107802","unknown","not_recorded"
"images/marques/logo-grandaire-bleu-nuit.png","marques","logo-grandaire-bleu-nuit.png","png","129382","unknown","not_recorded"
"images/marques/logo-gree-bleu-nuit-cropped.png","marques","logo-gree-bleu-nuit-cropped.png","png","54906","unknown","not_recorded"
"images/marques/logo-gree-bleu-nuit.png","marques","logo-gree-bleu-nuit.png","png","77104","unknown","not_recorded"
"images/marques/logo-guardian-bleu-nuit.png","marques","logo-guardian-bleu-nuit.png","png","104408","unknown","not_recorded"
"images/marques/logo-haier-bleu-nuit.png","marques","logo-haier-bleu-nuit.png","png","28125","unknown","not_recorded"
"images/marques/logo-heil-bleu-nuit.png","marques","logo-heil-bleu-nuit.png","png","97501","unknown","not_recorded"
"images/marques/logo-hessaire-bleu-nuit.png","marques","logo-hessaire-bleu-nuit.png","png","29049","unknown","not_recorded"
"images/marques/logo-hisense-bleu-nuit.png","marques","logo-hisense-bleu-nuit.png","png","36429","unknown","not_recorded"
"images/marques/logo-hitachi-bleu-nuit.png","marques","logo-hitachi-bleu-nuit.png","png","14103","unknown","not_recorded"
"images/marques/logo-homcom-bleu-nuit.png","marques","logo-homcom-bleu-nuit.png","png","364304","unknown","not_recorded"
"images/marques/logo-innovair-bleu-nuit.png","marques","logo-innovair-bleu-nuit.png","png","39988","unknown","not_recorded"
"images/marques/logo-johnson-controls-bleu-nuit.png","marques","logo-johnson-controls-bleu-nuit.png","png","88285","unknown","not_recorded"
"images/marques/logo-kaden-bleu-nuit.png","marques","logo-kaden-bleu-nuit.png","png","39623","unknown","not_recorded"
"images/marques/logo-keeprite-bleu-nuit.png","marques","logo-keeprite-bleu-nuit.png","png","111812","unknown","not_recorded"
"images/marques/logo-kenmore-bleu-nuit.png","marques","logo-kenmore-bleu-nuit.png","png","20604","unknown","not_recorded"
"images/marques/logo-kerr-bleu-nuit.png","marques","logo-kerr-bleu-nuit.png","png","71400","unknown","not_recorded"
"images/marques/logo-kinghome-bleu-nuit.png","marques","logo-kinghome-bleu-nuit.png","png","135847","unknown","not_recorded"
"images/marques/logo-lennox-bleu-nuit.png","marques","logo-lennox-bleu-nuit.png","png","58534","unknown","not_recorded"
"images/marques/logo-lg-bleu-nuit-cropped.png","marques","logo-lg-bleu-nuit-cropped.png","png","38171","unknown","not_recorded"
"images/marques/logo-lg-bleu-nuit.png","marques","logo-lg-bleu-nuit.png","png","124501","unknown","not_recorded"
"images/marques/logo-lg-light-cropped.png","marques","logo-lg-light-cropped.png","png","41777","unknown","not_recorded"
"images/marques/logo-lg-light.png","marques","logo-lg-light.png","png","121172","unknown","not_recorded"
"images/marques/logo-luxaire-bleu-nuit.png","marques","logo-luxaire-bleu-nuit.png","png","145189","unknown","not_recorded"
"images/marques/logo-mainline-bleu-nuit.png","marques","logo-mainline-bleu-nuit.png","png","319749","unknown","not_recorded"
"images/marques/logo-mdv-bleu-nuit.png","marques","logo-mdv-bleu-nuit.png","png","140356","unknown","not_recorded"
"images/marques/logo-midea-bleu-nuit-cropped.png","marques","logo-midea-bleu-nuit-cropped.png","png","46558","unknown","not_recorded"
"images/marques/logo-midea-bleu-nuit.png","marques","logo-midea-bleu-nuit.png","png","202847","unknown","not_recorded"
"images/marques/logo-mirage-bleu-nuit.png","marques","logo-mirage-bleu-nuit.png","png","265437","unknown","not_recorded"
"images/marques/logo-mitsubishi-bleu-nuit.png","marques","logo-mitsubishi-bleu-nuit.png","png","65002","unknown","not_recorded"
"images/marques/logo-mitsubishi-electric-bleu-nuit-cropped.png","marques","logo-mitsubishi-electric-bleu-nuit-cropped.png","png","28775","unknown","not_recorded"
"images/marques/logo-mitsubishi-electric-bleu-nuit.png","marques","logo-mitsubishi-electric-bleu-nuit.png","png","65002","unknown","not_recorded"
"images/marques/logo-moovair-bleu-nuit-cropped.png","marques","logo-moovair-bleu-nuit-cropped.png","png","31258","unknown","not_recorded"
"images/marques/logo-moovair-bleu-nuit.png","marques","logo-moovair-bleu-nuit.png","png","24880","unknown","not_recorded"
"images/marques/logo-moovair-light-cropped.png","marques","logo-moovair-light-cropped.png","png","39762","unknown","not_recorded"
"images/marques/logo-moovair-light.png","marques","logo-moovair-light.png","png","25409","unknown","not_recorded"
"images/marques/logo-mrcool-bleu-nuit.png","marques","logo-mrcool-bleu-nuit.png","png","46419","unknown","not_recorded"
"images/marques/logo-napoleon-bleu-nuit.png","marques","logo-napoleon-bleu-nuit.png","png","51613","unknown","not_recorded"
"images/marques/logo-ortech-bleu-nuit.png","marques","logo-ortech-bleu-nuit.png","png","46681","unknown","not_recorded"
"images/marques/logo-ouellet-bleu-nuit.png","marques","logo-ouellet-bleu-nuit.png","png","503811","unknown","not_recorded"
"images/marques/logo-outes-bleu-nuit.png","marques","logo-outes-bleu-nuit.png","png","20960","unknown","not_recorded"
"images/marques/logo-payne-heating-and-cooling-bleu-nuit.png","marques","logo-payne-heating-and-cooling-bleu-nuit.png","png","106707","unknown","not_recorded"
"images/marques/logo-perfect-aire-bleu-nuit.png","marques","logo-perfect-aire-bleu-nuit.png","png","67136","unknown","not_recorded"
"images/marques/logo-pioneer-bleu-nuit.png","marques","logo-pioneer-bleu-nuit.png","png","73764","unknown","not_recorded"
"images/marques/logo-quebecvair-bleu-nuit.png","marques","logo-quebecvair-bleu-nuit.png","png","32004","unknown","not_recorded"
"images/marques/logo-quilt-bleu-nuit.png","marques","logo-quilt-bleu-nuit.png","png","32959","unknown","not_recorded"
"images/marques/logo-rheem-bleu-nuit.png","marques","logo-rheem-bleu-nuit.png","png","175085","unknown","not_recorded"
"images/marques/logo-rovsun-bleu-nuit.png","marques","logo-rovsun-bleu-nuit.png","png","95905","unknown","not_recorded"
"images/marques/logo-runtru-bleu-nuit.png","marques","logo-runtru-bleu-nuit.png","png","80352","unknown","not_recorded"
"images/marques/logo-russell-bleu-nuit.png","marques","logo-russell-bleu-nuit.png","png","72389","unknown","not_recorded"
"images/marques/logo-ruud-bleu-nuit.png","marques","logo-ruud-bleu-nuit.png","png","444426","unknown","not_recorded"
"images/marques/logo-samsung-bleu-nuit-cropped.png","marques","logo-samsung-bleu-nuit-cropped.png","png","65582","unknown","not_recorded"
"images/marques/logo-samsung-bleu-nuit.png","marques","logo-samsung-bleu-nuit.png","png","37323","unknown","not_recorded"
"images/marques/logo-senville-bleu-nuit.png","marques","logo-senville-bleu-nuit.png","png","207763","unknown","not_recorded"
"images/marques/logo-sharp-bleu-nuit.png","marques","logo-sharp-bleu-nuit.png","png","66973","unknown","not_recorded"
"images/marques/logo-sinclair-air-conditioning-bleu-nuit.png","marques","logo-sinclair-air-conditioning-bleu-nuit.png","png","69799","unknown","not_recorded"
"images/marques/logo-stelpro-bleu-nuit.png","marques","logo-stelpro-bleu-nuit.png","png","33119","unknown","not_recorded"
"images/marques/logo-sure-bleu-nuit.png","marques","logo-sure-bleu-nuit.png","png","59471","unknown","not_recorded"
"images/marques/logo-tcl-bleu-nuit.png","marques","logo-tcl-bleu-nuit.png","png","29488","unknown","not_recorded"
"images/marques/logo-tempstar-bleu-nuit.png","marques","logo-tempstar-bleu-nuit.png","png","155177","unknown","not_recorded"
"images/marques/logo-thermal-zone-bleu-nuit.png","marques","logo-thermal-zone-bleu-nuit.png","png","105630","unknown","not_recorded"
"images/marques/logo-toshiba-carrier-bleu-nuit.png","marques","logo-toshiba-carrier-bleu-nuit.png","png","63187","unknown","not_recorded"
"images/marques/logo-tosot-bleu-nuit.png","marques","logo-tosot-bleu-nuit.png","png","17906","unknown","not_recorded"
"images/marques/logo-toyotomi-bleu-nuit.png","marques","logo-toyotomi-bleu-nuit.png","png","36043","unknown","not_recorded"
"images/marques/logo-trane-bleu-nuit.png","marques","logo-trane-bleu-nuit.png","png","37580","unknown","not_recorded"
"images/marques/logo-turbro-bleu-nuit.png","marques","logo-turbro-bleu-nuit.png","png","57761","unknown","not_recorded"
"images/marques/logo-viessmann-bleu-nuit.png","marques","logo-viessmann-bleu-nuit.png","png","22729","unknown","not_recorded"
"images/marques/logo-voltas-bleu-nuit.png","marques","logo-voltas-bleu-nuit.png","png","38632","unknown","not_recorded"
"images/marques/logo-weatherking-bleu-nuit.png","marques","logo-weatherking-bleu-nuit.png","png","533221","unknown","not_recorded"
"images/marques/logo-york-bleu-nuit.png","marques","logo-york-bleu-nuit.png","png","41793","unknown","not_recorded"
"images/marques/thermopompe-daikin-transparente.png","marques","thermopompe-daikin-transparente.png","png","1237510","unknown","not_recorded"
"images/marques/thermopompe-fujitsu-transparente.png","marques","thermopompe-fujitsu-transparente.png","png","1281693","unknown","not_recorded"
"images/marques/thermopompe-mitsubishi-electric-transparente.png","marques","thermopompe-mitsubishi-electric-transparente.png","png","1098464","unknown","not_recorded"
"images/products/_official-sources/carrier/carrier-37mahaq-exterieure-officielle.jpg","products","carrier-37mahaq-exterieure-officielle.jpg","jpg","42659","unknown","not_recorded"
"images/products/_official-sources/carrier/carrier-37maraq-exterieure-officielle.jpg","products","carrier-37maraq-exterieure-officielle.jpg","jpg","42659","unknown","not_recorded"
"images/products/_official-sources/carrier/carrier-37mgha-exterieure-officielle.jpg","products","carrier-37mgha-exterieure-officielle.jpg","jpg","484836","unknown","not_recorded"
"images/products/_official-sources/carrier/carrier-37mhraq-exterieure-officielle.jpg","products","carrier-37mhraq-exterieure-officielle.jpg","jpg","42659","unknown","not_recorded"
"images/products/_official-sources/carrier/carrier-37mpraq-37mahaq-exterieure-officielle.jpg","products","carrier-37mpraq-37mahaq-exterieure-officielle.jpg","jpg","42659","unknown","not_recorded"
"images/products/_official-sources/carrier/carrier-45mahaq-interieure-officielle.png","products","carrier-45mahaq-interieure-officielle.png","png","76928","unknown","not_recorded"
"images/products/_official-sources/carrier/carrier-45mhh-interieure-officielle.jpg","products","carrier-45mhh-interieure-officielle.jpg","jpg","894058","unknown","not_recorded"
"images/products/_official-sources/carrier/carrier-45mphaq-interieure-officielle.png","products","carrier-45mphaq-interieure-officielle.png","png","76928","unknown","not_recorded"
"images/products/_official-sources/daikin/daikin-atmosphera-officiel.png","products","daikin-atmosphera-officiel.png","png","273574","unknown","not_recorded"
"images/products/_official-sources/daikin/daikin-aurora-officiel.png","products","daikin-aurora-officiel.png","png","59618","unknown","not_recorded"
"images/products/_official-sources/daikin/daikin-fit-aurora-officiel.png","products","daikin-fit-aurora-officiel.png","png","326814","unknown","not_recorded"
"images/products/_official-sources/fujitsu/fujitsu-airstage-orion-xlth-kzah1-officiel.webp","products","fujitsu-airstage-orion-xlth-kzah1-officiel.webp","webp","11412","unknown","not_recorded"
"images/products/_official-sources/fujitsu/fujitsu-asuh09kzas-interieure-serie-officielle.webp","products","fujitsu-asuh09kzas-interieure-serie-officielle.webp","webp","37050","unknown","not_recorded"
"images/products/_official-sources/fujitsu/fujitsu-asuh12kzas-interieure-serie-officielle.webp","products","fujitsu-asuh12kzas-interieure-serie-officielle.webp","webp","37050","unknown","not_recorded"
"images/products/_official-sources/fujitsu/fujitsu-asuh15kzas-interieure-serie-officielle.webp","products","fujitsu-asuh15kzas-interieure-serie-officielle.webp","webp","37050","unknown","not_recorded"
"images/products/_official-sources/fujitsu/fujitsu-asuh18kzas-interieure-serie-officielle.webp","products","fujitsu-asuh18kzas-interieure-serie-officielle.webp","webp","37050","unknown","not_recorded"
"images/products/_official-sources/fujitsu/fujitsu-asuh24kzas-interieure-serie-officielle.webp","products","fujitsu-asuh24kzas-interieure-serie-officielle.webp","webp","37050","unknown","not_recorded"
"images/products/_official-sources/fujitsu/fujitsu-rls3y-officiel.png","products","fujitsu-rls3y-officiel.png","png","41888","unknown","not_recorded"
"images/products/_official-sources/fujitsu/fujitsu-xlth-lzah1-officiel.png","products","fujitsu-xlth-lzah1-officiel.png","png","41888","unknown","not_recorded"
"images/products/_official-sources/gree/gree-flexx-officiel.png","products","gree-flexx-officiel.png","png","158715","unknown","not_recorded"
"images/products/_official-sources/gree/gree-sapphire-exterieure-officielle.jpg","products","gree-sapphire-exterieure-officielle.jpg","jpg","11183","unknown","not_recorded"
"images/products/_official-sources/gree/gree-sapphire-interieure-officielle.jpg","products","gree-sapphire-interieure-officielle.jpg","jpg","4131","unknown","not_recorded"
"images/products/_official-sources/gree/gree-sapphire-officiel.png","products","gree-sapphire-officiel.png","png","278531","unknown","not_recorded"
"images/products/_official-sources/lg/lg-art-cool-mirror-officiel.png","products","lg-art-cool-mirror-officiel.png","png","954431","unknown","not_recorded"
"images/products/_official-sources/lg/lg-standard-lgred-officiel.png","products","lg-standard-lgred-officiel.png","png","914621","unknown","not_recorded"
"images/products/_official-sources/mainline/mainline-nexus-officiel.jpg","products","mainline-nexus-officiel.jpg","jpg","1033791","unknown","not_recorded"
"images/products/_official-sources/mainline/mainline-nexus-ultra-officiel.jpg","products","mainline-nexus-ultra-officiel.jpg","jpg","890079","unknown","not_recorded"
"images/products/_official-sources/midea/midea-all-easy-pro-exterieure-officielle.png","products","midea-all-easy-pro-exterieure-officielle.png","png","830673","unknown","not_recorded"
"images/products/_official-sources/midea/midea-all-easy-pro-interieure-officielle.png","products","midea-all-easy-pro-interieure-officielle.png","png","830673","unknown","not_recorded"
"images/products/_official-sources/midea/midea-evox-g3-officiel.png","products","midea-evox-g3-officiel.png","png","1034859","unknown","not_recorded"
"images/products/_official-sources/mitsubishi-electric/mitsubishi-fh-exterieure-archive-officielle.jpg","products","mitsubishi-fh-exterieure-archive-officielle.jpg","jpg","3952","unknown","not_recorded"
"images/products/_official-sources/mitsubishi-electric/mitsubishi-fs-06-09-12-exterieure-officielle.png","products","mitsubishi-fs-06-09-12-exterieure-officielle.png","png","383755","unknown","not_recorded"
"images/products/_official-sources/mitsubishi-electric/mitsubishi-fs-15-18-exterieure-officielle.png","products","mitsubishi-fs-15-18-exterieure-officielle.png","png","559568","unknown","not_recorded"
"images/products/_official-sources/mitsubishi-electric/mitsubishi-fs-interieure-officielle.webp","products","mitsubishi-fs-interieure-officielle.webp","webp","27244","unknown","not_recorded"
"images/products/_official-sources/panasonic/panasonic-climapure-xz-interieure-officielle.png","products","panasonic-climapure-xz-interieure-officielle.png","png","32430","unknown","not_recorded"
"images/products/_official-sources/panasonic/panasonic-climapure-xz12-interieure-officielle.png","products","panasonic-climapure-xz12-interieure-officielle.png","png","32430","unknown","not_recorded"
"images/products/_official-sources/panasonic/panasonic-climapure-xz15-interieure-officielle.png","products","panasonic-climapure-xz15-interieure-officielle.png","png","32430","unknown","not_recorded"
"images/products/_official-sources/panasonic/panasonic-climapure-xz18-interieure-officielle.png","products","panasonic-climapure-xz18-interieure-officielle.png","png","32430","unknown","not_recorded"
"images/products/_official-sources/panasonic/panasonic-climapure-xz24-interieure-officielle.png","products","panasonic-climapure-xz24-interieure-officielle.png","png","32430","unknown","not_recorded"
"images/products/_official-sources/panasonic/panasonic-exterios-z-interieure-officielle.png","products","panasonic-exterios-z-interieure-officielle.png","png","30629","unknown","not_recorded"
"images/products/_official-sources/panasonic/panasonic-exterios-z12-interieure-officielle.png","products","panasonic-exterios-z12-interieure-officielle.png","png","30629","unknown","not_recorded"
"images/products/_official-sources/panasonic/panasonic-exterios-z18-interieure-officielle.png","products","panasonic-exterios-z18-interieure-officielle.png","png","30629","unknown","not_recorded"
"images/products/_official-sources/panasonic/panasonic-exterios-z24-interieure-officielle.png","products","panasonic-exterios-z24-interieure-officielle.png","png","30629","unknown","not_recorded"
"images/products/carrier-comfort-37mhraq-series.webp","products","carrier-comfort-37mhraq-series.webp","webp","68782","unknown","not_recorded"
"images/products/carrier-infinity-37mahaq-series.webp","products","carrier-infinity-37mahaq-series.webp","webp","69120","unknown","not_recorded"
"images/products/carrier-infinity-37mgha-series.webp","products","carrier-infinity-37mgha-series.webp","webp","56986","unknown","not_recorded"
"images/products/carrier-infinity-37mpraq-series.webp","products","carrier-infinity-37mpraq-series.webp","webp","69120","unknown","not_recorded"
"images/products/carrier-performance-37maraq-series.webp","products","carrier-performance-37maraq-series.webp","webp","69120","unknown","not_recorded"
"images/products/daikin-atmosphera-12k.webp","products","daikin-atmosphera-12k.webp","webp","52160","unknown","not_recorded"
"images/products/daikin-atmosphera-9k.webp","products","daikin-atmosphera-9k.webp","webp","52160","unknown","not_recorded"
"images/products/daikin-aurora-12k.webp","products","daikin-aurora-12k.webp","webp","43540","unknown","not_recorded"
"images/products/daikin-aurora-15k.webp","products","daikin-aurora-15k.webp","webp","43540","unknown","not_recorded"
"images/products/daikin-aurora-18k.webp","products","daikin-aurora-18k.webp","webp","43540","unknown","not_recorded"
"images/products/daikin-aurora-24k.webp","products","daikin-aurora-24k.webp","webp","43540","unknown","not_recorded"
"images/products/daikin-aurora-9k.webp","products","daikin-aurora-9k.webp","webp","43540","unknown","not_recorded"
"images/products/daikin-fit-aurora-18k.webp","products","daikin-fit-aurora-18k.webp","webp","108636","unknown","not_recorded"
"images/products/daikin-fit-aurora-24k.webp","products","daikin-fit-aurora-24k.webp","webp","108636","unknown","not_recorded"
"images/products/daikin-fit-aurora-36k.webp","products","daikin-fit-aurora-36k.webp","webp","108636","unknown","not_recorded"
"images/products/fujitsu-orion-xlth-kzah1-series.webp","products","fujitsu-orion-xlth-kzah1-series.webp","webp","58920","unknown","not_recorded"
"images/products/fujitsu-rls3-12k.webp","products","fujitsu-rls3-12k.webp","webp","29028","unknown","not_recorded"
"images/products/fujitsu-rls3-9k.webp","products","fujitsu-rls3-9k.webp","webp","29028","unknown","not_recorded"
"images/products/fujitsu-xlth-12k.webp","products","fujitsu-xlth-12k.webp","webp","34954","unknown","not_recorded"
"images/products/fujitsu-xlth-15k.webp","products","fujitsu-xlth-15k.webp","webp","34954","unknown","not_recorded"
"images/products/fujitsu-xlth-18k.webp","products","fujitsu-xlth-18k.webp","webp","46700","unknown","not_recorded"
"images/products/fujitsu-xlth-24k.webp","products","fujitsu-xlth-24k.webp","webp","46700","unknown","not_recorded"
"images/products/fujitsu-xlth-9k.webp","products","fujitsu-xlth-9k.webp","webp","34954","unknown","not_recorded"
"images/products/gree-crown-12k.webp","products","gree-crown-12k.webp","webp","49720","unknown","not_recorded"
"images/products/gree-crown-9k.webp","products","gree-crown-9k.webp","webp","49720","unknown","not_recorded"
"images/products/gree-flexx-36k.webp","products","gree-flexx-36k.webp","webp","68524","unknown","not_recorded"
"images/products/gree-sapphire-12k.webp","products","gree-sapphire-12k.webp","webp","37726","unknown","not_recorded"
"images/products/gree-sapphire-18k.webp","products","gree-sapphire-18k.webp","webp","37726","unknown","not_recorded"
"images/products/gree-sapphire-24k.webp","products","gree-sapphire-24k.webp","webp","37726","unknown","not_recorded"
"images/products/gree-sapphire-9k.webp","products","gree-sapphire-9k.webp","webp","37726","unknown","not_recorded"
"images/products/lg-art-cool-12k.webp","products","lg-art-cool-12k.webp","webp","61250","unknown","not_recorded"
"images/products/lg-art-cool-18k.webp","products","lg-art-cool-18k.webp","webp","61250","unknown","not_recorded"
"images/products/lg-art-cool-9k.webp","products","lg-art-cool-9k.webp","webp","61250","unknown","not_recorded"
"images/products/lg-standard-12k.webp","products","lg-standard-12k.webp","webp","54538","unknown","not_recorded"
"images/products/lg-standard-18k.webp","products","lg-standard-18k.webp","webp","54538","unknown","not_recorded"
"images/products/lg-standard-9k.webp","products","lg-standard-9k.webp","webp","54538","unknown","not_recorded"
"images/products/mainline-nexus-12k.webp","products","mainline-nexus-12k.webp","webp","68160","unknown","not_recorded"
"images/products/mainline-nexus-18k.webp","products","mainline-nexus-18k.webp","webp","68160","unknown","not_recorded"
"images/products/mainline-nexus-24k.webp","products","mainline-nexus-24k.webp","webp","68160","unknown","not_recorded"
"images/products/mainline-nexus-9k.webp","products","mainline-nexus-9k.webp","webp","68160","unknown","not_recorded"
"images/products/mainline-nexus-ultra-12k.webp","products","mainline-nexus-ultra-12k.webp","webp","55732","unknown","not_recorded"
"images/products/mainline-nexus-ultra-18k.webp","products","mainline-nexus-ultra-18k.webp","webp","55732","unknown","not_recorded"
"images/products/mainline-nexus-ultra-24k.webp","products","mainline-nexus-ultra-24k.webp","webp","55732","unknown","not_recorded"
"images/products/mainline-nexus-ultra-9k.webp","products","mainline-nexus-ultra-9k.webp","webp","55732","unknown","not_recorded"
"images/products/midea-evox-36k.webp","products","midea-evox-36k.webp","webp","51144","unknown","not_recorded"
"images/products/midea-evox-48k.webp","products","midea-evox-48k.webp","webp","51144","unknown","not_recorded"
"images/products/midea-mission-12k.webp","products","midea-mission-12k.webp","webp","71510","unknown","not_recorded"
"images/products/midea-mission-18k.webp","products","midea-mission-18k.webp","webp","71510","unknown","not_recorded"
"images/products/midea-mission-24k.webp","products","midea-mission-24k.webp","webp","71510","unknown","not_recorded"
"images/products/midea-mission-9k.webp","products","midea-mission-9k.webp","webp","71510","unknown","not_recorded"
"images/products/mitsubishi-fh-12k.webp","products","mitsubishi-fh-12k.webp","webp","28382","unknown","not_recorded"
"images/products/mitsubishi-fh-18k.webp","products","mitsubishi-fh-18k.webp","webp","28382","unknown","not_recorded"
"images/products/mitsubishi-fh-9k.webp","products","mitsubishi-fh-9k.webp","webp","28382","unknown","not_recorded"
"images/products/mitsubishi-fs-12k.webp","products","mitsubishi-fs-12k.webp","webp","42432","unknown","not_recorded"
"images/products/mitsubishi-fs-15k.webp","products","mitsubishi-fs-15k.webp","webp","27580","unknown","not_recorded"
"images/products/mitsubishi-fs-18k.webp","products","mitsubishi-fs-18k.webp","webp","27580","unknown","not_recorded"
"images/products/mitsubishi-fs-6k.webp","products","mitsubishi-fs-6k.webp","webp","42432","unknown","not_recorded"
"images/products/mitsubishi-fs-9k.webp","products","mitsubishi-fs-9k.webp","webp","42432","unknown","not_recorded"
"images/products/moovair-meridian-12k.webp","products","moovair-meridian-12k.webp","webp","42754","unknown","not_recorded"
"images/products/moovair-meridian-18k.webp","products","moovair-meridian-18k.webp","webp","42754","unknown","not_recorded"
"images/products/moovair-meridian-24k.webp","products","moovair-meridian-24k.webp","webp","42754","unknown","not_recorded"
"images/products/moovair-meridian-9k.webp","products","moovair-meridian-9k.webp","webp","42754","unknown","not_recorded"
"images/products/moovair-mistral-12k.webp","products","moovair-mistral-12k.webp","webp","42524","unknown","not_recorded"
"images/products/moovair-mistral-9k.webp","products","moovair-mistral-9k.webp","webp","42524","unknown","not_recorded"
"images/products/moovair-morelis-12k.webp","products","moovair-morelis-12k.webp","webp","49834","unknown","not_recorded"
"images/products/moovair-morelis-18k.webp","products","moovair-morelis-18k.webp","webp","49834","unknown","not_recorded"
"images/products/panasonic-climapure-xz-12k.webp","products","panasonic-climapure-xz-12k.webp","webp","63372","unknown","not_recorded"
"images/products/panasonic-climapure-xz-15k.webp","products","panasonic-climapure-xz-15k.webp","webp","47000","unknown","not_recorded"
"images/products/panasonic-climapure-xz-18k.webp","products","panasonic-climapure-xz-18k.webp","webp","39782","unknown","not_recorded"
"images/products/panasonic-climapure-xz-24k.webp","products","panasonic-climapure-xz-24k.webp","webp","39782","unknown","not_recorded"
"images/products/panasonic-climapure-xz-9k.webp","products","panasonic-climapure-xz-9k.webp","webp","63372","unknown","not_recorded"
"images/products/panasonic-exterios-z-12k.webp","products","panasonic-exterios-z-12k.webp","webp","63262","unknown","not_recorded"
"images/products/panasonic-exterios-z-18k.webp","products","panasonic-exterios-z-18k.webp","webp","39542","unknown","not_recorded"
"images/products/panasonic-exterios-z-24k.webp","products","panasonic-exterios-z-24k.webp","webp","39542","unknown","not_recorded"
"images/products/panasonic-exterios-z-9k.webp","products","panasonic-exterios-z-9k.webp","webp","63262","unknown","not_recorded"
"images/seo/hero-centrale.jpg","seo","hero-centrale.jpg","jpg","895984","unknown","not_recorded"
"images/seo/hero-multizone.jpg","seo","hero-multizone.jpg","jpg","867984","unknown","not_recorded"
"images/seo/hero-murale.jpg","seo","hero-murale.jpg","jpg","845309","unknown","not_recorded"
"images/series/goodman-goodman-20-series.jpg","series","goodman-goodman-20-series.jpg","jpg","195676","unknown","not_recorded"
"images/series/goodman-goodman-glzs5b.jpg","series","goodman-goodman-glzs5b.jpg","jpg","88685","unknown","not_recorded"
"images/series/goodman-goodman-gszc7.jpg","series","goodman-goodman-gszc7.jpg","jpg","242764","unknown","not_recorded"
"images/series/goodman-goodman-gszh5.jpg","series","goodman-goodman-gszh5.jpg","jpg","3213655","unknown","not_recorded"
"images/series/goodman-goodman-gszv9.jpg","series","goodman-goodman-gszv9.jpg","jpg","41847","unknown","not_recorded"
"images/series/goodman-goodman-gzv6sa.jpg","series","goodman-goodman-gzv6sa.jpg","jpg","100573","unknown","not_recorded"
"images/series/goodman-goodman-gzv6sam.jpg","series","goodman-goodman-gzv6sam.jpg","jpg","273223","unknown","not_recorded"
"images/series/goodman-goodman-gzv7sa.jpg","series","goodman-goodman-gzv7sa.jpg","jpg","154024","unknown","not_recorded"
"images/series/goodman-goodman-gzv9sa.jpg","series","goodman-goodman-gzv9sa.jpg","jpg","92188","unknown","not_recorded"
"images/series/goodman-goodman-mst-series.jpg","series","goodman-goodman-mst-series.jpg","jpg","615034","unknown","not_recorded"
"images/series/grandaire-grandaire-15-seer2-hp.jpg","series","grandaire-grandaire-15-seer2-hp.jpg","jpg","106335","unknown","not_recorded"
"images/series/grandaire-grandaire-2-stage-17-seer-hp.jpg","series","grandaire-grandaire-2-stage-17-seer-hp.jpg","jpg","16384","unknown","not_recorded"
"images/series/grandaire-grandaire-2-stage-18-seer-hp.jpg","series","grandaire-grandaire-2-stage-18-seer-hp.jpg","jpg","103715","unknown","not_recorded"
"images/series/grandaire-grandaire-d5c-series.jpg","series","grandaire-grandaire-d5c-series.jpg","jpg","91426","unknown","not_recorded"
"images/series/grandaire-grandaire-d5f-series.jpg","series","grandaire-grandaire-d5f-series.jpg","jpg","329815","unknown","not_recorded"
"images/series/grandaire-grandaire-w5h-series.jpg","series","grandaire-grandaire-w5h-series.jpg","jpg","121397","unknown","not_recorded"
"images/series/grandaire-grandaire-wdlseries.jpg","series","grandaire-grandaire-wdlseries.jpg","jpg","138606","unknown","not_recorded"
"images/series/gree-gree-17-seer-dc-inverter-rooftop-unit.jpg","series","gree-gree-17-seer-dc-inverter-rooftop-unit.jpg","jpg","500292","unknown","not_recorded"
"images/series/gree-gree-25-seer2-115v-mini-splits.jpg","series","gree-gree-25-seer2-115v-mini-splits.jpg","jpg","181860","unknown","not_recorded"
"images/series/gree-gree-360air-discharge-cassette-unit.jpg","series","gree-gree-360air-discharge-cassette-unit.jpg","jpg","59425","unknown","not_recorded"
"images/series/gree-gree-38-seer-heat-pump.jpg","series","gree-gree-38-seer-heat-pump.jpg","jpg","234741","unknown","not_recorded"
"images/series/gree-gree-airy.jpg","series","gree-gree-airy.jpg","jpg","21626","unknown","not_recorded"
"images/series/gree-gree-all-match.jpg","series","gree-gree-all-match.jpg","jpg","22494","unknown","not_recorded"
"images/series/gree-gree-amber.jpg","series","gree-gree-amber.jpg","jpg","459390","unknown","not_recorded"
"images/series/gree-gree-bora.jpg","series","gree-gree-bora.jpg","jpg","94997","unknown","not_recorded"
"images/series/gree-gree-charmo.jpg","series","gree-gree-charmo.jpg","jpg","33019","unknown","not_recorded"
"images/series/gree-gree-clivia.jpg","series","gree-gree-clivia.jpg","jpg","116312","unknown","not_recorded"
"images/series/gree-gree-console.jpg","series","gree-gree-console.jpg","jpg","88902","unknown","not_recorded"
"images/series/gree-gree-cosmo.jpg","series","gree-gree-cosmo.jpg","jpg","136051","unknown","not_recorded"
"images/series/gree-gree-ducted.jpg","series","gree-gree-ducted.jpg","jpg","162935","unknown","not_recorded"
"images/series/gree-gree-e-series.jpg","series","gree-gree-e-series.jpg","jpg","85680","unknown","not_recorded"
"images/series/gree-gree-f-series.jpg","series","gree-gree-f-series.jpg","jpg","84100","unknown","not_recorded"
"images/series/gree-gree-fairy.jpg","series","gree-gree-fairy.jpg","jpg","66078","unknown","not_recorded"
"images/series/gree-gree-flexx-eco-series.jpg","series","gree-gree-flexx-eco-series.jpg","jpg","186198","unknown","not_recorded"
"images/series/gree-gree-flexx.jpg","series","gree-gree-flexx.jpg","jpg","31301","unknown","not_recorded"
"images/series/gree-gree-floor-ceiling.jpg","series","gree-gree-floor-ceiling.jpg","jpg","963112","unknown","not_recorded"
"images/series/gree-gree-free-match-m-series.jpg","series","gree-gree-free-match-m-series.jpg","jpg","161052","unknown","not_recorded"
"images/series/gree-gree-g-series.jpg","series","gree-gree-g-series.jpg","jpg","568039","unknown","not_recorded"
"images/series/gree-gree-glovia.jpg","series","gree-gree-glovia.jpg","jpg","653640","unknown","not_recorded"
"images/series/gree-gree-j-series.jpg","series","gree-gree-j-series.jpg","jpg","77264","unknown","not_recorded"
"images/series/gree-gree-l-series.jpg","series","gree-gree-l-series.jpg","jpg","215528","unknown","not_recorded"
"images/series/gree-gree-lomo.jpg","series","gree-gree-lomo.jpg","jpg","564181","unknown","not_recorded"
"images/series/gree-gree-m-series.jpg","series","gree-gree-m-series.jpg","jpg","183509","unknown","not_recorded"
"images/series/gree-gree-multi-gen2-eo.jpg","series","gree-gree-multi-gen2-eo.jpg","jpg","246550","unknown","not_recorded"
"images/series/gree-gree-multi-r32-ao.jpg","series","gree-gree-multi-r32-ao.jpg","jpg","622503","unknown","not_recorded"
"images/series/gree-gree-multi-ultra-do.jpg","series","gree-gree-multi-ultra-do.jpg","jpg","123686","unknown","not_recorded"
"images/series/gree-gree-multi-zone-outdoor.jpg","series","gree-gree-multi-zone-outdoor.jpg","jpg","567551","unknown","not_recorded"
"images/series/gree-gree-muse.jpg","series","gree-gree-muse.jpg","jpg","961","unknown","not_recorded"
"images/series/gree-gree-one-way-air-discharge-cassette-unit.jpg","series","gree-gree-one-way-air-discharge-cassette-unit.jpg","jpg","388","unknown","not_recorded"
"images/series/gree-gree-pular.jpg","series","gree-gree-pular.jpg","jpg","110483","unknown","not_recorded"
"images/series/gree-gree-sapphire.jpg","series","gree-gree-sapphire.jpg","jpg","39175","unknown","not_recorded"
"images/series/gree-gree-shimo.jpg","series","gree-gree-shimo.jpg","jpg","16176","unknown","not_recorded"
"images/series/gree-gree-ultra-heat-flexx-condenser.jpg","series","gree-gree-ultra-heat-flexx-condenser.jpg","jpg","119751","unknown","not_recorded"
"images/series/gree-gree-ultra-heat-gmv6-mini.jpg","series","gree-gree-ultra-heat-gmv6-mini.jpg","jpg","23961","unknown","not_recorded"
"images/series/gree-gree-vireo-gen1.jpg","series","gree-gree-vireo-gen1.jpg","jpg","74333","unknown","not_recorded"
"images/series/gree-gree-vireo-gen2.jpg","series","gree-gree-vireo-gen2.jpg","jpg","47368","unknown","not_recorded"
"images/series/gree-gree-vireo-gen3.jpg","series","gree-gree-vireo-gen3.jpg","jpg","124633","unknown","not_recorded"
"images/series/gridless-gridless-gridless-central.jpg","series","gridless-gridless-gridless-central.jpg","jpg","1530698","unknown","not_recorded"
"images/series/gridless-gridless-gridless-hd.jpg","series","gridless-gridless-gridless-hd.jpg","jpg","69546","unknown","not_recorded"
"images/series/gridless-gridless-gridless-multi-zone.jpg","series","gridless-gridless-gridless-multi-zone.jpg","jpg","885692","unknown","not_recorded"
"images/series/gridless-gridless-hyper-heat-single-zone.jpg","series","gridless-gridless-hyper-heat-single-zone.jpg","jpg","230552","unknown","not_recorded"
"images/series/guardian-guardian-eco.jpg","series","guardian-guardian-eco.jpg","jpg","62706","unknown","not_recorded"
"images/series/guardian-guardian-lx-series.jpg","series","guardian-guardian-lx-series.jpg","jpg","573731","unknown","not_recorded"
"images/series/guardian-guardian-m-series.jpg","series","guardian-guardian-m-series.jpg","jpg","397206","unknown","not_recorded"
"images/series/guardian-guardian-umulti.jpg","series","guardian-guardian-umulti.jpg","jpg","1100182","unknown","not_recorded"
"images/series/guardian-guardian-upac.jpg","series","guardian-guardian-upac.jpg","jpg","152882","unknown","not_recorded"
"images/series/guardian-guardian-urac.jpg","series","guardian-guardian-urac.jpg","jpg","27943","unknown","not_recorded"
"images/series/haier-haier-1u24tl2hf.jpg","series","haier-haier-1u24tl2hf.jpg","jpg","38401","unknown","not_recorded"
"images/series/haier-haier-1u3036tl2hf.jpg","series","haier-haier-1u3036tl2hf.jpg","jpg","68071","unknown","not_recorded"
"images/series/haier-haier-2u18ms2hd.jpg","series","haier-haier-2u18ms2hd.jpg","jpg","26821","unknown","not_recorded"
"images/series/haier-haier-3u24ms2hd.jpg","series","haier-haier-3u24ms2hd.jpg","jpg","1907990","unknown","not_recorded"
"images/series/haier-haier-advanced-plus.jpg","series","haier-haier-advanced-plus.jpg","jpg","97168","unknown","not_recorded"
"images/series/haier-haier-arctic-multi.jpg","series","haier-haier-arctic-multi.jpg","jpg","2089374","unknown","not_recorded"
"images/series/haier-haier-arctic-single.jpg","series","haier-haier-arctic-single.jpg","jpg","254627","unknown","not_recorded"
"images/series/haier-haier-arctic.jpg","series","haier-haier-arctic.jpg","jpg","81708","unknown","not_recorded"
"images/series/haier-haier-connect-2026.jpg","series","haier-haier-connect-2026.jpg","jpg","11054","unknown","not_recorded"
"images/series/haier-haier-flexfit-multi.jpg","series","haier-haier-flexfit-multi.jpg","jpg","221372","unknown","not_recorded"
"images/series/haier-haier-flexfit-single.jpg","series","haier-haier-flexfit-single.jpg","jpg","1051083","unknown","not_recorded"
"images/series/haier-haier-tempo-115v.jpg","series","haier-haier-tempo-115v.jpg","jpg","266070","unknown","not_recorded"
"images/series/haier-haier-tempo-230v.jpg","series","haier-haier-tempo-230v.jpg","jpg","21483","unknown","not_recorded"
"images/series/haxxair-haxxair-hi-multi-xtreme.jpg","series","haxxair-haxxair-hi-multi-xtreme.jpg","jpg","39246","unknown","not_recorded"
"images/series/haxxair-haxxair-hi-ultra-hd.jpg","series","haxxair-haxxair-hi-ultra-hd.jpg","jpg","540978","unknown","not_recorded"
"images/series/haxxair-haxxair-hi-uni.jpg","series","haxxair-haxxair-hi-uni.jpg","jpg","725085","unknown","not_recorded"
"images/series/haxxair-haxxair-ultra-coil.jpg","series","haxxair-haxxair-ultra-coil.jpg","jpg","230051","unknown","not_recorded"
"images/series/haxxair-haxxair-ultra.jpg","series","haxxair-haxxair-ultra.jpg","jpg","19994","unknown","not_recorded"
"images/series/heil-heil-2-stage-18-seer-hp.jpg","series","heil-heil-2-stage-18-seer-hp.jpg","jpg","161226","unknown","not_recorded"
"images/series/heil-heil-38m-series.jpg","series","heil-heil-38m-series.jpg","jpg","5440536","unknown","not_recorded"
"images/series/heil-heil-crossover-heat-pump.jpg","series","heil-heil-crossover-heat-pump.jpg","jpg","662073","unknown","not_recorded"
"images/series/heil-heil-d5c-series.jpg","series","heil-heil-d5c-series.jpg","jpg","475970","unknown","not_recorded"
"images/series/heil-heil-d5f-series.jpg","series","heil-heil-d5f-series.jpg","jpg","390605","unknown","not_recorded"
"images/series/heil-heil-dlc-series.jpg","series","heil-heil-dlc-series.jpg","jpg","259855","unknown","not_recorded"
"images/series/heil-heil-dlcp-series.jpg","series","heil-heil-dlcp-series.jpg","jpg","386","unknown","not_recorded"
"images/series/heil-heil-dlcs-series.jpg","series","heil-heil-dlcs-series.jpg","jpg","2502730","unknown","not_recorded"
"images/series/heil-heil-dlseries.jpg","series","heil-heil-dlseries.jpg","jpg","122951","unknown","not_recorded"
"images/series/heil-heil-mainline-18-seer2-hp.jpg","series","heil-heil-mainline-18-seer2-hp.jpg","jpg","643044","unknown","not_recorded"
"images/series/heil-heil-performance-19-seer2-vs-hp.jpg","series","heil-heil-performance-19-seer2-vs-hp.jpg","jpg","78041","unknown","not_recorded"
"images/series/heil-heil-quietcomfort-19-seer2-vs-hp.jpg","series","heil-heil-quietcomfort-19-seer2-vs-hp.jpg","jpg","150020","unknown","not_recorded"
"images/series/heil-heil-quietcomfort-deluxe-18-vs-hp-2-stage.jpg","series","heil-heil-quietcomfort-deluxe-18-vs-hp-2-stage.jpg","jpg","201604","unknown","not_recorded"
"images/series/heil-heil-quietcomfort-deluxe-20-vs-hp.jpg","series","heil-heil-quietcomfort-deluxe-20-vs-hp.jpg","jpg","294425","unknown","not_recorded"
"images/series/heil-heil-quietcomfort-deluxe-23-vs-hp.jpg","series","heil-heil-quietcomfort-deluxe-23-vs-hp.jpg","jpg","220351","unknown","not_recorded"
"images/series/hema-hema-t-pro.jpg","series","hema-hema-t-pro.jpg","jpg","810824","unknown","not_recorded"
"images/series/hessaire-hessaire-energy-star.jpg","series","hessaire-hessaire-energy-star.jpg","jpg","1026163","unknown","not_recorded"
"images/series/hessaire-hessaire-es.jpg","series","hessaire-hessaire-es.jpg","jpg","329358","unknown","not_recorded"
"images/series/hessaire-hessaire-h-series.jpg","series","hessaire-hessaire-h-series.jpg","jpg","64356","unknown","not_recorded"
"images/series/hessaire-hessaire-multi-split.jpg","series","hessaire-hessaire-multi-split.jpg","jpg","178739","unknown","not_recorded"
"images/series/hessaire-hessaire-ultra.jpg","series","hessaire-hessaire-ultra.jpg","jpg","376079","unknown","not_recorded"
"images/series/hisense-hisense-hi-edge.jpg","series","hisense-hisense-hi-edge.jpg","jpg","48256","unknown","not_recorded"
"images/series/hisense-hisense-hi-multi-xtreme.jpg","series","hisense-hisense-hi-multi-xtreme.jpg","jpg","102171","unknown","not_recorded"
"images/series/hisense-hisense-hi-pak.jpg","series","hisense-hisense-hi-pak.jpg","jpg","74186","unknown","not_recorded"
"images/series/hisense-hisense-hi-pro-hd-coil.jpg","series","hisense-hisense-hi-pro-hd-coil.jpg","jpg","148315","unknown","not_recorded"
"images/series/hisense-hisense-hi-pro-hd.jpg","series","hisense-hisense-hi-pro-hd.jpg","jpg","213275","unknown","not_recorded"
"images/series/hisense-hisense-hi-pro.jpg","series","hisense-hisense-hi-pro.jpg","jpg","121576","unknown","not_recorded"
"images/series/hisense-hisense-hi-ultra-hd-coil.jpg","series","hisense-hisense-hi-ultra-hd-coil.jpg","jpg","404933","unknown","not_recorded"
"images/series/hisense-hisense-hi-ultra-hd.jpg","series","hisense-hisense-hi-ultra-hd.jpg","jpg","47219","unknown","not_recorded"
"images/series/hisense-hisense-hi-ultra.jpg","series","hisense-hisense-hi-ultra.jpg","jpg","2099104","unknown","not_recorded"
"images/series/hisense-hisense-hi-uni-coil.jpg","series","hisense-hisense-hi-uni-coil.jpg","jpg","69284","unknown","not_recorded"
"images/series/hisense-hisense-hi-uni.jpg","series","hisense-hisense-hi-uni.jpg","jpg","246088","unknown","not_recorded"
"images/series/hisense-hisense-hiultra.jpg","series","hisense-hisense-hiultra.jpg","jpg","21772","unknown","not_recorded"
"images/series/hisense-hisense-smartsense.jpg","series","hisense-hisense-smartsense.jpg","jpg","259628","unknown","not_recorded"
"images/series/hisense-hisense-usim.jpg","series","hisense-hisense-usim.jpg","jpg","3118073","unknown","not_recorded"
"images/series/hitachi-hitachi-aircore700-lac.jpg","series","hitachi-hitachi-aircore700-lac.jpg","jpg","103666","unknown","not_recorded"
"images/series/hitachi-hitachi-aircore700.jpg","series","hitachi-hitachi-aircore700.jpg","jpg","265715","unknown","not_recorded"
"images/series/hitachi-hitachi-hi-uni.jpg","series","hitachi-hitachi-hi-uni.jpg","jpg","69000","unknown","not_recorded"
"images/series/homcom-homcom-m-series.jpg","series","homcom-homcom-m-series.jpg","jpg","140143","unknown","not_recorded"
"images/series/hotpoint-hotpoint-hotpoint.jpg","series","hotpoint-hotpoint-hotpoint.jpg","jpg","115262","unknown","not_recorded"
"images/series/house-kobo-house-kobo-charmo.jpg","series","house-kobo-house-kobo-charmo.jpg","jpg","159647","unknown","not_recorded"
"images/series/icp-commercial-icp-commercial-37vmb036hds3-1.jpg","series","icp-commercial-icp-commercial-37vmb036hds3-1.jpg","jpg","191392","unknown","not_recorded"
"images/series/icp-commercial-icp-commercial-37vmb060hds3-1.jpg","series","icp-commercial-icp-commercial-37vmb060hds3-1.jpg","jpg","270981","unknown","not_recorded"
"images/series/icp-commercial-icp-commercial-38vmb036hds3-1.jpg","series","icp-commercial-icp-commercial-38vmb036hds3-1.jpg","jpg","217439","unknown","not_recorded"
"images/series/icp-commercial-icp-commercial-quiet-comfort-hp.jpg","series","icp-commercial-icp-commercial-quiet-comfort-hp.jpg","jpg","386","unknown","not_recorded"
"images/series/iffalcon-iffalcon-breezein-r32-23s.jpg","series","iffalcon-iffalcon-breezein-r32-23s.jpg","jpg","20813","unknown","not_recorded"
"images/series/iffalcon-iffalcon-free-matcht-24s-r32.jpg","series","iffalcon-iffalcon-free-matcht-24s-r32.jpg","jpg","82894","unknown","not_recorded"
"images/series/infinityliving-infinityliving-es-series.jpg","series","infinityliving-infinityliving-es-series.jpg","jpg","41035","unknown","not_recorded"
"images/series/infinityliving-infinityliving-ez-series.jpg","series","infinityliving-infinityliving-ez-series.jpg","jpg","130010","unknown","not_recorded"
"images/series/innova-innova-aio-d-series.jpg","series","innova-innova-aio-d-series.jpg","jpg","189787","unknown","not_recorded"
"images/series/innova-innova-aio-f-series.jpg","series","innova-innova-aio-f-series.jpg","jpg","189872","unknown","not_recorded"
"images/series/innova-innova-aio-p-series.jpg","series","innova-innova-aio-p-series.jpg","jpg","78427","unknown","not_recorded"
"images/series/innova-innova-aio-s-series.jpg","series","innova-innova-aio-s-series.jpg","jpg","59874","unknown","not_recorded"
"images/series/innova-innova-aio-v-series.jpg","series","innova-innova-aio-v-series.jpg","jpg","26772","unknown","not_recorded"
"images/series/innova-innova-aio-w-series.jpg","series","innova-innova-aio-w-series.jpg","jpg","162428","unknown","not_recorded"
"images/series/innova-innova-aio-x-series.jpg","series","innova-innova-aio-x-series.jpg","jpg","94604","unknown","not_recorded"
"images/series/innova-srl-innova-srl-20-series.jpg","series","innova-srl-innova-srl-20-series.jpg","jpg","325214","unknown","not_recorded"
"images/series/innova-srl-innova-srl-aio-p-series.jpg","series","innova-srl-innova-srl-aio-p-series.jpg","jpg","263095","unknown","not_recorded"
"images/series/innovair-innovair-corus.jpg","series","innovair-innovair-corus.jpg","jpg","371773","unknown","not_recorded"
"images/series/innovair-innovair-corvus.jpg","series","innovair-innovair-corvus.jpg","jpg","1948550","unknown","not_recorded"
"images/series/innovair-innovair-dev-series.jpg","series","innovair-innovair-dev-series.jpg","jpg","223571","unknown","not_recorded"
"images/series/innovair-innovair-innovair-elite.jpg","series","innovair-innovair-innovair-elite.jpg","jpg","1610710","unknown","not_recorded"
"images/series/innovair-innovair-mdh-series.jpg","series","innovair-innovair-mdh-series.jpg","jpg","446192","unknown","not_recorded"
"images/series/innovair-innovair-mdl-series.jpg","series","innovair-innovair-mdl-series.jpg","jpg","18666","unknown","not_recorded"
"images/series/innovair-innovair-mhd-series.jpg","series","innovair-innovair-mhd-series.jpg","jpg","167469","unknown","not_recorded"
"images/series/innovair-innovair-mhw-series.jpg","series","innovair-innovair-mhw-series.jpg","jpg","490189","unknown","not_recorded"
"images/series/innovair-innovair-mo-series.jpg","series","innovair-innovair-mo-series.jpg","jpg","809827","unknown","not_recorded"
"images/series/innovair-innovair-mos-series.jpg","series","innovair-innovair-mos-series.jpg","jpg","341118","unknown","not_recorded"
"images/series/innovair-innovair-multi-hyper.jpg","series","innovair-innovair-multi-hyper.jpg","jpg","20696","unknown","not_recorded"
"images/series/innovair-innovair-q32.jpg","series","innovair-innovair-q32.jpg","jpg","1887631","unknown","not_recorded"
"images/series/innovair-innovair-q4-multi.jpg","series","innovair-innovair-q4-multi.jpg","jpg","32455","unknown","not_recorded"
"images/series/innovair-innovair-q4.jpg","series","innovair-innovair-q4.jpg","jpg","33082","unknown","not_recorded"
"images/series/innovair-innovair-quantum-hyper-heat.jpg","series","innovair-innovair-quantum-hyper-heat.jpg","jpg","160060","unknown","not_recorded"
"images/series/innovair-innovair-sav-series.jpg","series","innovair-innovair-sav-series.jpg","jpg","146418","unknown","not_recorded"
"images/series/innovair-innovair-sev-series.jpg","series","innovair-innovair-sev-series.jpg","jpg","74930","unknown","not_recorded"
"images/series/innovair-innovair-sh-series.jpg","series","innovair-innovair-sh-series.jpg","jpg","477104","unknown","not_recorded"
"images/series/innovair-innovair-shv-series-sov-series.jpg","series","innovair-innovair-shv-series-sov-series.jpg","jpg","162415","unknown","not_recorded"
"images/series/innovair-innovair-shv-series.jpg","series","innovair-innovair-shv-series.jpg","jpg","192530","unknown","not_recorded"
"images/series/innovair-innovair-sov-series.jpg","series","innovair-innovair-sov-series.jpg","jpg","162622","unknown","not_recorded"
"images/series/innovair-innovair-swv-series.jpg","series","innovair-innovair-swv-series.jpg","jpg","289923","unknown","not_recorded"
"images/series/innovair-innovair-titan.jpg","series","innovair-innovair-titan.jpg","jpg","24446","unknown","not_recorded"
"images/series/innovair-innovair-vin-series.jpg","series","innovair-innovair-vin-series.jpg","jpg","97071","unknown","not_recorded"
"images/series/intertherm-intertherm-19-205-seer2-minisplits.jpg","series","intertherm-intertherm-19-205-seer2-minisplits.jpg","jpg","409673","unknown","not_recorded"
"images/series/intertherm-intertherm-24-26-seer2-minisplits.jpg","series","intertherm-intertherm-24-26-seer2-minisplits.jpg","jpg","16987","unknown","not_recorded"
"images/series/intertherm-intertherm-multizone-indoors-eight-way-compact-cassettes.jpg","series","intertherm-intertherm-multizone-indoors-eight-way-compact-cassettes.jpg","jpg","840377","unknown","not_recorded"
"images/series/intertherm-intertherm-multizone-outdoors.jpg","series","intertherm-intertherm-multizone-outdoors.jpg","jpg","243498","unknown","not_recorded"
"images/series/invertercool-invertercool-r32-heat-pump.jpg","series","invertercool-invertercool-r32-heat-pump.jpg","jpg","120771","unknown","not_recorded"
"images/series/j-ku-j-ku-hi-multi-xtreme.jpg","series","j-ku-j-ku-hi-multi-xtreme.jpg","jpg","1630599","unknown","not_recorded"
"images/series/johnson-controls-johnson-controls-hmh7.jpg","series","johnson-controls-johnson-controls-hmh7.jpg","jpg","488737","unknown","not_recorded"
"images/series/johnson-controls-johnson-controls-lx-series.jpg","series","johnson-controls-johnson-controls-lx-series.jpg","jpg","79408","unknown","not_recorded"
"images/series/johnson-controls-johnson-controls-momentum.jpg","series","johnson-controls-johnson-controls-momentum.jpg","jpg","165381","unknown","not_recorded"
"images/series/kaden-kaden-ko-series.jpg","series","kaden-kaden-ko-series.jpg","jpg","131034","unknown","not_recorded"
"images/series/kaden-kaden-kovh152.jpg","series","kaden-kaden-kovh152.jpg","jpg","241840","unknown","not_recorded"
"images/series/kanartic-kanartic-keos-series.jpg","series","kanartic-kanartic-keos-series.jpg","jpg","115508","unknown","not_recorded"
"images/series/kanionco-kanionco-k-series.jpg","series","kanionco-kanionco-k-series.jpg","jpg","323642","unknown","not_recorded"
"images/series/kanionco-kanionco-kd-series.jpg","series","kanionco-kanionco-kd-series.jpg","jpg","102030","unknown","not_recorded"
"images/series/kanionco-kanionco-kwsm-series.jpg","series","kanionco-kanionco-kwsm-series.jpg","jpg","11148","unknown","not_recorded"
"images/series/kanionco-kanionco-lcac-premium-series.jpg","series","kanionco-kanionco-lcac-premium-series.jpg","jpg","105873","unknown","not_recorded"
"images/series/kanionco-kanionco-premium-series.jpg","series","kanionco-kanionco-premium-series.jpg","jpg","37995","unknown","not_recorded"
"images/series/kanionco-kanionco-rex-series.jpg","series","kanionco-kanionco-rex-series.jpg","jpg","315353","unknown","not_recorded"
"images/series/karda-karda-3ka-series.jpg","series","karda-karda-3ka-series.jpg","jpg","75657","unknown","not_recorded"
"images/series/karda-karda-3pa-series.jpg","series","karda-karda-3pa-series.jpg","jpg","166842","unknown","not_recorded"
"images/series/karda-karda-karda.jpg","series","karda-karda-karda.jpg","jpg","106701","unknown","not_recorded"
"images/series/keen-home-keen-home-keen-series.jpg","series","keen-home-keen-home-keen-series.jpg","jpg","80015","unknown","not_recorded"
"images/series/keeprite-keeprite-38m-series.jpg","series","keeprite-keeprite-38m-series.jpg","jpg","189451","unknown","not_recorded"
"images/series/keeprite-keeprite-d5c-series.jpg","series","keeprite-keeprite-d5c-series.jpg","jpg","209530","unknown","not_recorded"
"images/series/keeprite-keeprite-d5f-series.jpg","series","keeprite-keeprite-d5f-series.jpg","jpg","761335","unknown","not_recorded"
"images/series/keeprite-keeprite-dlc-series.jpg","series","keeprite-keeprite-dlc-series.jpg","jpg","196282","unknown","not_recorded"
"images/series/keeprite-keeprite-dlcp-series.jpg","series","keeprite-keeprite-dlcp-series.jpg","jpg","246524","unknown","not_recorded"
"images/series/keeprite-keeprite-dlcs-series.jpg","series","keeprite-keeprite-dlcs-series.jpg","jpg","5781","unknown","not_recorded"
"images/series/keeprite-keeprite-mainline-18-seer2-hp.jpg","series","keeprite-keeprite-mainline-18-seer2-hp.jpg","jpg","185710","unknown","not_recorded"
"images/series/keeprite-keeprite-performance-19-seer2-vs-hp.jpg","series","keeprite-keeprite-performance-19-seer2-vs-hp.jpg","jpg","21209","unknown","not_recorded"
"images/series/keeprite-keeprite-procomfort-20-vs-hp.jpg","series","keeprite-keeprite-procomfort-20-vs-hp.jpg","jpg","175925","unknown","not_recorded"
"images/series/keeprite-keeprite-procomfort-23-vs-hp.jpg","series","keeprite-keeprite-procomfort-23-vs-hp.jpg","jpg","1009758","unknown","not_recorded"
"images/series/keeprite-keeprite-quietcomfort-19-seer2-vs-hp.jpg","series","keeprite-keeprite-quietcomfort-19-seer2-vs-hp.jpg","jpg","1851826","unknown","not_recorded"
"images/series/kenmore-kenmore-d5c-series.jpg","series","kenmore-kenmore-d5c-series.jpg","jpg","65536","unknown","not_recorded"
"images/series/kenmore-kenmore-d5f-series.jpg","series","kenmore-kenmore-d5f-series.jpg","jpg","97396","unknown","not_recorded"
"images/series/kenmore-kenmore-deluxe-20-vs-heat-pump.jpg","series","kenmore-kenmore-deluxe-20-vs-heat-pump.jpg","jpg","213210","unknown","not_recorded"
"images/series/kenmore-kenmore-deluxe-23-vs-heat-pump.jpg","series","kenmore-kenmore-deluxe-23-vs-heat-pump.jpg","jpg","595352","unknown","not_recorded"
"images/series/kenmore-kenmore-dlcp-series.jpg","series","kenmore-kenmore-dlcp-series.jpg","jpg","468440","unknown","not_recorded"
"images/series/kenmore-kenmore-lx-series.jpg","series","kenmore-kenmore-lx-series.jpg","jpg","501284","unknown","not_recorded"
"images/series/kepler-kepler-idu-series.jpg","series","kepler-kepler-idu-series.jpg","jpg","54722","unknown","not_recorded"
"images/series/kepler-kepler-odu-series.jpg","series","kepler-kepler-odu-series.jpg","jpg","9142","unknown","not_recorded"
"images/series/kerr-kapstone-kerr-kapstone-a-kzp-series.jpg","series","kerr-kapstone-kerr-kapstone-a-kzp-series.jpg","jpg","68828","unknown","not_recorded"
"images/series/kerr-kerr-a-khp-series.jpg","series","kerr-kerr-a-khp-series.jpg","jpg","3117","unknown","not_recorded"
"images/series/kerr-kerr-a-kmh-series.jpg","series","kerr-kerr-a-kmh-series.jpg","jpg","58340","unknown","not_recorded"
"images/series/kerr-kerr-a-ksp-series.jpg","series","kerr-kerr-a-ksp-series.jpg","jpg","28396","unknown","not_recorded"
"images/series/kerr-kerr-a-kzp-series.jpg","series","kerr-kerr-a-kzp-series.jpg","jpg","27912","unknown","not_recorded"
"images/series/kerr-kerr-a-series.jpg","series","kerr-kerr-a-series.jpg","jpg","13590","unknown","not_recorded"
"images/series/kerr-kerr-a-zkp-series.jpg","series","kerr-kerr-a-zkp-series.jpg","jpg","107839","unknown","not_recorded"
"images/series/kerr-kerr-kxp-series.jpg","series","kerr-kerr-kxp-series.jpg","jpg","50972","unknown","not_recorded"
"images/series/kinghome-kinghome-17-seer-dc-inverter-rooftop-unit.jpg","series","kinghome-kinghome-17-seer-dc-inverter-rooftop-unit.jpg","jpg","231424","unknown","not_recorded"
"images/series/kinghome-kinghome-360-air-discharge-cassette-unit.jpg","series","kinghome-kinghome-360-air-discharge-cassette-unit.jpg","jpg","492571","unknown","not_recorded"
"images/series/kinghome-kinghome-360air-discharge-cassette-unit.jpg","series","kinghome-kinghome-360air-discharge-cassette-unit.jpg","jpg","138762","unknown","not_recorded"
"images/series/kinghome-kinghome-airy.jpg","series","kinghome-kinghome-airy.jpg","jpg","37676","unknown","not_recorded"
"images/series/kinghome-kinghome-all-match.jpg","series","kinghome-kinghome-all-match.jpg","jpg","107235","unknown","not_recorded"
"images/series/kinghome-kinghome-cee-ultranixx.jpg","series","kinghome-kinghome-cee-ultranixx.jpg","jpg","1558476","unknown","not_recorded"
"images/series/kinghome-kinghome-charmo.jpg","series","kinghome-kinghome-charmo.jpg","jpg","56565","unknown","not_recorded"
"images/series/kinghome-kinghome-clivia.jpg","series","kinghome-kinghome-clivia.jpg","jpg","7226","unknown","not_recorded"
"images/series/kinghome-kinghome-console.jpg","series","kinghome-kinghome-console.jpg","jpg","447824","unknown","not_recorded"
"images/series/kinghome-kinghome-cosmo.jpg","series","kinghome-kinghome-cosmo.jpg","jpg","48676","unknown","not_recorded"
"images/series/kinghome-kinghome-dc-inverter-rooftop-unit.jpg","series","kinghome-kinghome-dc-inverter-rooftop-unit.jpg","jpg","86125","unknown","not_recorded"
"images/series/kinghome-kinghome-ducted.jpg","series","kinghome-kinghome-ducted.jpg","jpg","181285","unknown","not_recorded"
"images/series/kinghome-kinghome-e-series.jpg","series","kinghome-kinghome-e-series.jpg","jpg","213253","unknown","not_recorded"
"images/series/kinghome-kinghome-floor-ceiling.jpg","series","kinghome-kinghome-floor-ceiling.jpg","jpg","433015","unknown","not_recorded"
"images/series/kinghome-kinghome-free-match-m-series.jpg","series","kinghome-kinghome-free-match-m-series.jpg","jpg","429035","unknown","not_recorded"
"images/series/kinghome-kinghome-g-series.jpg","series","kinghome-kinghome-g-series.jpg","jpg","246517","unknown","not_recorded"
"images/series/kinghome-kinghome-glovia.jpg","series","kinghome-kinghome-glovia.jpg","jpg","1131773","unknown","not_recorded"
"images/series/kinghome-kinghome-j-series.jpg","series","kinghome-kinghome-j-series.jpg","jpg","81018","unknown","not_recorded"
"images/series/kinghome-kinghome-jasmine.jpg","series","kinghome-kinghome-jasmine.jpg","jpg","500060","unknown","not_recorded"
"images/series/kinghome-kinghome-m-series.jpg","series","kinghome-kinghome-m-series.jpg","jpg","182899","unknown","not_recorded"
"images/series/kinghome-kinghome-one-way-air-discharge-cassette-unit.jpg","series","kinghome-kinghome-one-way-air-discharge-cassette-unit.jpg","jpg","753957","unknown","not_recorded"
"images/series/kinghome-kinghome-polaris.jpg","series","kinghome-kinghome-polaris.jpg","jpg","7704","unknown","not_recorded"
"images/series/kinghome-kinghome-sunflower.jpg","series","kinghome-kinghome-sunflower.jpg","jpg","69558","unknown","not_recorded"
"images/series/kinghome-kinghome-ultra-heat-gmv6-mini.jpg","series","kinghome-kinghome-ultra-heat-gmv6-mini.jpg","jpg","143856","unknown","not_recorded"
"images/series/kinghome-kinghome-ultranixx.jpg","series","kinghome-kinghome-ultranixx.jpg","jpg","230693","unknown","not_recorded"
"images/series/kwiik-kwiik-hiultra.jpg","series","kwiik-kwiik-hiultra.jpg","jpg","1052489","unknown","not_recorded"
"images/series/lbg-products-lbg-products-lbh-series.jpg","series","lbg-products-lbg-products-lbh-series.jpg","jpg","110704","unknown","not_recorded"
"images/series/lbg-products-lbg-products-lchb-series.jpg","series","lbg-products-lbg-products-lchb-series.jpg","jpg","685948","unknown","not_recorded"
"images/series/lbg-products-lbg-products-lmhb18do.jpg","series","lbg-products-lbg-products-lmhb18do.jpg","jpg","258611","unknown","not_recorded"
"images/series/lbg-products-lbg-products-luh-series.jpg","series","lbg-products-lbg-products-luh-series.jpg","jpg","220159","unknown","not_recorded"
"images/series/lennox-lennox-1-way-cassette-windfree-premium-cac.jpg","series","lennox-lennox-1-way-cassette-windfree-premium-cac.jpg","jpg","246787","unknown","not_recorded"
"images/series/lennox-lennox-3wpd-mini-split.jpg","series","lennox-lennox-3wpd-mini-split.jpg","jpg","49520","unknown","not_recorded"
"images/series/lennox-lennox-4-way-cassette-windfree-dlx.jpg","series","lennox-lennox-4-way-cassette-windfree-dlx.jpg","jpg","12094","unknown","not_recorded"
"images/series/lennox-lennox-4-way-cassette-windfree-maxheat.jpg","series","lennox-lennox-4-way-cassette-windfree-maxheat.jpg","jpg","116878","unknown","not_recorded"
"images/series/lennox-lennox-console-premium-cac.jpg","series","lennox-lennox-console-premium-cac.jpg","jpg","132561","unknown","not_recorded"
"images/series/lennox-lennox-dave-lennox-signature-dlsc-sl22klv-series.jpg","series","lennox-lennox-dave-lennox-signature-dlsc-sl22klv-series.jpg","jpg","30785","unknown","not_recorded"
"images/series/lennox-lennox-dave-lennox-signature-sl22klv-series.jpg","series","lennox-lennox-dave-lennox-signature-sl22klv-series.jpg","jpg","167029","unknown","not_recorded"
"images/series/lennox-lennox-dave-lennox-signature-sl25xpv-series.jpg","series","lennox-lennox-dave-lennox-signature-sl25xpv-series.jpg","jpg","80775","unknown","not_recorded"
"images/series/lennox-lennox-duct-s-hsp-premium-cac.jpg","series","lennox-lennox-duct-s-hsp-premium-cac.jpg","jpg","65971","unknown","not_recorded"
"images/series/lennox-lennox-dvm-s-mini-mini-vrf.jpg","series","lennox-lennox-dvm-s-mini-mini-vrf.jpg","jpg","142578","unknown","not_recorded"
"images/series/lennox-lennox-dvm-s-mini.jpg","series","lennox-lennox-dvm-s-mini.jpg","jpg","77606","unknown","not_recorded"
"images/series/lennox-lennox-el18kslv-series-elite-el18kslv-series.jpg","series","lennox-lennox-el18kslv-series-elite-el18kslv-series.jpg","jpg","40419","unknown","not_recorded"
"images/series/lennox-lennox-el18kslv-series.jpg","series","lennox-lennox-el18kslv-series.jpg","jpg","22536","unknown","not_recorded"
"images/series/lennox-lennox-elite-el17xp1-series-elite-el17xp1-series.jpg","series","lennox-lennox-elite-el17xp1-series-elite-el17xp1-series.jpg","jpg","83530","unknown","not_recorded"
"images/series/lennox-lennox-elite-el17xp1-series.jpg","series","lennox-lennox-elite-el17xp1-series.jpg","jpg","214636","unknown","not_recorded"
"images/series/lennox-lennox-elite-el18kslv-series.jpg","series","lennox-lennox-elite-el18kslv-series.jpg","jpg","120344","unknown","not_recorded"
"images/series/lennox-lennox-elite-el19kpv-series.jpg","series","lennox-lennox-elite-el19kpv-series.jpg","jpg","35815","unknown","not_recorded"
"images/series/lennox-lennox-elite-el21klv-series.jpg","series","lennox-lennox-elite-el21klv-series.jpg","jpg","273519","unknown","not_recorded"
"images/series/lennox-lennox-elite-el22xpv-series.jpg","series","lennox-lennox-elite-el22xpv-series.jpg","jpg","75539","unknown","not_recorded"
"images/series/lennox-lennox-high-wall-premium-cac.jpg","series","lennox-lennox-high-wall-premium-cac.jpg","jpg","119563","unknown","not_recorded"
"images/series/lennox-lennox-lennox-real.jpg","series","lennox-lennox-lennox-real.jpg","jpg","67944","unknown","not_recorded"
"images/series/lennox-lennox-li-series.jpg","series","lennox-lennox-li-series.jpg","jpg","147626","unknown","not_recorded"
"images/series/lennox-lennox-m-series.jpg","series","lennox-lennox-m-series.jpg","jpg","74433","unknown","not_recorded"
"images/series/lennox-lennox-merit-ml15kspv-series.jpg","series","lennox-lennox-merit-ml15kspv-series.jpg","jpg","223064","unknown","not_recorded"
"images/series/lennox-lennox-merit-ml16kp2-series.jpg","series","lennox-lennox-merit-ml16kp2-series.jpg","jpg","124955","unknown","not_recorded"
"images/series/lennox-lennox-merit-ml17xp1-series-merit-ml17xp1-series.jpg","series","lennox-lennox-merit-ml17xp1-series-merit-ml17xp1-series.jpg","jpg","259241","unknown","not_recorded"
"images/series/lennox-lennox-merit-ml17xp1-series.jpg","series","lennox-lennox-merit-ml17xp1-series.jpg","jpg","55136","unknown","not_recorded"
"images/series/lennox-lennox-mini-4-way-cassette-windfree-premium-cac.jpg","series","lennox-lennox-mini-4-way-cassette-windfree-premium-cac.jpg","jpg","74781","unknown","not_recorded"
"images/series/lennox-lennox-ml15kspv-series.jpg","series","lennox-lennox-ml15kspv-series.jpg","jpg","138210","unknown","not_recorded"
"images/series/lennox-lennox-mma-series.jpg","series","lennox-lennox-mma-series.jpg","jpg","163599","unknown","not_recorded"
"images/series/lennox-lennox-mmld-mini-split.jpg","series","lennox-lennox-mmld-mini-split.jpg","jpg","67822","unknown","not_recorded"
"images/series/lennox-lennox-mmld-multi-zone.jpg","series","lennox-lennox-mmld-multi-zone.jpg","jpg","49367","unknown","not_recorded"
"images/series/lennox-lennox-mmpd-mini-split.jpg","series","lennox-lennox-mmpd-mini-split.jpg","jpg","156674","unknown","not_recorded"
"images/series/lennox-lennox-mmpd-multi-zone.jpg","series","lennox-lennox-mmpd-multi-zone.jpg","jpg","1196241","unknown","not_recorded"
"images/series/lennox-lennox-multi-position-air-handler-premium-cac.jpg","series","lennox-lennox-multi-position-air-handler-premium-cac.jpg","jpg","152570","unknown","not_recorded"
"images/series/lennox-lennox-multi-position-air-handler-standard-cac.jpg","series","lennox-lennox-multi-position-air-handler-standard-cac.jpg","jpg","31415","unknown","not_recorded"
"images/series/lennox-lennox-mwhd-mini-split.jpg","series","lennox-lennox-mwhd-mini-split.jpg","jpg","113539","unknown","not_recorded"
"images/series/lennox-lennox-windfree-high-wall-premium-cac.jpg","series","lennox-lennox-windfree-high-wall-premium-cac.jpg","jpg","62538","unknown","not_recorded"
"images/series/lg-lg-arub060gss4.jpg","series","lg-lg-arub060gss4.jpg","jpg","22586","unknown","not_recorded"
"images/series/lg-lg-arum036gss5.jpg","series","lg-lg-arum036gss5.jpg","jpg","186968","unknown","not_recorded"
"images/series/lg-lg-arum048gss5.jpg","series","lg-lg-arum048gss5.jpg","jpg","58132","unknown","not_recorded"
"images/series/lg-lg-arun024gss4.jpg","series","lg-lg-arun024gss4.jpg","jpg","357158","unknown","not_recorded"
"images/series/lg-lg-arun060gss4.jpg","series","lg-lg-arun060gss4.jpg","jpg","170497","unknown","not_recorded"
"images/series/lg-lg-kumxa241a.jpg","series","lg-lg-kumxa241a.jpg","jpg","19084","unknown","not_recorded"
"images/series/lg-lg-kumxa301a.jpg","series","lg-lg-kumxa301a.jpg","jpg","575400","unknown","not_recorded"
"images/series/lg-lg-kumxa361a.jpg","series","lg-lg-kumxa361a.jpg","jpg","221077","unknown","not_recorded"
"images/series/lg-lg-kumxa421a.jpg","series","lg-lg-kumxa421a.jpg","jpg","446874","unknown","not_recorded"
"images/series/lg-lg-kumxa481a.jpg","series","lg-lg-kumxa481a.jpg","jpg","120999","unknown","not_recorded"
"images/series/lg-lg-kumxb181a.jpg","series","lg-lg-kumxb181a.jpg","jpg","131794","unknown","not_recorded"
"images/series/lg-lg-kumxb301a.jpg","series","lg-lg-kumxb301a.jpg","jpg","339346","unknown","not_recorded"
"images/series/lg-lg-kumxb361a.jpg","series","lg-lg-kumxb361a.jpg","jpg","85015","unknown","not_recorded"
"images/series/lg-lg-kumxb481a.jpg","series","lg-lg-kumxb481a.jpg","jpg","119673","unknown","not_recorded"
"images/series/lg-lg-kusab091a.jpg","series","lg-lg-kusab091a.jpg","jpg","109380","unknown","not_recorded"
"images/series/lg-lg-kusab121a.jpg","series","lg-lg-kusab121a.jpg","jpg","116243","unknown","not_recorded"
"images/series/lg-lg-kusab181a.jpg","series","lg-lg-kusab181a.jpg","jpg","201803","unknown","not_recorded"
"images/series/lg-lg-kusac091a.jpg","series","lg-lg-kusac091a.jpg","jpg","21626","unknown","not_recorded"
"images/series/lg-lg-kusac091b.jpg","series","lg-lg-kusac091b.jpg","jpg","1051794","unknown","not_recorded"
"images/series/lg-lg-kusac121a.jpg","series","lg-lg-kusac121a.jpg","jpg","637732","unknown","not_recorded"
"images/series/lg-lg-kusac121b.jpg","series","lg-lg-kusac121b.jpg","jpg","199515","unknown","not_recorded"
"images/series/lg-lg-kusac181a.jpg","series","lg-lg-kusac181a.jpg","jpg","151562","unknown","not_recorded"
"images/series/lg-lg-kusad091a.jpg","series","lg-lg-kusad091a.jpg","jpg","1003728","unknown","not_recorded"
"images/series/lg-lg-kusad091c.jpg","series","lg-lg-kusad091c.jpg","jpg","84614","unknown","not_recorded"
"images/series/lg-lg-kusad091d.jpg","series","lg-lg-kusad091d.jpg","jpg","198397","unknown","not_recorded"
"images/series/lg-lg-kusad121a.jpg","series","lg-lg-kusad121a.jpg","jpg","109156","unknown","not_recorded"
"images/series/lg-lg-kusad121b.jpg","series","lg-lg-kusad121b.jpg","jpg","201767","unknown","not_recorded"
"images/series/lg-lg-kusad121d.jpg","series","lg-lg-kusad121d.jpg","jpg","559342","unknown","not_recorded"
"images/series/lg-lg-kusad181a.jpg","series","lg-lg-kusad181a.jpg","jpg","521910","unknown","not_recorded"
"images/series/lg-lg-kusad181c.jpg","series","lg-lg-kusad181c.jpg","jpg","226615","unknown","not_recorded"
"images/series/lg-lg-kusad241a.jpg","series","lg-lg-kusad241a.jpg","jpg","62758","unknown","not_recorded"
"images/series/lg-lg-kusad241c.jpg","series","lg-lg-kusad241c.jpg","jpg","1930573","unknown","not_recorded"
"images/series/lg-lg-kusae091a.jpg","series","lg-lg-kusae091a.jpg","jpg","86327","unknown","not_recorded"
"images/series/lg-lg-kusae121a.jpg","series","lg-lg-kusae121a.jpg","jpg","401153","unknown","not_recorded"
"images/series/lg-lg-kusae181a.jpg","series","lg-lg-kusae181a.jpg","jpg","63749","unknown","not_recorded"
"images/series/lg-lg-kusae241a.jpg","series","lg-lg-kusae241a.jpg","jpg","1531952","unknown","not_recorded"
"images/series/lg-lg-kusal091a.jpg","series","lg-lg-kusal091a.jpg","jpg","1229129","unknown","not_recorded"
"images/series/lg-lg-kusal121a.jpg","series","lg-lg-kusal121a.jpg","jpg","48245","unknown","not_recorded"
"images/series/lg-lg-kusal151a.jpg","series","lg-lg-kusal151a.jpg","jpg","84502","unknown","not_recorded"
"images/series/lg-lg-kusal181a.jpg","series","lg-lg-kusal181a.jpg","jpg","74224","unknown","not_recorded"
"images/series/lg-lg-kusal241a.jpg","series","lg-lg-kusal241a.jpg","jpg","202421","unknown","not_recorded"
"images/series/lg-lg-kusap241a.jpg","series","lg-lg-kusap241a.jpg","jpg","297002","unknown","not_recorded"
"images/series/lg-lg-kusaz091a.jpg","series","lg-lg-kusaz091a.jpg","jpg","388","unknown","not_recorded"
"images/series/lg-lg-kusaz121a.jpg","series","lg-lg-kusaz121a.jpg","jpg","117421","unknown","not_recorded"
"images/series/lg-lg-kusaz122a.jpg","series","lg-lg-kusaz122a.jpg","jpg","225643","unknown","not_recorded"
"images/series/lg-lg-kusaz181a.jpg","series","lg-lg-kusaz181a.jpg","jpg","54674","unknown","not_recorded"
"images/series/lg-lg-kusaz241a.jpg","series","lg-lg-kusaz241a.jpg","jpg","1023795","unknown","not_recorded"
"images/series/lg-lg-kusub121a.jpg","series","lg-lg-kusub121a.jpg","jpg","52282","unknown","not_recorded"
"images/series/lg-lg-kusub181a.jpg","series","lg-lg-kusub181a.jpg","jpg","368564","unknown","not_recorded"
"images/series/lg-lg-kusub241a.jpg","series","lg-lg-kusub241a.jpg","jpg","449863","unknown","not_recorded"
"images/series/lg-lg-kusub361a.jpg","series","lg-lg-kusub361a.jpg","jpg","126234","unknown","not_recorded"
"images/series/lg-lg-kusub421a.jpg","series","lg-lg-kusub421a.jpg","jpg","283619","unknown","not_recorded"
"images/series/lg-lg-kusub481a.jpg","series","lg-lg-kusub481a.jpg","jpg","317350","unknown","not_recorded"
"images/series/lg-lg-kusub601a.jpg","series","lg-lg-kusub601a.jpg","jpg","128364","unknown","not_recorded"
"images/series/lg-lg-kusxa121a.jpg","series","lg-lg-kusxa121a.jpg","jpg","9181","unknown","not_recorded"
"images/series/lg-lg-kusxa181a.jpg","series","lg-lg-kusxa181a.jpg","jpg","47659","unknown","not_recorded"
"images/series/lg-lg-kusxa241a.jpg","series","lg-lg-kusxa241a.jpg","jpg","107240","unknown","not_recorded"
"images/series/lg-lg-kusxa301a.jpg","series","lg-lg-kusxa301a.jpg","jpg","84452","unknown","not_recorded"
"images/series/lg-lg-kusxa361a.jpg","series","lg-lg-kusxa361a.jpg","jpg","104906","unknown","not_recorded"
"images/series/lg-lg-kusxa421a.jpg","series","lg-lg-kusxa421a.jpg","jpg","588192","unknown","not_recorded"
"images/series/lg-lg-kusxa422a.jpg","series","lg-lg-kusxa422a.jpg","jpg","74053","unknown","not_recorded"
"images/series/lg-lg-kusxa481a.jpg","series","lg-lg-kusxa481a.jpg","jpg","61274","unknown","not_recorded"
"images/series/lg-lg-kusxa482a.jpg","series","lg-lg-kusxa482a.jpg","jpg","94571","unknown","not_recorded"
"images/series/lg-lg-kusxb091a.jpg","series","lg-lg-kusxb091a.jpg","jpg","113434","unknown","not_recorded"
"images/series/lg-lg-kusxb121a.jpg","series","lg-lg-kusxb121a.jpg","jpg","191786","unknown","not_recorded"
"images/series/lg-lg-kusxb181a.jpg","series","lg-lg-kusxb181a.jpg","jpg","293282","unknown","not_recorded"
"images/series/lg-lg-kusxb361a.jpg","series","lg-lg-kusxb361a.jpg","jpg","49562","unknown","not_recorded"
"images/series/lg-lg-kusxb421a.jpg","series","lg-lg-kusxb421a.jpg","jpg","269254","unknown","not_recorded"
"images/series/lg-lg-kusxb481a.jpg","series","lg-lg-kusxb481a.jpg","jpg","232959","unknown","not_recorded"
"images/series/lg-lg-kusxb601a.jpg","series","lg-lg-kusxb601a.jpg","jpg","250170","unknown","not_recorded"
"images/series/lg-lg-lau090hyv3.jpg","series","lg-lg-lau090hyv3.jpg","jpg","273889","unknown","not_recorded"
"images/series/lg-lg-lau120hyv3.jpg","series","lg-lg-lau120hyv3.jpg","jpg","197923","unknown","not_recorded"
"images/series/lg-lg-lau150hyv3.jpg","series","lg-lg-lau150hyv3.jpg","jpg","192227","unknown","not_recorded"
"images/series/lg-lg-lau180hyv3.jpg","series","lg-lg-lau180hyv3.jpg","jpg","397449","unknown","not_recorded"
"images/series/lg-lg-lau240hyv3.jpg","series","lg-lg-lau240hyv3.jpg","jpg","177448","unknown","not_recorded"
"images/series/lg-lg-lmu180hhv.jpg","series","lg-lg-lmu180hhv.jpg","jpg","70608","unknown","not_recorded"
"images/series/lg-lg-lmu183hv.jpg","series","lg-lg-lmu183hv.jpg","jpg","48435","unknown","not_recorded"
"images/series/lg-lg-lmu240hhv.jpg","series","lg-lg-lmu240hhv.jpg","jpg","70447","unknown","not_recorded"
"images/series/lg-lg-lmu243hv.jpg","series","lg-lg-lmu243hv.jpg","jpg","57234","unknown","not_recorded"
"images/series/lg-lg-lmu300hhv.jpg","series","lg-lg-lmu300hhv.jpg","jpg","13427","unknown","not_recorded"
"images/series/lg-lg-lmu303hv.jpg","series","lg-lg-lmu303hv.jpg","jpg","493964","unknown","not_recorded"
"images/series/lg-lg-lmu361hhv.jpg","series","lg-lg-lmu361hhv.jpg","jpg","92087","unknown","not_recorded"
"images/series/lg-lg-lmu363hv.jpg","series","lg-lg-lmu363hv.jpg","jpg","74422","unknown","not_recorded"
"images/series/lg-lg-lmu421hhv.jpg","series","lg-lg-lmu421hhv.jpg","jpg","38724","unknown","not_recorded"
"images/series/lg-lg-lmu480hhv.jpg","series","lg-lg-lmu480hhv.jpg","jpg","168783","unknown","not_recorded"
"images/series/lg-lg-lmu483hv.jpg","series","lg-lg-lmu483hv.jpg","jpg","627415","unknown","not_recorded"
"images/series/lg-lg-lmu543hv.jpg","series","lg-lg-lmu543hv.jpg","jpg","1124064","unknown","not_recorded"
"images/series/lg-lg-lsu120hsv5.jpg","series","lg-lg-lsu120hsv5.jpg","jpg","268872","unknown","not_recorded"
"images/series/lg-lg-lsu181hsv5.jpg","series","lg-lg-lsu181hsv5.jpg","jpg","1667898","unknown","not_recorded"
"images/series/lg-lg-lsu243hlv3.jpg","series","lg-lg-lsu243hlv3.jpg","jpg","88529","unknown","not_recorded"
"images/series/lg-lg-luu090hv.jpg","series","lg-lg-luu090hv.jpg","jpg","329135","unknown","not_recorded"
"images/series/lg-lg-luu180hhv.jpg","series","lg-lg-luu180hhv.jpg","jpg","79921","unknown","not_recorded"
"images/series/lg-lg-luu180hv.jpg","series","lg-lg-luu180hv.jpg","jpg","18595","unknown","not_recorded"
"images/series/lg-lg-luu240hhv.jpg","series","lg-lg-luu240hhv.jpg","jpg","50554","unknown","not_recorded"
"images/series/lg-lg-luu240hv.jpg","series","lg-lg-luu240hv.jpg","jpg","3117","unknown","not_recorded"
"images/series/lg-lg-luu360hhv.jpg","series","lg-lg-luu360hhv.jpg","jpg","336950","unknown","not_recorded"
"images/series/lg-lg-luu360hv.jpg","series","lg-lg-luu360hv.jpg","jpg","50388","unknown","not_recorded"
"images/series/lg-lg-luu420hhv.jpg","series","lg-lg-luu420hhv.jpg","jpg","94259","unknown","not_recorded"
"images/series/lg-lg-luu420hv.jpg","series","lg-lg-luu420hv.jpg","jpg","15842","unknown","not_recorded"
"images/series/lg-lg-luu480hhv.jpg","series","lg-lg-luu480hhv.jpg","jpg","493539","unknown","not_recorded"
"images/series/lg-lg-luu480hv.jpg","series","lg-lg-luu480hv.jpg","jpg","50886","unknown","not_recorded"
"images/series/lg-lg-luu601hv.jpg","series","lg-lg-luu601hv.jpg","jpg","131072","unknown","not_recorded"
"images/series/lg-lg-zrum048gss0.jpg","series","lg-lg-zrum048gss0.jpg","jpg","172325","unknown","not_recorded"
"images/series/lg-lg-zrum060gss0.jpg","series","lg-lg-zrum060gss0.jpg","jpg","244586","unknown","not_recorded"
"images/series/lg-lg-zrun024gss0.jpg","series","lg-lg-zrun024gss0.jpg","jpg","364835","unknown","not_recorded"
"images/series/live-cool-live-cool-rex.jpg","series","live-cool-live-cool-rex.jpg","jpg","989437","unknown","not_recorded"
"images/series/live-cool-live-cool-t-pro.jpg","series","live-cool-live-cool-t-pro.jpg","jpg","355165","unknown","not_recorded"
"images/series/lps-legacy-lps-legacy-2-stage-17-seer-hp.jpg","series","lps-legacy-lps-legacy-2-stage-17-seer-hp.jpg","jpg","182563","unknown","not_recorded"
"images/series/lps-legacy-lps-legacy-38m-series.jpg","series","lps-legacy-lps-legacy-38m-series.jpg","jpg","2085226","unknown","not_recorded"
"images/series/lps-legacy-lps-legacy-d5c-series.jpg","series","lps-legacy-lps-legacy-d5c-series.jpg","jpg","140267","unknown","not_recorded"
"images/series/lps-legacy-lps-legacy-d5f-series.jpg","series","lps-legacy-lps-legacy-d5f-series.jpg","jpg","163864","unknown","not_recorded"
"images/series/lps-legacy-lps-legacy-dl-series.jpg","series","lps-legacy-lps-legacy-dl-series.jpg","jpg","83134","unknown","not_recorded"
"images/series/lps-legacy-lps-legacy-dlc-series.jpg","series","lps-legacy-lps-legacy-dlc-series.jpg","jpg","1903312","unknown","not_recorded"
"images/series/lps-legacy-lps-legacy-dlcp-series.jpg","series","lps-legacy-lps-legacy-dlcp-series.jpg","jpg","58232","unknown","not_recorded"
"images/series/lps-legacy-lps-legacy-dlseries.jpg","series","lps-legacy-lps-legacy-dlseries.jpg","jpg","811509","unknown","not_recorded"
"images/series/lps-legacy-lps-legacy-mainline-17-seer2-hp.jpg","series","lps-legacy-lps-legacy-mainline-17-seer2-hp.jpg","jpg","25601","unknown","not_recorded"
"images/series/luxaire-luxaire-acclimate.jpg","series","luxaire-luxaire-acclimate.jpg","jpg","41317","unknown","not_recorded"
"images/series/luxaire-luxaire-hmh7.jpg","series","luxaire-luxaire-hmh7.jpg","jpg","317230","unknown","not_recorded"
"images/series/luxaire-luxaire-lx-series.jpg","series","luxaire-luxaire-lx-series.jpg","jpg","41450","unknown","not_recorded"
"images/series/luxaire-luxaire-ph9.jpg","series","luxaire-luxaire-ph9.jpg","jpg","42983","unknown","not_recorded"
"images/series/luxaire-luxaire-umulti.jpg","series","luxaire-luxaire-umulti.jpg","jpg","1831807","unknown","not_recorded"
"images/series/luxaire-luxaire-upac.jpg","series","luxaire-luxaire-upac.jpg","jpg","56645","unknown","not_recorded"
"images/series/luxaire-luxaire-urac.jpg","series","luxaire-luxaire-urac.jpg","jpg","390","unknown","not_recorded"
"images/series/luxaire-luxaire-xd5.jpg","series","luxaire-luxaire-xd5.jpg","jpg","299940","unknown","not_recorded"
"images/series/luxaire-luxaire-xdv.jpg","series","luxaire-luxaire-xdv.jpg","jpg","597177","unknown","not_recorded"
"images/series/maestrale-maestrale-aquilon-series.jpg","series","maestrale-maestrale-aquilon-series.jpg","jpg","1593140","unknown","not_recorded"
"images/series/maestrale-maestrale-boreas-series.jpg","series","maestrale-maestrale-boreas-series.jpg","jpg","190523","unknown","not_recorded"
"images/series/mainline-mainline-classic-plusachiever-plus.jpg","series","mainline-mainline-classic-plusachiever-plus.jpg","jpg","414633","unknown","not_recorded"
"images/series/mainline-mainline-elite.jpg","series","mainline-mainline-elite.jpg","jpg","458413","unknown","not_recorded"
"images/series/mainline-mainline-ml-series.jpg","series","mainline-mainline-ml-series.jpg","jpg","288445","unknown","not_recorded"
"images/series/mainline-mainline-performance.jpg","series","mainline-mainline-performance.jpg","jpg","1231320","unknown","not_recorded"
"images/series/mainline-mainline-rhpxyc.jpg","series","mainline-mainline-rhpxyc.jpg","jpg","25528","unknown","not_recorded"
"images/series/mammoth-mammoth-ultra-side-discharge.jpg","series","mammoth-mammoth-ultra-side-discharge.jpg","jpg","681257","unknown","not_recorded"
"images/series/maple-heat-maple-heat-ne-t52-series.jpg","series","maple-heat-maple-heat-ne-t52-series.jpg","jpg","6190","unknown","not_recorded"
"images/series/maple-heat-maple-heat-t55-series.jpg","series","maple-heat-maple-heat-t55-series.jpg","jpg","10322","unknown","not_recorded"
"images/series/maratherm-maratherm-15-seer2-hp.jpg","series","maratherm-maratherm-15-seer2-hp.jpg","jpg","119751","unknown","not_recorded"
"images/series/maratherm-maratherm-15-seer2-r-series-r410a-hp.jpg","series","maratherm-maratherm-15-seer2-r-series-r410a-hp.jpg","jpg","18667","unknown","not_recorded"
"images/series/maratherm-maratherm-2-stage-18-seer-hp.jpg","series","maratherm-maratherm-2-stage-18-seer-hp.jpg","jpg","165311","unknown","not_recorded"
"images/series/maratherm-maratherm-performance-15-seer2-hp.jpg","series","maratherm-maratherm-performance-15-seer2-hp.jpg","jpg","104038","unknown","not_recorded"
"images/series/maratherm-maratherm-performance-16-seer2-hp.jpg","series","maratherm-maratherm-performance-16-seer2-hp.jpg","jpg","421008","unknown","not_recorded"
"images/series/maratherm-maratherm-quiet-comfort-hp.jpg","series","maratherm-maratherm-quiet-comfort-hp.jpg","jpg","91471","unknown","not_recorded"
"images/series/maxi-air-maxi-air-mas-series.jpg","series","maxi-air-maxi-air-mas-series.jpg","jpg","29779","unknown","not_recorded"
"images/series/maxi-air-maxi-air-max-series.jpg","series","maxi-air-maxi-air-max-series.jpg","jpg","856461","unknown","not_recorded"
"images/series/maxi-air-maxi-air-maxs-series.jpg","series","maxi-air-maxi-air-maxs-series.jpg","jpg","19538","unknown","not_recorded"
"images/series/maxi-air-maxi-air-ne-series.jpg","series","maxi-air-maxi-air-ne-series.jpg","jpg","870314","unknown","not_recorded"
"images/series/maxi-air-maxi-air-t55-series.jpg","series","maxi-air-maxi-air-t55-series.jpg","jpg","174891","unknown","not_recorded"
"images/series/maxi-air-maxi-air-ys-series.jpg","series","maxi-air-maxi-air-ys-series.jpg","jpg","125225","unknown","not_recorded"
"images/series/maytag-maytag-maytag-psh4bf-series.jpg","series","maytag-maytag-maytag-psh4bf-series.jpg","jpg","191050","unknown","not_recorded"
"images/series/mdv-mdv-cs-series-ms-series-mtiu-series.jpg","series","mdv-mdv-cs-series-ms-series-mtiu-series.jpg","jpg","199182","unknown","not_recorded"
"images/series/mdv-mdv-cs-series-msab-series.jpg","series","mdv-mdv-cs-series-msab-series.jpg","jpg","146420","unknown","not_recorded"
"images/series/mdv-mdv-cs-series-msep-seris-mtiu-series.jpg","series","mdv-mdv-cs-series-msep-seris-mtiu-series.jpg","jpg","106004","unknown","not_recorded"
"images/series/mdv-mdv-cs-series-msep-seris.jpg","series","mdv-mdv-cs-series-msep-seris.jpg","jpg","43661","unknown","not_recorded"
"images/series/mdv-mdv-m2o-series-msag-series-mti-series.jpg","series","mdv-mdv-m2o-series-msag-series-mti-series.jpg","jpg","59914","unknown","not_recorded"
"images/series/mdv-mdv-m2o-series-msep-seris-mti-series.jpg","series","mdv-mdv-m2o-series-msep-seris-mti-series.jpg","jpg","751200","unknown","not_recorded"
"images/series/mdv-mdv-m2o-series.jpg","series","mdv-mdv-m2o-series.jpg","jpg","1185727","unknown","not_recorded"
"images/series/mdv-mdv-m30-series.jpg","series","mdv-mdv-m30-series.jpg","jpg","157586","unknown","not_recorded"
"images/series/mdv-mdv-m3o-series-msag-series-mti-series.jpg","series","mdv-mdv-m3o-series-msag-series-mti-series.jpg","jpg","116612","unknown","not_recorded"
"images/series/mdv-mdv-m3o-series.jpg","series","mdv-mdv-m3o-series.jpg","jpg","166742","unknown","not_recorded"
"images/series/mdv-mdv-m3oj-series.jpg","series","mdv-mdv-m3oj-series.jpg","jpg","31398","unknown","not_recorded"
"images/series/mdv-mdv-m3ok-series.jpg","series","mdv-mdv-m3ok-series.jpg","jpg","32798","unknown","not_recorded"
"images/series/mdv-mdv-m40-series.jpg","series","mdv-mdv-m40-series.jpg","jpg","80960","unknown","not_recorded"
"images/series/mdv-mdv-m4o-series-msag-series-mti-series.jpg","series","mdv-mdv-m4o-series-msag-series-mti-series.jpg","jpg","24572","unknown","not_recorded"
"images/series/mdv-mdv-m4o-series-msep-seris-mti-series.jpg","series","mdv-mdv-m4o-series-msep-seris-mti-series.jpg","jpg","7406671","unknown","not_recorded"
"images/series/mdv-mdv-m4o-series.jpg","series","mdv-mdv-m4o-series.jpg","jpg","15826","unknown","not_recorded"
"images/series/mdv-mdv-m4og-series.jpg","series","mdv-mdv-m4og-series.jpg","jpg","38603","unknown","not_recorded"
"images/series/mdv-mdv-m50-series.jpg","series","mdv-mdv-m50-series.jpg","jpg","401153","unknown","not_recorded"
"images/series/mdv-mdv-m5o-series-msag-series-mti-series.jpg","series","mdv-mdv-m5o-series-msag-series-mti-series.jpg","jpg","283079","unknown","not_recorded"
"images/series/mdv-mdv-m5o-series-msep-seris-mti-series.jpg","series","mdv-mdv-m5o-series-msep-seris-mti-series.jpg","jpg","59852","unknown","not_recorded"
"images/series/mdv-mdv-m60-series.jpg","series","mdv-mdv-m60-series.jpg","jpg","157033","unknown","not_recorded"
"images/series/mdv-mdv-m6o-series.jpg","series","mdv-mdv-m6o-series.jpg","jpg","60365","unknown","not_recorded"
"images/series/mdv-mdv-mca-series.jpg","series","mdv-mdv-mca-series.jpg","jpg","102820","unknown","not_recorded"
"images/series/mdv-mdv-mcb-series.jpg","series","mdv-mdv-mcb-series.jpg","jpg","240012","unknown","not_recorded"
"images/series/mdv-mdv-mcbu-series.jpg","series","mdv-mdv-mcbu-series.jpg","jpg","127648","unknown","not_recorded"
"images/series/mdv-mdv-mfa-series.jpg","series","mdv-mdv-mfa-series.jpg","jpg","38851","unknown","not_recorded"
"images/series/mdv-mdv-mox-series.jpg","series","mdv-mdv-mox-series.jpg","jpg","21626","unknown","not_recorded"
"images/series/mdv-mdv-ms-series.jpg","series","mdv-mdv-ms-series.jpg","jpg","16480","unknown","not_recorded"
"images/series/mdv-mdv-ms11m-series.jpg","series","mdv-mdv-ms11m-series.jpg","jpg","101346","unknown","not_recorded"
"images/series/mdv-mdv-msab-series.jpg","series","mdv-mdv-msab-series.jpg","jpg","67997","unknown","not_recorded"
"images/series/mdv-mdv-msag-series.jpg","series","mdv-mdv-msag-series.jpg","jpg","101075","unknown","not_recorded"
"images/series/mdv-mdv-msagf.jpg","series","mdv-mdv-msagf.jpg","jpg","679166","unknown","not_recorded"
"images/series/mdv-mdv-msep-series.jpg","series","mdv-mdv-msep-series.jpg","jpg","55126","unknown","not_recorded"
"images/series/mdv-mdv-msep-seris-mtiu-series.jpg","series","mdv-mdv-msep-seris-mtiu-series.jpg","jpg","147927","unknown","not_recorded"
"images/series/mdv-mdv-msep-seris.jpg","series","mdv-mdv-msep-seris.jpg","jpg","56287","unknown","not_recorded"
"images/series/mdv-mdv-msepb.jpg","series","mdv-mdv-msepb.jpg","jpg","179304","unknown","not_recorded"
"images/series/mdv-mdv-msepd.jpg","series","mdv-mdv-msepd.jpg","jpg","92260","unknown","not_recorded"
"images/series/mdv-mdv-msop-series.jpg","series","mdv-mdv-msop-series.jpg","jpg","67913","unknown","not_recorded"
"images/series/mdv-mdv-mt-series.jpg","series","mdv-mdv-mt-series.jpg","jpg","197402","unknown","not_recorded"
"images/series/mdv-mdv-mti-series.jpg","series","mdv-mdv-mti-series.jpg","jpg","50145","unknown","not_recorded"
"images/series/mdv-mdv-mtiu-series.jpg","series","mdv-mdv-mtiu-series.jpg","jpg","49206","unknown","not_recorded"
"images/series/mdv-mdv-mtj-series.jpg","series","mdv-mdv-mtj-series.jpg","jpg","96150","unknown","not_recorded"
"images/series/mdv-mdv-mue-series.jpg","series","mdv-mdv-mue-series.jpg","jpg","1478954","unknown","not_recorded"
"images/series/mdv-mdv-mvb-series.jpg","series","mdv-mdv-mvb-series.jpg","jpg","196000","unknown","not_recorded"
"images/series/mdv-mdv-mvbe-series.jpg","series","mdv-mdv-mvbe-series.jpg","jpg","217785","unknown","not_recorded"
"images/series/mdv-mdv-mvbl-series.jpg","series","mdv-mdv-mvbl-series.jpg","jpg","94978","unknown","not_recorded"
"images/series/mdv-mdv-mvc-series.jpg","series","mdv-mdv-mvc-series.jpg","jpg","61334","unknown","not_recorded"
"images/series/mdv-mdv-mvd-series.jpg","series","mdv-mdv-mvd-series.jpg","jpg","52281","unknown","not_recorded"
"images/series/mdv-mdv-mvx-series.jpg","series","mdv-mdv-mvx-series.jpg","jpg","188225","unknown","not_recorded"
"images/series/midea-midea-37m-series.jpg","series","midea-midea-37m-series.jpg","jpg","146481","unknown","not_recorded"
"images/series/midea-midea-38m-series-38mg-series.jpg","series","midea-midea-38m-series-38mg-series.jpg","jpg","146481","unknown","not_recorded"
"images/series/midea-midea-38m-series.jpg","series","midea-midea-38m-series.jpg","jpg","146481","unknown","not_recorded"
"images/series/midea-midea-38mar-series.jpg","series","midea-midea-38mar-series.jpg","jpg","146481","unknown","not_recorded"
"images/series/midea-midea-38mb-series.jpg","series","midea-midea-38mb-series.jpg","jpg","146481","unknown","not_recorded"
"images/series/midea-midea-38mg-series.jpg","series","midea-midea-38mg-series.jpg","jpg","146481","unknown","not_recorded"
"images/series/midea-midea-38mh-series.jpg","series","midea-midea-38mh-series.jpg","jpg","146481","unknown","not_recorded"
"images/series/midea-midea-38mp-series.jpg","series","midea-midea-38mp-series.jpg","jpg","146481","unknown","not_recorded"
"images/series/midea-midea-45m-series.jpg","series","midea-midea-45m-series.jpg","jpg","146481","unknown","not_recorded"
"images/series/midea-midea-d5c-series.jpg","series","midea-midea-d5c-series.jpg","jpg","146481","unknown","not_recorded"
"images/series/midea-midea-d5f-series.jpg","series","midea-midea-d5f-series.jpg","jpg","146481","unknown","not_recorded"
"images/series/midea-midea-d5m-series.jpg","series","midea-midea-d5m-series.jpg","jpg","146481","unknown","not_recorded"
"images/series/midea-midea-dlc-series.jpg","series","midea-midea-dlc-series.jpg","jpg","146481","unknown","not_recorded"
"images/series/midea-midea-dlcp-series.jpg","series","midea-midea-dlcp-series.jpg","jpg","146481","unknown","not_recorded"
"images/series/midea-midea-m3o-series.jpg","series","midea-midea-m3o-series.jpg","jpg","146481","unknown","not_recorded"
"images/series/midea-midea-m40-series.jpg","series","midea-midea-m40-series.jpg","jpg","146481","unknown","not_recorded"
"images/series/midea-midea-m4o-series.jpg","series","midea-midea-m4o-series.jpg","jpg","146481","unknown","not_recorded"
"images/series/midea-midea-m5f-series.jpg","series","midea-midea-m5f-series.jpg","jpg","146481","unknown","not_recorded"
"images/series/midea-midea-m5o-series.jpg","series","midea-midea-m5o-series.jpg","jpg","146481","unknown","not_recorded"
"images/series/midea-midea-m6o-series.jpg","series","midea-midea-m6o-series.jpg","jpg","146481","unknown","not_recorded"
"images/series/midea-midea-mac-series.jpg","series","midea-midea-mac-series.jpg","jpg","146481","unknown","not_recorded"
"images/series/midea-midea-mas-series.jpg","series","midea-midea-mas-series.jpg","jpg","146481","unknown","not_recorded"
"images/series/midea-midea-masag.jpg","series","midea-midea-masag.jpg","jpg","146481","unknown","not_recorded"
"images/series/midea-midea-mau-series.jpg","series","midea-midea-mau-series.jpg","jpg","146481","unknown","not_recorded"
"images/series/midea-midea-mca-series.jpg","series","midea-midea-mca-series.jpg","jpg","146481","unknown","not_recorded"
"images/series/midea-midea-mcd-series.jpg","series","midea-midea-mcd-series.jpg","jpg","146481","unknown","not_recorded"
"images/series/midea-midea-mdh-series.jpg","series","midea-midea-mdh-series.jpg","jpg","146481","unknown","not_recorded"
"images/series/midea-midea-mdl-series.jpg","series","midea-midea-mdl-series.jpg","jpg","146481","unknown","not_recorded"
"images/series/midea-midea-mdv-series.jpg","series","midea-midea-mdv-series.jpg","jpg","146481","unknown","not_recorded"
"images/series/midea-midea-mfa-series.jpg","series","midea-midea-mfa-series.jpg","jpg","146481","unknown","not_recorded"
"images/series/midea-midea-mfb-series.jpg","series","midea-midea-mfb-series.jpg","jpg","146481","unknown","not_recorded"
"images/series/midea-midea-mmcm-series.jpg","series","midea-midea-mmcm-series.jpg","jpg","146481","unknown","not_recorded"
"images/series/midea-midea-mo-series.jpg","series","midea-midea-mo-series.jpg","jpg","146481","unknown","not_recorded"
"images/series/midea-midea-mo1-series.jpg","series","midea-midea-mo1-series.jpg","jpg","146481","unknown","not_recorded"
"images/series/midea-midea-mo4-series.jpg","series","midea-midea-mo4-series.jpg","jpg","146481","unknown","not_recorded"
"images/series/midea-midea-mod-series.jpg","series","midea-midea-mod-series.jpg","jpg","146481","unknown","not_recorded"
"images/series/midea-midea-mod30-series.jpg","series","midea-midea-mod30-series.jpg","jpg","146481","unknown","not_recorded"
"images/series/midea-midea-moe30-series.jpg","series","midea-midea-moe30-series.jpg","jpg","146481","unknown","not_recorded"
"images/series/midea-midea-mox-series.jpg","series","midea-midea-mox-series.jpg","jpg","146481","unknown","not_recorded"
"images/series/midea-midea-mox230-series.jpg","series","midea-midea-mox230-series.jpg","jpg","146481","unknown","not_recorded"
"images/series/midea-midea-mox430-series.jpg","series","midea-midea-mox430-series.jpg","jpg","146481","unknown","not_recorded"
"images/series/midea-midea-mrdv-18h.jpg","series","midea-midea-mrdv-18h.jpg","jpg","146481","unknown","not_recorded"
"images/series/midea-midea-mse-series.jpg","series","midea-midea-mse-series.jpg","jpg","146481","unknown","not_recorded"
"images/series/midea-midea-msep-series.jpg","series","midea-midea-msep-series.jpg","jpg","146481","unknown","not_recorded"
"images/series/midea-midea-msf-series.jpg","series","midea-midea-msf-series.jpg","jpg","146481","unknown","not_recorded"
"images/series/midea-midea-msg-series.jpg","series","midea-midea-msg-series.jpg","jpg","146481","unknown","not_recorded"
"images/series/midea-midea-mvbl-series.jpg","series","midea-midea-mvbl-series.jpg","jpg","146481","unknown","not_recorded"
"images/series/midea-midea-x20h-lgwp.jpg","series","midea-midea-x20h-lgwp.jpg","jpg","146481","unknown","not_recorded"
"images/series/midea-midea-x30h-lgwp.jpg","series","midea-midea-x30h-lgwp.jpg","jpg","146481","unknown","not_recorded"
"images/series/mirage-mirage-galaxy.jpg","series","mirage-mirage-galaxy.jpg","jpg","470041","unknown","not_recorded"
"images/series/mirage-mirage-magnus.jpg","series","mirage-mirage-magnus.jpg","jpg","327252","unknown","not_recorded"
"images/series/mitsubishi-electric-mitsubishi-electric-city-multi.jpg","series","mitsubishi-electric-mitsubishi-electric-city-multi.jpg","jpg","336827","unknown","not_recorded"
"images/series/mitsubishi-electric-mitsubishi-electric-m-series.jpg","series","mitsubishi-electric-mitsubishi-electric-m-series.jpg","jpg","88077","unknown","not_recorded"
"images/series/mitsubishi-electric-mitsubishi-electric-p-series.jpg","series","mitsubishi-electric-mitsubishi-electric-p-series.jpg","jpg","395968","unknown","not_recorded"
"images/series/mitsubishi-electric-mitsubishi-electric-s-series.jpg","series","mitsubishi-electric-mitsubishi-electric-s-series.jpg","jpg","31413","unknown","not_recorded"
"images/series/mitsutomo-mitsutomo-b-ru-series.jpg","series","mitsutomo-mitsutomo-b-ru-series.jpg","jpg","87644","unknown","not_recorded"
"images/series/mitsutomo-mitsutomo-ho-series.jpg","series","mitsutomo-mitsutomo-ho-series.jpg","jpg","377378","unknown","not_recorded"
"images/series/mitsutomo-mitsutomo-hw-series.jpg","series","mitsutomo-mitsutomo-hw-series.jpg","jpg","89559","unknown","not_recorded"
"images/series/mitsutomo-mitsutomo-rho-series.jpg","series","mitsutomo-mitsutomo-rho-series.jpg","jpg","117735","unknown","not_recorded"
"images/series/mitsutomo-mitsutomo-ro-series.jpg","series","mitsutomo-mitsutomo-ro-series.jpg","jpg","194270","unknown","not_recorded"
"images/series/mitsutomo-mitsutomo-ru-series.jpg","series","mitsutomo-mitsutomo-ru-series.jpg","jpg","462838","unknown","not_recorded"
"images/series/mitsutomo-mitsutomo-s-ro-series.jpg","series","mitsutomo-mitsutomo-s-ro-series.jpg","jpg","535309","unknown","not_recorded"
"images/series/moovair-moovair-cub-series.jpg","series","moovair-moovair-cub-series.jpg","jpg","192778","unknown","not_recorded"
"images/series/moovair-moovair-dm-series.jpg","series","moovair-moovair-dm-series.jpg","jpg","43816","unknown","not_recorded"
"images/series/moovair-moovair-dma-series.jpg","series","moovair-moovair-dma-series.jpg","jpg","108758","unknown","not_recorded"
"images/series/moovair-moovair-dma12-series.jpg","series","moovair-moovair-dma12-series.jpg","jpg","261952","unknown","not_recorded"
"images/series/moovair-moovair-dmb-series.jpg","series","moovair-moovair-dmb-series.jpg","jpg","166922","unknown","not_recorded"
"images/series/moovair-moovair-dmc-series.jpg","series","moovair-moovair-dmc-series.jpg","jpg","126234","unknown","not_recorded"
"images/series/moovair-moovair-msh-series.jpg","series","moovair-moovair-msh-series.jpg","jpg","178502","unknown","not_recorded"
"images/series/moovair-moovair-mxh-series.jpg","series","moovair-moovair-mxh-series.jpg","jpg","267450","unknown","not_recorded"
"images/series/moovair-moovair-shc-series.jpg","series","moovair-moovair-shc-series.jpg","jpg","45991","unknown","not_recorded"
"images/series/mrcool-mrcool-a-series.jpg","series","mrcool-mrcool-a-series.jpg","jpg","139308","unknown","not_recorded"
"images/series/mrcool-mrcool-cen-series-central-series.jpg","series","mrcool-mrcool-cen-series-central-series.jpg","jpg","163680","unknown","not_recorded"
"images/series/mrcool-mrcool-central-series.jpg","series","mrcool-mrcool-central-series.jpg","jpg","379475","unknown","not_recorded"
"images/series/mrcool-mrcool-central.jpg","series","mrcool-mrcool-central.jpg","jpg","2745312","unknown","not_recorded"
"images/series/mrcool-mrcool-diy-series.jpg","series","mrcool-mrcool-diy-series.jpg","jpg","386","unknown","not_recorded"
"images/series/mrcool-mrcool-diyh-series.jpg","series","mrcool-mrcool-diyh-series.jpg","jpg","214373","unknown","not_recorded"
"images/series/mrcool-mrcool-diyp-series.jpg","series","mrcool-mrcool-diyp-series.jpg","jpg","194617","unknown","not_recorded"
"images/series/mrcool-mrcool-ez-series.jpg","series","mrcool-mrcool-ez-series.jpg","jpg","215099","unknown","not_recorded"
"images/series/mrcool-mrcool-ezpro.jpg","series","mrcool-mrcool-ezpro.jpg","jpg","66474","unknown","not_recorded"
"images/series/mrcool-mrcool-mhp17-series.jpg","series","mrcool-mrcool-mhp17-series.jpg","jpg","18448","unknown","not_recorded"
"images/series/mrcool-mrcool-mhp170-series.jpg","series","mrcool-mrcool-mhp170-series.jpg","jpg","79508","unknown","not_recorded"
"images/series/mrcool-mrcool-mhp17l-series.jpg","series","mrcool-mrcool-mhp17l-series.jpg","jpg","279082","unknown","not_recorded"
"images/series/mrcool-mrcool-multi-series.jpg","series","mrcool-mrcool-multi-series.jpg","jpg","69375","unknown","not_recorded"
"images/series/mrcool-mrcool-multi.jpg","series","mrcool-mrcool-multi.jpg","jpg","876735","unknown","not_recorded"
"images/series/mrcool-mrcool-mvp-series.jpg","series","mrcool-mrcool-mvp-series.jpg","jpg","3338","unknown","not_recorded"
"images/series/mrcool-mrcool-o-es-series.jpg","series","mrcool-mrcool-o-es-series.jpg","jpg","596158","unknown","not_recorded"
"images/series/mrcool-mrcool-o-hh-series.jpg","series","mrcool-mrcool-o-hh-series.jpg","jpg","8853","unknown","not_recorded"
"images/series/mrcool-mrcool-o-series.jpg","series","mrcool-mrcool-o-series.jpg","jpg","101435","unknown","not_recorded"
"images/series/mrcool-mrcool-uhp-series.jpg","series","mrcool-mrcool-uhp-series.jpg","jpg","152721","unknown","not_recorded"
"images/series/mrcool-mrcool-universal-dc-inverter-packaged-unit.jpg","series","mrcool-mrcool-universal-dc-inverter-packaged-unit.jpg","jpg","59336","unknown","not_recorded"
"images/series/mrcool-mrcool-universal-series-inverter-packaged-heat-pump.jpg","series","mrcool-mrcool-universal-series-inverter-packaged-heat-pump.jpg","jpg","141512","unknown","not_recorded"
"images/series/mrcool-mrcool-universal.jpg","series","mrcool-mrcool-universal.jpg","jpg","60526","unknown","not_recorded"
"images/series/msh-legacy-msh-legacy-performance-15-seer2-hp.jpg","series","msh-legacy-msh-legacy-performance-15-seer2-hp.jpg","jpg","1712535","unknown","not_recorded"
"images/series/msh-legacy-msh-legacy-quiet-comfort-hp.jpg","series","msh-legacy-msh-legacy-quiet-comfort-hp.jpg","jpg","299425","unknown","not_recorded"
"images/series/multi-mfg-multi-mfg-hes-series.jpg","series","multi-mfg-multi-mfg-hes-series.jpg","jpg","3078","unknown","not_recorded"
"images/series/multi-mfg-multi-mfg-hhs-series.jpg","series","multi-mfg-multi-mfg-hhs-series.jpg","jpg","540978","unknown","not_recorded"
"images/series/multi-mfg-multi-mfg-hmhp.jpg","series","multi-mfg-multi-mfg-hmhp.jpg","jpg","793843","unknown","not_recorded"
"images/series/multi-mfg-multi-mfg-mez-series.jpg","series","multi-mfg-multi-mfg-mez-series.jpg","jpg","135686","unknown","not_recorded"
"images/series/multi-mfg-multi-mfg-mpc-series.jpg","series","multi-mfg-multi-mfg-mpc-series.jpg","jpg","72212","unknown","not_recorded"
"images/series/multi-mfg-multi-mfg-msh-series.jpg","series","multi-mfg-multi-mfg-msh-series.jpg","jpg","890828","unknown","not_recorded"
"images/series/multi-mfg-multi-mfg-msu-series.jpg","series","multi-mfg-multi-mfg-msu-series.jpg","jpg","178233","unknown","not_recorded"
"images/series/multimfg-multimfg-12spv0-hp-x-d.jpg","series","multimfg-multimfg-12spv0-hp-x-d.jpg","jpg","326781","unknown","not_recorded"
"images/series/multimfg-multimfg-25spv0-hp-x-d.jpg","series","multimfg-multimfg-25spv0-hp-x-d.jpg","jpg","841989","unknown","not_recorded"
"images/series/multimfg-multimfg-3036spv0-hp-x-d.jpg","series","multimfg-multimfg-3036spv0-hp-x-d.jpg","jpg","20597","unknown","not_recorded"
"images/series/napoleon-napoleon-f-series.jpg","series","napoleon-napoleon-f-series.jpg","jpg","428280","unknown","not_recorded"
"images/series/napoleon-napoleon-hyper-heat.jpg","series","napoleon-napoleon-hyper-heat.jpg","jpg","428280","unknown","not_recorded"
"images/series/napoleon-napoleon-ndh-series.jpg","series","napoleon-napoleon-ndh-series.jpg","jpg","106838","unknown","not_recorded"
"images/series/napoleon-napoleon-ndha-series.jpg","series","napoleon-napoleon-ndha-series.jpg","jpg","428280","unknown","not_recorded"
"images/series/napoleon-napoleon-nh-series.jpg","series","napoleon-napoleon-nh-series.jpg","jpg","428280","unknown","not_recorded"
"images/series/napoleon-napoleon-wsc-series.jpg","series","napoleon-napoleon-wsc-series.jpg","jpg","428280","unknown","not_recorded"
"images/series/napoleon-napoleon-wse-series.jpg","series","napoleon-napoleon-wse-series.jpg","jpg","428280","unknown","not_recorded"
"images/series/navien-inc-navien-inc-naz17v.jpg","series","navien-inc-navien-inc-naz17v.jpg","jpg","233663","unknown","not_recorded"
"images/series/ng-trade-ng-trade-ezc-series.jpg","series","ng-trade-ng-trade-ezc-series.jpg","jpg","89763","unknown","not_recorded"
"images/series/ng-trade-ng-trade-mob-series.jpg","series","ng-trade-ng-trade-mob-series.jpg","jpg","199375","unknown","not_recorded"
"images/series/ng-trade-ng-trade-mobmh-series.jpg","series","ng-trade-ng-trade-mobmh-series.jpg","jpg","54520","unknown","not_recorded"
"images/series/ng-trade-ng-trade-obmh-series.jpg","series","ng-trade-ng-trade-obmh-series.jpg","jpg","18776","unknown","not_recorded"
"images/series/ng-trade-ng-trade-omeg-series.jpg","series","ng-trade-ng-trade-omeg-series.jpg","jpg","50952","unknown","not_recorded"
"images/series/ng-trade-ng-trade-oms-series.jpg","series","ng-trade-ng-trade-oms-series.jpg","jpg","266378","unknown","not_recorded"
"images/series/nordyne-nordyne-nordyne-sh4bf-series.jpg","series","nordyne-nordyne-nordyne-sh4bf-series.jpg","jpg","316076","unknown","not_recorded"
"images/series/nortek-global-hvac-llc-nortek-global-hvac-llc-nortek-global-hvac-sh3bf-series.jpg","series","nortek-global-hvac-llc-nortek-global-hvac-llc-nortek-global-hvac-sh3bf-series.jpg","jpg","338536","unknown","not_recorded"
"images/series/nortek-global-hvac-llc-nortek-global-hvac-llc-nortek-global-hvac-sh4bf-series.jpg","series","nortek-global-hvac-llc-nortek-global-hvac-llc-nortek-global-hvac-sh4bf-series.jpg","jpg","52170","unknown","not_recorded"
"images/series/nortek-nortek-ultra-side-discharge.jpg","series","nortek-nortek-ultra-side-discharge.jpg","jpg","655969","unknown","not_recorded"
"images/series/northco-climatca-northco-climatca-extreme-serie.jpg","series","northco-climatca-northco-climatca-extreme-serie.jpg","jpg","541805","unknown","not_recorded"
"images/series/norton-air-conditioners-norton-air-conditioners-ohp-series.jpg","series","norton-air-conditioners-norton-air-conditioners-ohp-series.jpg","jpg","16317","unknown","not_recorded"
"images/series/nova-nova-t-pro.jpg","series","nova-nova-t-pro.jpg","jpg","128570","unknown","not_recorded"
"images/series/novair-novair-lea-series.jpg","series","novair-novair-lea-series.jpg","jpg","94052","unknown","not_recorded"
"images/series/olmo-olmo-ch-series.jpg","series","olmo-olmo-ch-series.jpg","jpg","15950","unknown","not_recorded"
"images/series/olmo-olmo-hi-ultra-hd.jpg","series","olmo-olmo-hi-ultra-hd.jpg","jpg","141210","unknown","not_recorded"
"images/series/olmo-olmo-os-series.jpg","series","olmo-olmo-os-series.jpg","jpg","57073","unknown","not_recorded"
"images/series/olmo-olmo-sierra.jpg","series","olmo-olmo-sierra.jpg","jpg","20202","unknown","not_recorded"
"images/series/ortech-ortech-mini-spilt-ducted-series.jpg","series","ortech-ortech-mini-spilt-ducted-series.jpg","jpg","146449","unknown","not_recorded"
"images/series/ouellet-ouellet-flexx.jpg","series","ouellet-ouellet-flexx.jpg","jpg","388","unknown","not_recorded"
"images/series/ouellet-ouellet-harmony.jpg","series","ouellet-ouellet-harmony.jpg","jpg","37755","unknown","not_recorded"
"images/series/ouellet-ouellet-myriad.jpg","series","ouellet-ouellet-myriad.jpg","jpg","174988","unknown","not_recorded"
"images/series/ouellet-ouellet-olympia.jpg","series","ouellet-ouellet-olympia.jpg","jpg","74593","unknown","not_recorded"
"images/series/ouellet-ouellet-pacific.jpg","series","ouellet-ouellet-pacific.jpg","jpg","363150","unknown","not_recorded"
"images/series/outes-outes-r32-18-series.jpg","series","outes-outes-r32-18-series.jpg","jpg","239652","unknown","not_recorded"
"images/series/oxbox-oxbox-oxbox-j5hp5.jpg","series","oxbox-oxbox-oxbox-j5hp5.jpg","jpg","99776","unknown","not_recorded"
"images/series/panasonic-panasonic-climapure-xz.jpg","series","panasonic-panasonic-climapure-xz.jpg","jpg","101410","unknown","not_recorded"
"images/series/panasonic-panasonic-cs-e12rkuaw-cu-e12rkua.jpg","series","panasonic-panasonic-cs-e12rkuaw-cu-e12rkua.jpg","jpg","112050","unknown","not_recorded"
"images/series/panasonic-panasonic-cs-e12sd3uaw-cu-e12sd3ua.jpg","series","panasonic-panasonic-cs-e12sd3uaw-cu-e12sd3ua.jpg","jpg","118248","unknown","not_recorded"
"images/series/panasonic-panasonic-cs-e18rkuaw-cu-e18rkua.jpg","series","panasonic-panasonic-cs-e18rkuaw-cu-e18rkua.jpg","jpg","74916","unknown","not_recorded"
"images/series/panasonic-panasonic-cs-e9rkuaw-cu-e9rkua.jpg","series","panasonic-panasonic-cs-e9rkuaw-cu-e9rkua.jpg","jpg","99695","unknown","not_recorded"
"images/series/panasonic-panasonic-cs-xe12wkuaw-cu-xe12wkua.jpg","series","panasonic-panasonic-cs-xe12wkuaw-cu-xe12wkua.jpg","jpg","146027","unknown","not_recorded"
"images/series/panasonic-panasonic-cs-xe15wkuaw-cu-xe15wkua.jpg","series","panasonic-panasonic-cs-xe15wkuaw-cu-xe15wkua.jpg","jpg","140560","unknown","not_recorded"
"images/series/panasonic-panasonic-cs-xe18wkuaw-cu-xe18wkua.jpg","series","panasonic-panasonic-cs-xe18wkuaw-cu-xe18wkua.jpg","jpg","174710","unknown","not_recorded"
"images/series/panasonic-panasonic-cs-xe9wkuaw-cu-xe9wkua.jpg","series","panasonic-panasonic-cs-xe9wkuaw-cu-xe9wkua.jpg","jpg","82188","unknown","not_recorded"
"images/series/panasonic-panasonic-cu-3e19rbu-5.jpg","series","panasonic-panasonic-cu-3e19rbu-5.jpg","jpg","169241","unknown","not_recorded"
"images/series/panasonic-panasonic-cu-4e24rbu-5.jpg","series","panasonic-panasonic-cu-4e24rbu-5.jpg","jpg","66919","unknown","not_recorded"
"images/series/panasonic-panasonic-cu-series.jpg","series","panasonic-panasonic-cu-series.jpg","jpg","152310","unknown","not_recorded"
"images/series/panasonic-panasonic-deluxe-z.jpg","series","panasonic-panasonic-deluxe-z.jpg","jpg","283047","unknown","not_recorded"
"images/series/panasonic-panasonic-exterios-e.jpg","series","panasonic-panasonic-exterios-e.jpg","jpg","144506","unknown","not_recorded"
"images/series/panasonic-panasonic-multi-zone.jpg","series","panasonic-panasonic-multi-zone.jpg","jpg","42314","unknown","not_recorded"
"images/series/panasonic-panasonic-multizone.jpg","series","panasonic-panasonic-multizone.jpg","jpg","75701","unknown","not_recorded"
"images/series/panasonic-panasonic-re-pre-series.jpg","series","panasonic-panasonic-re-pre-series.jpg","jpg","92158","unknown","not_recorded"
"images/series/payne-heating-and-cooling-payne-heating-and-cooling-15-seer2-hp.jpg","series","payne-heating-and-cooling-payne-heating-and-cooling-15-seer2-hp.jpg","jpg","30721","unknown","not_recorded"
"images/series/payne-heating-and-cooling-payne-heating-and-cooling-2-stage-18-seer-hp.jpg","series","payne-heating-and-cooling-payne-heating-and-cooling-2-stage-18-seer-hp.jpg","jpg","71586","unknown","not_recorded"
"images/series/payne-heating-and-cooling-payne-heating-and-cooling-crossover-heat-pump.jpg","series","payne-heating-and-cooling-payne-heating-and-cooling-crossover-heat-pump.jpg","jpg","131852","unknown","not_recorded"
"images/series/payne-payne-37m-series.jpg","series","payne-payne-37m-series.jpg","jpg","449458","unknown","not_recorded"
"images/series/payne-payne-38m-series-38mg-series.jpg","series","payne-payne-38m-series-38mg-series.jpg","jpg","142082","unknown","not_recorded"
"images/series/payne-payne-38m-series.jpg","series","payne-payne-38m-series.jpg","jpg","111500","unknown","not_recorded"
"images/series/payne-payne-38mar-series.jpg","series","payne-payne-38mar-series.jpg","jpg","1077036","unknown","not_recorded"
"images/series/payne-payne-38mb-series.jpg","series","payne-payne-38mb-series.jpg","jpg","63630","unknown","not_recorded"
"images/series/payne-payne-38mg-series.jpg","series","payne-payne-38mg-series.jpg","jpg","102502","unknown","not_recorded"
"images/series/payne-payne-38mh-series.jpg","series","payne-payne-38mh-series.jpg","jpg","107646","unknown","not_recorded"
"images/series/payne-payne-38mp-series.jpg","series","payne-payne-38mp-series.jpg","jpg","44614","unknown","not_recorded"
"images/series/payne-payne-38mseries.jpg","series","payne-payne-38mseries.jpg","jpg","889768","unknown","not_recorded"
"images/series/payne-payne-38mu-series.jpg","series","payne-payne-38mu-series.jpg","jpg","496027","unknown","not_recorded"
"images/series/payne-payne-38mv-series.jpg","series","payne-payne-38mv-series.jpg","jpg","172101","unknown","not_recorded"
"images/series/payne-payne-45m-series.jpg","series","payne-payne-45m-series.jpg","jpg","294651","unknown","not_recorded"
"images/series/payne-payne-d5c-series.jpg","series","payne-payne-d5c-series.jpg","jpg","1624136","unknown","not_recorded"
"images/series/payne-payne-d5m-series.jpg","series","payne-payne-d5m-series.jpg","jpg","23820","unknown","not_recorded"
"images/series/perfect-aire-perfect-aire-hi-multi-xtreme.jpg","series","perfect-aire-perfect-aire-hi-multi-xtreme.jpg","jpg","126234","unknown","not_recorded"
"images/series/perfect-aire-perfect-aire-hiultra.jpg","series","perfect-aire-perfect-aire-hiultra.jpg","jpg","289395","unknown","not_recorded"
"images/series/perfectaire-perfectaire-1pams.jpg","series","perfectaire-perfectaire-1pams.jpg","jpg","156751","unknown","not_recorded"
"images/series/perfectaire-perfectaire-3ka-series.jpg","series","perfectaire-perfectaire-3ka-series.jpg","jpg","39648","unknown","not_recorded"
"images/series/perfectaire-perfectaire-3pa-series.jpg","series","perfectaire-perfectaire-3pa-series.jpg","jpg","11380","unknown","not_recorded"
"images/series/perfectaire-perfectaire-3pahh-series.jpg","series","perfectaire-perfectaire-3pahh-series.jpg","jpg","109189","unknown","not_recorded"
"images/series/perfectaire-perfectaire-3pam-series.jpg","series","perfectaire-perfectaire-3pam-series.jpg","jpg","123534","unknown","not_recorded"
"images/series/perfectaire-perfectaire-3pam.jpg","series","perfectaire-perfectaire-3pam.jpg","jpg","90484","unknown","not_recorded"
"images/series/perfectaire-perfectaire-3pams.jpg","series","perfectaire-perfectaire-3pams.jpg","jpg","625360","unknown","not_recorded"
"images/series/perfectaire-perfectaire-3pamshh-series.jpg","series","perfectaire-perfectaire-3pamshh-series.jpg","jpg","2202084","unknown","not_recorded"
"images/series/perfectaire-perfectaire-4pam-series.jpg","series","perfectaire-perfectaire-4pam-series.jpg","jpg","432694","unknown","not_recorded"
"images/series/perfectaire-perfectaire-hiultra.jpg","series","perfectaire-perfectaire-hiultra.jpg","jpg","65530","unknown","not_recorded"
"images/series/pioneer-pioneer-diamante-fresh.jpg","series","pioneer-pioneer-diamante-fresh.jpg","jpg","753930","unknown","not_recorded"
"images/series/pioneer-pioneer-diamante-hyperformance.jpg","series","pioneer-pioneer-diamante-hyperformance.jpg","jpg","1444064","unknown","not_recorded"
"images/series/pioneer-pioneer-diamante-pro.jpg","series","pioneer-pioneer-diamante-pro.jpg","jpg","111721","unknown","not_recorded"
"images/series/pioneer-pioneer-diamante-ultra-multi.jpg","series","pioneer-pioneer-diamante-ultra-multi.jpg","jpg","1050713","unknown","not_recorded"
"images/series/pioneer-pioneer-diamante-ultra.jpg","series","pioneer-pioneer-diamante-ultra.jpg","jpg","257228","unknown","not_recorded"
"images/series/pioneer-pioneer-dyr-inverter-plus.jpg","series","pioneer-pioneer-dyr-inverter-plus.jpg","jpg","461803","unknown","not_recorded"
"images/series/pioneer-pioneer-ws-series.jpg","series","pioneer-pioneer-ws-series.jpg","jpg","860938","unknown","not_recorded"
"images/series/pioneer-pioneer-yn-series.jpg","series","pioneer-pioneer-yn-series.jpg","jpg","320165","unknown","not_recorded"
"images/series/polarwave-polarwave-aciq-series.jpg","series","polarwave-polarwave-aciq-series.jpg","jpg","15266","unknown","not_recorded"
"images/series/polarwave-polarwave-aciq.jpg","series","polarwave-polarwave-aciq.jpg","jpg","1352173","unknown","not_recorded"
"images/series/polarwave-polarwave-es-series.jpg","series","polarwave-polarwave-es-series.jpg","jpg","156654","unknown","not_recorded"
"images/series/polarwave-polarwave-ez-series.jpg","series","polarwave-polarwave-ez-series.jpg","jpg","784728","unknown","not_recorded"
"images/series/premium-levella-premium-levella-piacwmz-series.jpg","series","premium-levella-premium-levella-piacwmz-series.jpg","jpg","18780","unknown","not_recorded"
"images/series/premium-levella-premium-levella-piaw-series.jpg","series","premium-levella-premium-levella-piaw-series.jpg","jpg","131072","unknown","not_recorded"
"images/series/quebec-vair-quebec-vair-ne-series.jpg","series","quebec-vair-quebec-vair-ne-series.jpg","jpg","970206","unknown","not_recorded"
"images/series/quebec-vair-quebec-vair-ne-t52-series.jpg","series","quebec-vair-quebec-vair-ne-t52-series.jpg","jpg","970206","unknown","not_recorded"
"images/series/quebec-vair-quebec-vair-t55-series.jpg","series","quebec-vair-quebec-vair-t55-series.jpg","jpg","970206","unknown","not_recorded"
"images/series/quilt-quilt-quilt.jpg","series","quilt-quilt-quilt.jpg","jpg","118117","unknown","not_recorded"
"images/series/québecvair-québecvair-central.jpg","series","québecvair-québecvair-central.jpg","jpg","691904","unknown","not_recorded"
"images/series/québecvair-québecvair-charmo-r32.jpg","series","québecvair-québecvair-charmo-r32.jpg","jpg","86887","unknown","not_recorded"
"images/series/québecvair-québecvair-kit-nordic-airy.jpg","series","québecvair-québecvair-kit-nordic-airy.jpg","jpg","597686","unknown","not_recorded"
"images/series/québecvair-québecvair-multi.jpg","series","québecvair-québecvair-multi.jpg","jpg","753749","unknown","not_recorded"
"images/series/reznor-reznor-ultra-side-discharge.jpg","series","reznor-reznor-ultra-side-discharge.jpg","jpg","60648","unknown","not_recorded"
"images/series/rheem-rheem-classic-plus-prestige-series.jpg","series","rheem-rheem-classic-plus-prestige-series.jpg","jpg","1080036","unknown","not_recorded"
"images/series/rheem-rheem-classic-plus-versus.jpg","series","rheem-rheem-classic-plus-versus.jpg","jpg","490023","unknown","not_recorded"
"images/series/rheem-rheem-classic-plus.jpg","series","rheem-rheem-classic-plus.jpg","jpg","111047","unknown","not_recorded"
"images/series/rheem-rheem-classic-series-classic.jpg","series","rheem-rheem-classic-series-classic.jpg","jpg","130993","unknown","not_recorded"
"images/series/rheem-rheem-classic-series.jpg","series","rheem-rheem-classic-series.jpg","jpg","45642","unknown","not_recorded"
"images/series/rheem-rheem-floating-air-classic-plus.jpg","series","rheem-rheem-floating-air-classic-plus.jpg","jpg","608676","unknown","not_recorded"
"images/series/rheem-rheem-floating-air-classic.jpg","series","rheem-rheem-floating-air-classic.jpg","jpg","167933","unknown","not_recorded"
"images/series/rheem-rheem-floating-air-prestige-multi-zone-floating-air-pro.jpg","series","rheem-rheem-floating-air-prestige-multi-zone-floating-air-pro.jpg","jpg","420712","unknown","not_recorded"
"images/series/rheem-rheem-floating-air-prestige.jpg","series","rheem-rheem-floating-air-prestige.jpg","jpg","104792","unknown","not_recorded"
"images/series/rheem-rheem-floating-air-pro.jpg","series","rheem-rheem-floating-air-pro.jpg","jpg","133818","unknown","not_recorded"
"images/series/rheem-rheem-floating-air-select.jpg","series","rheem-rheem-floating-air-select.jpg","jpg","43235","unknown","not_recorded"
"images/series/rheem-rheem-prestige-series.jpg","series","rheem-rheem-prestige-series.jpg","jpg","39015","unknown","not_recorded"
"images/series/rheem-rheem-rdfxyc.jpg","series","rheem-rheem-rdfxyc.jpg","jpg","248842","unknown","not_recorded"
"images/series/rheem-rheem-rhpxyc.jpg","series","rheem-rheem-rhpxyc.jpg","jpg","45627","unknown","not_recorded"
"images/series/rheem-rheem-rhpxzs.jpg","series","rheem-rheem-rhpxzs.jpg","jpg","48870","unknown","not_recorded"
"images/series/rheem-rheem-select-versus.jpg","series","rheem-rheem-select-versus.jpg","jpg","227187","unknown","not_recorded"
"images/series/rheem-rheem-versus.jpg","series","rheem-rheem-versus.jpg","jpg","386298","unknown","not_recorded"
"images/series/rovsun-rovsun-cassette-single.jpg","series","rovsun-rovsun-cassette-single.jpg","jpg","489226","unknown","not_recorded"
"images/series/rovsun-rovsun-celling-floor-single.jpg","series","rovsun-rovsun-celling-floor-single.jpg","jpg","101190","unknown","not_recorded"
"images/series/rovsun-rovsun-duct-single.jpg","series","rovsun-rovsun-duct-single.jpg","jpg","140968","unknown","not_recorded"
"images/series/rovsun-rovsun-side-discharge.jpg","series","rovsun-rovsun-side-discharge.jpg","jpg","184774","unknown","not_recorded"
"images/series/rovsun-rovsun-t-pro.jpg","series","rovsun-rovsun-t-pro.jpg","jpg","110973","unknown","not_recorded"
"images/series/rovsun-rovsun-tpro-23.jpg","series","rovsun-rovsun-tpro-23.jpg","jpg","1906","unknown","not_recorded"
"images/series/royalton-royalton-4hp17-series.jpg","series","royalton-royalton-4hp17-series.jpg","jpg","30829","unknown","not_recorded"
"images/series/runtru-runtru-23u-multi.jpg","series","runtru-runtru-23u-multi.jpg","jpg","243799","unknown","not_recorded"
"images/series/runtru-runtru-23u-series.jpg","series","runtru-runtru-23u-series.jpg","jpg","32725","unknown","not_recorded"
"images/series/runtru-runtru-a5hl5.jpg","series","runtru-runtru-a5hl5.jpg","jpg","68979","unknown","not_recorded"
"images/series/runtru-runtru-cxv.jpg","series","runtru-runtru-cxv.jpg","jpg","116974","unknown","not_recorded"
"images/series/runtru-runtru-e4hl5.jpg","series","runtru-runtru-e4hl5.jpg","jpg","200699","unknown","not_recorded"
"images/series/russell-russell-f-series.jpg","series","russell-russell-f-series.jpg","jpg","32796","unknown","not_recorded"
"images/series/russell-russell-k-series.jpg","series","russell-russell-k-series.jpg","jpg","7911","unknown","not_recorded"
"images/series/russell-russell-rhpxyc.jpg","series","russell-russell-rhpxyc.jpg","jpg","362596","unknown","not_recorded"
"images/series/russell-russell-rhpxzs.jpg","series","russell-russell-rhpxzs.jpg","jpg","99495","unknown","not_recorded"
"images/series/russell-russell-vantix-vantix.jpg","series","russell-russell-vantix-vantix.jpg","jpg","79211","unknown","not_recorded"
"images/series/russell-russell-vantix.jpg","series","russell-russell-vantix.jpg","jpg","31472","unknown","not_recorded"
"images/series/ruud-ruud-achiever-plus-versus.jpg","series","ruud-ruud-achiever-plus-versus.jpg","jpg","65174","unknown","not_recorded"
"images/series/ruud-ruud-achiever-plus.jpg","series","ruud-ruud-achiever-plus.jpg","jpg","169743","unknown","not_recorded"
"images/series/ruud-ruud-achiever-series-achiever.jpg","series","ruud-ruud-achiever-series-achiever.jpg","jpg","63427","unknown","not_recorded"
"images/series/ruud-ruud-achiever-series.jpg","series","ruud-ruud-achiever-series.jpg","jpg","685963","unknown","not_recorded"
"images/series/ruud-ruud-choice-versus.jpg","series","ruud-ruud-choice-versus.jpg","jpg","243489","unknown","not_recorded"
"images/series/ruud-ruud-classic-plus.jpg","series","ruud-ruud-classic-plus.jpg","jpg","74589","unknown","not_recorded"
"images/series/ruud-ruud-floating-air-acheiver.jpg","series","ruud-ruud-floating-air-acheiver.jpg","jpg","86896","unknown","not_recorded"
"images/series/ruud-ruud-floating-air-achiever-plus.jpg","series","ruud-ruud-floating-air-achiever-plus.jpg","jpg","95081","unknown","not_recorded"
"images/series/ruud-ruud-floating-air-pro-floating-air-pro-ultra-multi-zone.jpg","series","ruud-ruud-floating-air-pro-floating-air-pro-ultra-multi-zone.jpg","jpg","412355","unknown","not_recorded"
"images/series/ruud-ruud-floating-air-pro.jpg","series","ruud-ruud-floating-air-pro.jpg","jpg","154575","unknown","not_recorded"
"images/series/ruud-ruud-floating-air-ultra.jpg","series","ruud-ruud-floating-air-ultra.jpg","jpg","74962","unknown","not_recorded"
"images/series/ruud-ruud-rhpxyc.jpg","series","ruud-ruud-rhpxyc.jpg","jpg","352348","unknown","not_recorded"
"images/series/ruud-ruud-rhpxzs.jpg","series","ruud-ruud-rhpxzs.jpg","jpg","231222","unknown","not_recorded"
"images/series/ruud-ruud-ultra-plus.jpg","series","ruud-ruud-ultra-plus.jpg","jpg","132160","unknown","not_recorded"
"images/series/ruud-ruud-ultra-series-ultra.jpg","series","ruud-ruud-ultra-series-ultra.jpg","jpg","21626","unknown","not_recorded"
"images/series/ruud-ruud-ultra-series.jpg","series","ruud-ruud-ultra-series.jpg","jpg","14279","unknown","not_recorded"
"images/series/ruud-ruud-versus.jpg","series","ruud-ruud-versus.jpg","jpg","1080512","unknown","not_recorded"
"images/series/samsung-samsung-1-way-cassette-windfree-premium-cac.jpg","series","samsung-samsung-1-way-cassette-windfree-premium-cac.jpg","jpg","119775","unknown","not_recorded"
"images/series/samsung-samsung-360-cassette-premium-cac.jpg","series","samsung-samsung-360-cassette-premium-cac.jpg","jpg","119775","unknown","not_recorded"
"images/series/samsung-samsung-4-way-cassette-windfree-premium-cac.jpg","series","samsung-samsung-4-way-cassette-windfree-premium-cac.jpg","jpg","119775","unknown","not_recorded"
"images/series/samsung-samsung-4-way-cassette-windfree-standard-cac.jpg","series","samsung-samsung-4-way-cassette-windfree-standard-cac.jpg","jpg","119775","unknown","not_recorded"
"images/series/samsung-samsung-bespoke-ai-windfree-pro-rac.jpg","series","samsung-samsung-bespoke-ai-windfree-pro-rac.jpg","jpg","119775","unknown","not_recorded"
"images/series/samsung-samsung-console-premium-cac.jpg","series","samsung-samsung-console-premium-cac.jpg","jpg","119775","unknown","not_recorded"
"images/series/samsung-samsung-duct-s-hsp-premium-cac.jpg","series","samsung-samsung-duct-s-hsp-premium-cac.jpg","jpg","119775","unknown","not_recorded"
"images/series/samsung-samsung-duct-s-hsp-standard-cac.jpg","series","samsung-samsung-duct-s-hsp-standard-cac.jpg","jpg","119775","unknown","not_recorded"
"images/series/samsung-samsung-dvm-s-mini.jpg","series","samsung-samsung-dvm-s-mini.jpg","jpg","119775","unknown","not_recorded"
"images/series/samsung-samsung-fjm-premium.jpg","series","samsung-samsung-fjm-premium.jpg","jpg","119775","unknown","not_recorded"
"images/series/samsung-samsung-fjm-standard.jpg","series","samsung-samsung-fjm-standard.jpg","jpg","119775","unknown","not_recorded"
"images/series/samsung-samsung-high-wall-premium-cac.jpg","series","samsung-samsung-high-wall-premium-cac.jpg","jpg","119775","unknown","not_recorded"
"images/series/samsung-samsung-high-wall-rac.jpg","series","samsung-samsung-high-wall-rac.jpg","jpg","119775","unknown","not_recorded"
"images/series/samsung-samsung-hylex-premium.jpg","series","samsung-samsung-hylex-premium.jpg","jpg","119775","unknown","not_recorded"
"images/series/samsung-samsung-hylex.jpg","series","samsung-samsung-hylex.jpg","jpg","119775","unknown","not_recorded"
"images/series/samsung-samsung-mini-4-way-cassette-windfree-premium-cac.jpg","series","samsung-samsung-mini-4-way-cassette-windfree-premium-cac.jpg","jpg","119775","unknown","not_recorded"
"images/series/samsung-samsung-multi-position-air-handler-premium-cac.jpg","series","samsung-samsung-multi-position-air-handler-premium-cac.jpg","jpg","119775","unknown","not_recorded"
"images/series/samsung-samsung-multi-position-air-handler-standard-cac.jpg","series","samsung-samsung-multi-position-air-handler-standard-cac.jpg","jpg","119775","unknown","not_recorded"
"images/series/samsung-samsung-slim-duct-lsp-premium-cac.jpg","series","samsung-samsung-slim-duct-lsp-premium-cac.jpg","jpg","119775","unknown","not_recorded"
"images/series/samsung-samsung-windfree-high-wall-premium-cac.jpg","series","samsung-samsung-windfree-high-wall-premium-cac.jpg","jpg","119775","unknown","not_recorded"
"images/series/samsung-samsung-windfree-iaq-standard-rac.jpg","series","samsung-samsung-windfree-iaq-standard-rac.jpg","jpg","119775","unknown","not_recorded"
"images/series/samsung-samsung-windfree-max-heat-rac.jpg","series","samsung-samsung-windfree-max-heat-rac.jpg","jpg","119775","unknown","not_recorded"
"images/series/samsung-samsung-windfree-premium-rac.jpg","series","samsung-samsung-windfree-premium-rac.jpg","jpg","119775","unknown","not_recorded"
"images/series/samsung-samsung-windfree-standard-rac.jpg","series","samsung-samsung-windfree-standard-rac.jpg","jpg","119775","unknown","not_recorded"
"images/series/samyou-samyou-vshp.jpg","series","samyou-samyou-vshp.jpg","jpg","64823","unknown","not_recorded"
"images/series/sea-breeze-sea-breeze-18h-series.jpg","series","sea-breeze-sea-breeze-18h-series.jpg","jpg","18613","unknown","not_recorded"
"images/series/sea-breeze-sea-breeze-24h-series.jpg","series","sea-breeze-sea-breeze-24h-series.jpg","jpg","169038","unknown","not_recorded"
"images/series/sea-breeze-sea-breeze-30h-series.jpg","series","sea-breeze-sea-breeze-30h-series.jpg","jpg","195335","unknown","not_recorded"
"images/series/sea-breeze-sea-breeze-9h-series.jpg","series","sea-breeze-sea-breeze-9h-series.jpg","jpg","737480","unknown","not_recorded"
"images/series/senville-senville-sen-series.jpg","series","senville-senville-sen-series.jpg","jpg","314191","unknown","not_recorded"
"images/series/senville-senville-sena-series.jpg","series","senville-senville-sena-series.jpg","jpg","294879","unknown","not_recorded"
"images/series/senville-senville-sendc-series.jpg","series","senville-senville-sendc-series.jpg","jpg","801567","unknown","not_recorded"
"images/series/senville-senville-sendc.jpg","series","senville-senville-sendc.jpg","jpg","82432","unknown","not_recorded"
"images/series/senville-senville-sene-series.jpg","series","senville-senville-sene-series.jpg","jpg","50429","unknown","not_recorded"
"images/series/senville-senville-senl-series.jpg","series","senville-senville-senl-series.jpg","jpg","226212","unknown","not_recorded"
"images/series/sharp-sharp-multi-zone-series.jpg","series","sharp-sharp-multi-zone-series.jpg","jpg","25234","unknown","not_recorded"
"images/series/sharp-sharp-single-zone-series.jpg","series","sharp-sharp-single-zone-series.jpg","jpg","972","unknown","not_recorded"
"images/series/simply-the-best-minisplits-simply-the-best-minisplits-sbm-series.jpg","series","simply-the-best-minisplits-simply-the-best-minisplits-sbm-series.jpg","jpg","133682","unknown","not_recorded"
"images/series/sinclair-air-conditioning-sinclair-air-conditioning-bh714s-series.jpg","series","sinclair-air-conditioning-sinclair-air-conditioning-bh714s-series.jpg","jpg","374491","unknown","not_recorded"
"images/series/slimair-slimair-shc-series.jpg","series","slimair-slimair-shc-series.jpg","jpg","279708","unknown","not_recorded"
"images/series/slimair-slimair-shd-series.jpg","series","slimair-slimair-shd-series.jpg","jpg","148004","unknown","not_recorded"
"images/series/smart-comfort-smart-comfort-15-seer2-hp.jpg","series","smart-comfort-smart-comfort-15-seer2-hp.jpg","jpg","317154","unknown","not_recorded"
"images/series/smart-comfort-smart-comfort-15-seer2-r-series-r410a-hp.jpg","series","smart-comfort-smart-comfort-15-seer2-r-series-r410a-hp.jpg","jpg","118382","unknown","not_recorded"
"images/series/smart-comfort-smart-comfort-crossover-heat-pump.jpg","series","smart-comfort-smart-comfort-crossover-heat-pump.jpg","jpg","79528","unknown","not_recorded"
"images/series/smart-comfort-smart-comfort-d5c-series.jpg","series","smart-comfort-smart-comfort-d5c-series.jpg","jpg","236548","unknown","not_recorded"
"images/series/smart-comfort-smart-comfort-d5f-series.jpg","series","smart-comfort-smart-comfort-d5f-series.jpg","jpg","116480","unknown","not_recorded"
"images/series/smart-comfort-smart-comfort-dl-series.jpg","series","smart-comfort-smart-comfort-dl-series.jpg","jpg","59706","unknown","not_recorded"
"images/series/smart-comfort-smart-comfort-dlc-series.jpg","series","smart-comfort-smart-comfort-dlc-series.jpg","jpg","315282","unknown","not_recorded"
"images/series/smart-comfort-smart-comfort-dlcp-series.jpg","series","smart-comfort-smart-comfort-dlcp-series.jpg","jpg","239016","unknown","not_recorded"
"images/series/smart-comfort-smart-comfort-dlseries.jpg","series","smart-comfort-smart-comfort-dlseries.jpg","jpg","124212","unknown","not_recorded"
"images/series/smart-comfort-smart-comfort-performance-15-seer2-hp.jpg","series","smart-comfort-smart-comfort-performance-15-seer2-hp.jpg","jpg","56618","unknown","not_recorded"
"images/series/smart-comfort-smart-comfort-performance-16-seer2-hp.jpg","series","smart-comfort-smart-comfort-performance-16-seer2-hp.jpg","jpg","816231","unknown","not_recorded"
"images/series/smartflex-smartflex-ezi.jpg","series","smartflex-smartflex-ezi.jpg","jpg","43898","unknown","not_recorded"
"images/series/smartflex-smartflex-m-series.jpg","series","smartflex-smartflex-m-series.jpg","jpg","378874","unknown","not_recorded"
"images/series/smartflex-smartflex-x-series.jpg","series","smartflex-smartflex-x-series.jpg","jpg","42705","unknown","not_recorded"
"images/series/star-air-kontrol-star-air-kontrol-sak-series.jpg","series","star-air-kontrol-star-air-kontrol-sak-series.jpg","jpg","144749","unknown","not_recorded"
"images/series/stealth-comfort-stealth-comfort-extreme-heat-inverter-rooftop.jpg","series","stealth-comfort-stealth-comfort-extreme-heat-inverter-rooftop.jpg","jpg","126234","unknown","not_recorded"
"images/series/stealth-comfort-stealth-comfort-extreme-heat.jpg","series","stealth-comfort-stealth-comfort-extreme-heat.jpg","jpg","74882","unknown","not_recorded"
"images/series/stealth-comfort-stealth-comfort-r32-extreme-heat-unitary.jpg","series","stealth-comfort-stealth-comfort-r32-extreme-heat-unitary.jpg","jpg","410576","unknown","not_recorded"
"images/series/stealth-comfort-stealth-comfort-ultra-heat-unitary-condensing-unit.jpg","series","stealth-comfort-stealth-comfort-ultra-heat-unitary-condensing-unit.jpg","jpg","142377","unknown","not_recorded"
"images/series/stealth-stealth-aciq-series.jpg","series","stealth-stealth-aciq-series.jpg","jpg","1196834","unknown","not_recorded"
"images/series/stealth-stealth-aciq.jpg","series","stealth-stealth-aciq.jpg","jpg","59356","unknown","not_recorded"
"images/series/stealth-stealth-es-series.jpg","series","stealth-stealth-es-series.jpg","jpg","305007","unknown","not_recorded"
"images/series/stelpro-stelpro-elite-b.jpg","series","stelpro-stelpro-elite-b.jpg","jpg","234614","unknown","not_recorded"
"images/series/stelpro-stelpro-sahb-series.jpg","series","stelpro-stelpro-sahb-series.jpg","jpg","13995","unknown","not_recorded"
"images/series/stelpro-stelpro-sdb-series.jpg","series","stelpro-stelpro-sdb-series.jpg","jpg","53266","unknown","not_recorded"
"images/series/stelpro-stelpro-sepb-series.jpg","series","stelpro-stelpro-sepb-series.jpg","jpg","55320","unknown","not_recorded"
"images/series/stelpro-stelpro-sfcb1-series.jpg","series","stelpro-stelpro-sfcb1-series.jpg","jpg","135304","unknown","not_recorded"
"images/series/stelpro-stelpro-sicb1-series.jpg","series","stelpro-stelpro-sicb1-series.jpg","jpg","137535","unknown","not_recorded"
"images/series/stelpro-stelpro-smz-series.jpg","series","stelpro-stelpro-smz-series.jpg","jpg","110090","unknown","not_recorded"
"images/series/sum-x-sum-x-hiultra.jpg","series","sum-x-sum-x-hiultra.jpg","jpg","205911","unknown","not_recorded"
"images/series/sum-x-sum-x-sm-coil.jpg","series","sum-x-sum-x-sm-coil.jpg","jpg","61553","unknown","not_recorded"
"images/series/sum-x-sum-x-sm.jpg","series","sum-x-sum-x-sm.jpg","jpg","425248","unknown","not_recorded"
"images/series/supreme-supreme-ne-t52-series.jpg","series","supreme-supreme-ne-t52-series.jpg","jpg","561215","unknown","not_recorded"
"images/series/supreme-supreme-t55-series.jpg","series","supreme-supreme-t55-series.jpg","jpg","80211","unknown","not_recorded"
"images/series/supreme-supreme-ys-series.jpg","series","supreme-supreme-ys-series.jpg","jpg","21075","unknown","not_recorded"
"images/series/sure-sure-k-series.jpg","series","sure-sure-k-series.jpg","jpg","169041","unknown","not_recorded"
"images/series/sure-sure-none-vantix.jpg","series","sure-sure-none-vantix.jpg","jpg","55368","unknown","not_recorded"
"images/series/sure-sure-rdfxyc.jpg","series","sure-sure-rdfxyc.jpg","jpg","843280","unknown","not_recorded"
"images/series/sure-sure-rhpxyc.jpg","series","sure-sure-rhpxyc.jpg","jpg","56402","unknown","not_recorded"
"images/series/sure-sure-vantix-vantix.jpg","series","sure-sure-vantix-vantix.jpg","jpg","14356","unknown","not_recorded"
"images/series/sure-sure-vantix.jpg","series","sure-sure-vantix.jpg","jpg","550358","unknown","not_recorded"
"images/series/tcl-tcl-ahud24.jpg","series","tcl-tcl-ahud24.jpg","jpg","1351382","unknown","not_recorded"
"images/series/tcl-tcl-apex-multi-match-hyper-heat-apex-multi-match-series.jpg","series","tcl-tcl-apex-multi-match-hyper-heat-apex-multi-match-series.jpg","jpg","161895","unknown","not_recorded"
"images/series/tcl-tcl-apex-xs-series-unitary-hp.jpg","series","tcl-tcl-apex-xs-series-unitary-hp.jpg","jpg","747780","unknown","not_recorded"
"images/series/tcl-tcl-breezein.jpg","series","tcl-tcl-breezein.jpg","jpg","249230","unknown","not_recorded"
"images/series/tcl-tcl-cassette-single.jpg","series","tcl-tcl-cassette-single.jpg","jpg","125048","unknown","not_recorded"
"images/series/tcl-tcl-celling-floor-single.jpg","series","tcl-tcl-celling-floor-single.jpg","jpg","45433","unknown","not_recorded"
"images/series/tcl-tcl-duct-single.jpg","series","tcl-tcl-duct-single.jpg","jpg","132952","unknown","not_recorded"
"images/series/tcl-tcl-elite.jpg","series","tcl-tcl-elite.jpg","jpg","122054","unknown","not_recorded"
"images/series/tcl-tcl-exheat.jpg","series","tcl-tcl-exheat.jpg","jpg","146746","unknown","not_recorded"
"images/series/tcl-tcl-free-match-27s-ht.jpg","series","tcl-tcl-free-match-27s-ht.jpg","jpg","77222","unknown","not_recorded"
"images/series/tcl-tcl-free-match-27s.jpg","series","tcl-tcl-free-match-27s.jpg","jpg","159372","unknown","not_recorded"
"images/series/tcl-tcl-free-matcht-24s-r32.jpg","series","tcl-tcl-free-matcht-24s-r32.jpg","jpg","159896","unknown","not_recorded"
"images/series/tcl-tcl-front-return.jpg","series","tcl-tcl-front-return.jpg","jpg","745297","unknown","not_recorded"
"images/series/tcl-tcl-ivs-18.jpg","series","tcl-tcl-ivs-18.jpg","jpg","193176","unknown","not_recorded"
"images/series/tcl-tcl-mulit-zone.jpg","series","tcl-tcl-mulit-zone.jpg","jpg","181325","unknown","not_recorded"
"images/series/tcl-tcl-p7.jpg","series","tcl-tcl-p7.jpg","jpg","288387","unknown","not_recorded"
"images/series/tcl-tcl-r32-cassette-21s.jpg","series","tcl-tcl-r32-cassette-21s.jpg","jpg","588613","unknown","not_recorded"
"images/series/tcl-tcl-r32-celing-floor-21s.jpg","series","tcl-tcl-r32-celing-floor-21s.jpg","jpg","568090","unknown","not_recorded"
"images/series/tcl-tcl-r32-x-21s.jpg","series","tcl-tcl-r32-x-21s.jpg","jpg","179220","unknown","not_recorded"
"images/series/tcl-tcl-savein-20s.jpg","series","tcl-tcl-savein-20s.jpg","jpg","101561","unknown","not_recorded"
"images/series/tcl-tcl-t-plus.jpg","series","tcl-tcl-t-plus.jpg","jpg","29764","unknown","not_recorded"
"images/series/tcl-tcl-t-pro-25es.jpg","series","tcl-tcl-t-pro-25es.jpg","jpg","1932129","unknown","not_recorded"
"images/series/tcl-tcl-t-pro.jpg","series","tcl-tcl-t-pro.jpg","jpg","20425","unknown","not_recorded"
"images/series/tcl-tcl-th24.jpg","series","tcl-tcl-th24.jpg","jpg","105660","unknown","not_recorded"
"images/series/tcl-tcl-thh2.jpg","series","tcl-tcl-thh2.jpg","jpg","3529501","unknown","not_recorded"
"images/series/tcl-tcl-top-24.jpg","series","tcl-tcl-top-24.jpg","jpg","75290","unknown","not_recorded"
"images/series/tcl-tcl-ts1.jpg","series","tcl-tcl-ts1.jpg","jpg","546406","unknown","not_recorded"
"images/series/tcl-tcl-tum24.jpg","series","tcl-tcl-tum24.jpg","jpg","34386","unknown","not_recorded"
"images/series/tcl-tcl-voxin-21s.jpg","series","tcl-tcl-voxin-21s.jpg","jpg","153559","unknown","not_recorded"
"images/series/tcl-tcl-voxin.jpg","series","tcl-tcl-voxin.jpg","jpg","131725","unknown","not_recorded"
"images/series/tempstar-tempstar-2-stage-18-seer-hp.jpg","series","tempstar-tempstar-2-stage-18-seer-hp.jpg","jpg","126075","unknown","not_recorded"
"images/series/tempstar-tempstar-38m-series.jpg","series","tempstar-tempstar-38m-series.jpg","jpg","415223","unknown","not_recorded"
"images/series/tempstar-tempstar-crossover-heat-pump.jpg","series","tempstar-tempstar-crossover-heat-pump.jpg","jpg","65444","unknown","not_recorded"
"images/series/tempstar-tempstar-d5c-series.jpg","series","tempstar-tempstar-d5c-series.jpg","jpg","105209","unknown","not_recorded"
"images/series/tempstar-tempstar-d5f-series.jpg","series","tempstar-tempstar-d5f-series.jpg","jpg","93673","unknown","not_recorded"
"images/series/tempstar-tempstar-dlc-series.jpg","series","tempstar-tempstar-dlc-series.jpg","jpg","116648","unknown","not_recorded"
"images/series/tempstar-tempstar-dlcp-series.jpg","series","tempstar-tempstar-dlcp-series.jpg","jpg","22297","unknown","not_recorded"
"images/series/tempstar-tempstar-dlcs-series.jpg","series","tempstar-tempstar-dlcs-series.jpg","jpg","69980","unknown","not_recorded"
"images/series/tempstar-tempstar-dlseries.jpg","series","tempstar-tempstar-dlseries.jpg","jpg","57874","unknown","not_recorded"
"images/series/tempstar-tempstar-mainline-18-seer2-hp.jpg","series","tempstar-tempstar-mainline-18-seer2-hp.jpg","jpg","95799","unknown","not_recorded"
"images/series/tempstar-tempstar-performance-19-seer2-vs-hp.jpg","series","tempstar-tempstar-performance-19-seer2-vs-hp.jpg","jpg","103957","unknown","not_recorded"
"images/series/tempstar-tempstar-quietcomfort-19-seer2-vs-hp.jpg","series","tempstar-tempstar-quietcomfort-19-seer2-vs-hp.jpg","jpg","122690","unknown","not_recorded"
"images/series/tempstar-tempstar-smartcomfort-deluxe-18-vs-hp.jpg","series","tempstar-tempstar-smartcomfort-deluxe-18-vs-hp.jpg","jpg","151352","unknown","not_recorded"
"images/series/tempstar-tempstar-smartsense-20-vs-hp.jpg","series","tempstar-tempstar-smartsense-20-vs-hp.jpg","jpg","22333","unknown","not_recorded"
"images/series/tempstar-tempstar-smartsense-23-vs-hp.jpg","series","tempstar-tempstar-smartsense-23-vs-hp.jpg","jpg","280294","unknown","not_recorded"
"images/series/tgm-tgm-all-match.jpg","series","tgm-tgm-all-match.jpg","jpg","67997","unknown","not_recorded"
"images/series/tgm-tgm-c-series.jpg","series","tgm-tgm-c-series.jpg","jpg","21283","unknown","not_recorded"
"images/series/tgm-tgm-flexx.jpg","series","tgm-tgm-flexx.jpg","jpg","128038","unknown","not_recorded"
"images/series/tgm-tgm-m-series.jpg","series","tgm-tgm-m-series.jpg","jpg","109672","unknown","not_recorded"
"images/series/tgm-tgm-mm-series.jpg","series","tgm-tgm-mm-series.jpg","jpg","105637","unknown","not_recorded"
"images/series/tgm-tgm-mr-series.jpg","series","tgm-tgm-mr-series.jpg","jpg","137141","unknown","not_recorded"
"images/series/tgm-tgm-mrs-series.jpg","series","tgm-tgm-mrs-series.jpg","jpg","595231","unknown","not_recorded"
"images/series/tgm-tgm-zeno.jpg","series","tgm-tgm-zeno.jpg","jpg","172527","unknown","not_recorded"
"images/series/the-heat-pump-the-heat-pump-e-series.jpg","series","the-heat-pump-the-heat-pump-e-series.jpg","jpg","16070","unknown","not_recorded"
"images/series/thermal-zone-thermal-zone-classic-plusachiever-plus.jpg","series","thermal-zone-thermal-zone-classic-plusachiever-plus.jpg","jpg","130951","unknown","not_recorded"
"images/series/thermal-zone-thermal-zone-series.jpg","series","thermal-zone-thermal-zone-series.jpg","jpg","735722","unknown","not_recorded"
"images/series/thermal-zone-thermal-zone-tz-series-tzid-series.jpg","series","thermal-zone-thermal-zone-tz-series-tzid-series.jpg","jpg","196754","unknown","not_recorded"
"images/series/thermal-zone-thermal-zone-tz-series.jpg","series","thermal-zone-thermal-zone-tz-series.jpg","jpg","324704","unknown","not_recorded"
"images/series/thermal-zone-thermal-zone-tzid-series.jpg","series","thermal-zone-thermal-zone-tzid-series.jpg","jpg","21626","unknown","not_recorded"
"images/series/thermal-zone-thermal-zone-value.jpg","series","thermal-zone-thermal-zone-value.jpg","jpg","523319","unknown","not_recorded"
"images/series/thermoflux-thermoflux-high-heat-split.jpg","series","thermoflux-thermoflux-high-heat-split.jpg","jpg","59879","unknown","not_recorded"
"images/series/toshiba-carrier-toshiba-carrier-mcy-map0367hs-ul.jpg","series","toshiba-carrier-toshiba-carrier-mcy-map0367hs-ul.jpg","jpg","53516","unknown","not_recorded"
"images/series/toshiba-carrier-toshiba-carrier-mcy-map0487hs-ul.jpg","series","toshiba-carrier-toshiba-carrier-mcy-map0487hs-ul.jpg","jpg","82601","unknown","not_recorded"
"images/series/toshiba-carrier-toshiba-carrier-mcy-map0607hs-ul.jpg","series","toshiba-carrier-toshiba-carrier-mcy-map0607hs-ul.jpg","jpg","156371","unknown","not_recorded"
"images/series/toshiba-carrier-toshiba-carrier-mcy-mub0368hs2p-ul.jpg","series","toshiba-carrier-toshiba-carrier-mcy-mub0368hs2p-ul.jpg","jpg","126821","unknown","not_recorded"
"images/series/toshiba-carrier-toshiba-carrier-mcy-mub0488hs2p-ul.jpg","series","toshiba-carrier-toshiba-carrier-mcy-mub0488hs2p-ul.jpg","jpg","121060","unknown","not_recorded"
"images/series/toshiba-carrier-toshiba-carrier-mcy-mub0608hs2p-ul.jpg","series","toshiba-carrier-toshiba-carrier-mcy-mub0608hs2p-ul.jpg","jpg","174932","unknown","not_recorded"
"images/series/toshiba-carrier-toshiba-carrier-rav-bp121at2p-ul.jpg","series","toshiba-carrier-toshiba-carrier-rav-bp121at2p-ul.jpg","jpg","113878","unknown","not_recorded"
"images/series/toshiba-carrier-toshiba-carrier-rav-bp181at2p-ul.jpg","series","toshiba-carrier-toshiba-carrier-rav-bp181at2p-ul.jpg","jpg","21626","unknown","not_recorded"
"images/series/toshiba-carrier-toshiba-carrier-rav-bp241at2p-ul.jpg","series","toshiba-carrier-toshiba-carrier-rav-bp241at2p-ul.jpg","jpg","554652","unknown","not_recorded"
"images/series/toshiba-carrier-toshiba-carrier-rav-bp301at2p-ul.jpg","series","toshiba-carrier-toshiba-carrier-rav-bp301at2p-ul.jpg","jpg","94602","unknown","not_recorded"
"images/series/toshiba-carrier-toshiba-carrier-rav-bp361at2p-ul.jpg","series","toshiba-carrier-toshiba-carrier-rav-bp361at2p-ul.jpg","jpg","95448","unknown","not_recorded"
"images/series/toshiba-carrier-toshiba-carrier-rav-bp421at2p-ul.jpg","series","toshiba-carrier-toshiba-carrier-rav-bp421at2p-ul.jpg","jpg","16011","unknown","not_recorded"
"images/series/toshiba-carrier-toshiba-carrier-toshiba-mini.jpg","series","toshiba-carrier-toshiba-carrier-toshiba-mini.jpg","jpg","68162","unknown","not_recorded"
"images/series/tosot-tosot-17-seer-dc-inverter-rooftop-unit.jpg","series","tosot-tosot-17-seer-dc-inverter-rooftop-unit.jpg","jpg","176529","unknown","not_recorded"
"images/series/tosot-tosot-360-air-discharge-cassette-unit.jpg","series","tosot-tosot-360-air-discharge-cassette-unit.jpg","jpg","594288","unknown","not_recorded"
"images/series/tosot-tosot-360air-discharge-cassette-unit.jpg","series","tosot-tosot-360air-discharge-cassette-unit.jpg","jpg","721156","unknown","not_recorded"
"images/series/tosot-tosot-airy.jpg","series","tosot-tosot-airy.jpg","jpg","168345","unknown","not_recorded"
"images/series/tosot-tosot-all-match.jpg","series","tosot-tosot-all-match.jpg","jpg","83831","unknown","not_recorded"
"images/series/tosot-tosot-aoraki.jpg","series","tosot-tosot-aoraki.jpg","jpg","122481","unknown","not_recorded"
"images/series/tosot-tosot-charmo.jpg","series","tosot-tosot-charmo.jpg","jpg","354938","unknown","not_recorded"
"images/series/tosot-tosot-clivia.jpg","series","tosot-tosot-clivia.jpg","jpg","284015","unknown","not_recorded"
"images/series/tosot-tosot-console.jpg","series","tosot-tosot-console.jpg","jpg","311016","unknown","not_recorded"
"images/series/tosot-tosot-cosmo.jpg","series","tosot-tosot-cosmo.jpg","jpg","21626","unknown","not_recorded"
"images/series/tosot-tosot-dc-inverter-rooftop-unit.jpg","series","tosot-tosot-dc-inverter-rooftop-unit.jpg","jpg","1074718","unknown","not_recorded"
"images/series/tosot-tosot-ducted.jpg","series","tosot-tosot-ducted.jpg","jpg","48024","unknown","not_recorded"
"images/series/tosot-tosot-e-series.jpg","series","tosot-tosot-e-series.jpg","jpg","143303","unknown","not_recorded"
"images/series/tosot-tosot-flexx-high-efficiency-series.jpg","series","tosot-tosot-flexx-high-efficiency-series.jpg","jpg","44416","unknown","not_recorded"
"images/series/tosot-tosot-flexx-ultra-heat-series.jpg","series","tosot-tosot-flexx-ultra-heat-series.jpg","jpg","715974","unknown","not_recorded"
"images/series/tosot-tosot-floor-ceiling.jpg","series","tosot-tosot-floor-ceiling.jpg","jpg","62952","unknown","not_recorded"
"images/series/tosot-tosot-free-match-m-series.jpg","series","tosot-tosot-free-match-m-series.jpg","jpg","26086","unknown","not_recorded"
"images/series/tosot-tosot-free-match.jpg","series","tosot-tosot-free-match.jpg","jpg","119751","unknown","not_recorded"
"images/series/tosot-tosot-g-series.jpg","series","tosot-tosot-g-series.jpg","jpg","140317","unknown","not_recorded"
"images/series/tosot-tosot-j-series.jpg","series","tosot-tosot-j-series.jpg","jpg","75632","unknown","not_recorded"
"images/series/tosot-tosot-lomo.jpg","series","tosot-tosot-lomo.jpg","jpg","935979","unknown","not_recorded"
"images/series/tosot-tosot-m-series.jpg","series","tosot-tosot-m-series.jpg","jpg","120109","unknown","not_recorded"
"images/series/tosot-tosot-multi-r32-ao.jpg","series","tosot-tosot-multi-r32-ao.jpg","jpg","146999","unknown","not_recorded"
"images/series/tosot-tosot-multi-zone.jpg","series","tosot-tosot-multi-zone.jpg","jpg","205140","unknown","not_recorded"
"images/series/tosot-tosot-one-way-air-discharge-cassette-unit.jpg","series","tosot-tosot-one-way-air-discharge-cassette-unit.jpg","jpg","126234","unknown","not_recorded"
"images/series/tosot-tosot-pular.jpg","series","tosot-tosot-pular.jpg","jpg","29740","unknown","not_recorded"
"images/series/tosot-tosot-r32-freematch.jpg","series","tosot-tosot-r32-freematch.jpg","jpg","159345","unknown","not_recorded"
"images/series/tosot-tosot-ultra-heat-flexx.jpg","series","tosot-tosot-ultra-heat-flexx.jpg","jpg","591918","unknown","not_recorded"
"images/series/tosot-tosot-ultra-heat-gmv6-mini.jpg","series","tosot-tosot-ultra-heat-gmv6-mini.jpg","jpg","30055","unknown","not_recorded"
"images/series/trane-mitsubishi-electric-trane-mitsubishi-electric-m-series.jpg","series","trane-mitsubishi-electric-trane-mitsubishi-electric-m-series.jpg","jpg","93994","unknown","not_recorded"
"images/series/trane-mitsubishi-electric-trane-mitsubishi-electric-nv-series.jpg","series","trane-mitsubishi-electric-trane-mitsubishi-electric-nv-series.jpg","jpg","4184","unknown","not_recorded"
"images/series/trane-mitsubishi-electric-trane-mitsubishi-electric-p-series.jpg","series","trane-mitsubishi-electric-trane-mitsubishi-electric-p-series.jpg","jpg","87978","unknown","not_recorded"
"images/series/trane-trane-17-multi-speed-heat-pump.jpg","series","trane-trane-17-multi-speed-heat-pump.jpg","jpg","1593738","unknown","not_recorded"
"images/series/trane-trane-18-trucomfort-variable-speed-heat-pump.jpg","series","trane-trane-18-trucomfort-variable-speed-heat-pump.jpg","jpg","1213","unknown","not_recorded"
"images/series/trane-trane-20-trucomfort-variable-speed-heat-pump-with-weatherguard-top.jpg","series","trane-trane-20-trucomfort-variable-speed-heat-pump-with-weatherguard-top.jpg","jpg","1806177","unknown","not_recorded"
"images/series/trane-trane-20-trucomfort-variable-speed-heat-pump.jpg","series","trane-trane-20-trucomfort-variable-speed-heat-pump.jpg","jpg","130433","unknown","not_recorded"
"images/series/trane-trane-23-mz-series.jpg","series","trane-trane-23-mz-series.jpg","jpg","116383","unknown","not_recorded"
"images/series/trane-trane-25-series.jpg","series","trane-trane-25-series.jpg","jpg","428366","unknown","not_recorded"
"images/series/trane-trane-38-series.jpg","series","trane-trane-38-series.jpg","jpg","148812","unknown","not_recorded"
"images/series/trane-trane-f-series.jpg","series","trane-trane-f-series.jpg","jpg","68331","unknown","not_recorded"
"images/series/trane-trane-m-series.jpg","series","trane-trane-m-series.jpg","jpg","26908","unknown","not_recorded"
"images/series/trane-trane-xv17.jpg","series","trane-trane-xv17.jpg","jpg","110972","unknown","not_recorded"
"images/series/trane-trane-xv18-xv18i.jpg","series","trane-trane-xv18-xv18i.jpg","jpg","427032","unknown","not_recorded"
"images/series/trane-trane-xv18.jpg","series","trane-trane-xv18.jpg","jpg","223962","unknown","not_recorded"
"images/series/trane-trane-xv18i.jpg","series","trane-trane-xv18i.jpg","jpg","103527","unknown","not_recorded"
"images/series/trane-trane-xv19.jpg","series","trane-trane-xv19.jpg","jpg","41377","unknown","not_recorded"
"images/series/trane-trane-xv20i.jpg","series","trane-trane-xv20i.jpg","jpg","163626","unknown","not_recorded"
"images/series/traneamerican-standard-traneamerican-standard-m-series.jpg","series","traneamerican-standard-traneamerican-standard-m-series.jpg","jpg","489351","unknown","not_recorded"
"images/series/traneamerican-standard-traneamerican-standard-p-series.jpg","series","traneamerican-standard-traneamerican-standard-p-series.jpg","jpg","115996","unknown","not_recorded"
"images/series/trust-air-conditioners-trust-air-conditioners-aa-series.jpg","series","trust-air-conditioners-trust-air-conditioners-aa-series.jpg","jpg","55817","unknown","not_recorded"
"images/series/trust-air-conditioners-trust-air-conditioners-ah-series.jpg","series","trust-air-conditioners-trust-air-conditioners-ah-series.jpg","jpg","23377","unknown","not_recorded"
"images/series/trust-air-conditioners-trust-air-conditioners-ce-series.jpg","series","trust-air-conditioners-trust-air-conditioners-ce-series.jpg","jpg","167301","unknown","not_recorded"
"images/series/trust-air-conditioners-trust-air-conditioners-cx-series.jpg","series","trust-air-conditioners-trust-air-conditioners-cx-series.jpg","jpg","181640","unknown","not_recorded"
"images/series/trust-air-conditioners-trust-air-conditioners-infinity.jpg","series","trust-air-conditioners-trust-air-conditioners-infinity.jpg","jpg","263414","unknown","not_recorded"
"images/series/trust-air-conditioners-trust-air-conditioners-is-series.jpg","series","trust-air-conditioners-trust-air-conditioners-is-series.jpg","jpg","1126881","unknown","not_recorded"
"images/series/trust-air-conditioners-trust-air-conditioners-lmu303hv.jpg","series","trust-air-conditioners-trust-air-conditioners-lmu303hv.jpg","jpg","74108","unknown","not_recorded"
"images/series/trust-air-conditioners-trust-air-conditioners-m-series.jpg","series","trust-air-conditioners-trust-air-conditioners-m-series.jpg","jpg","28419","unknown","not_recorded"
"images/series/trust-air-conditioners-trust-air-conditioners-m3-series.jpg","series","trust-air-conditioners-trust-air-conditioners-m3-series.jpg","jpg","178981","unknown","not_recorded"
"images/series/trust-air-conditioners-trust-air-conditioners-m4-series.jpg","series","trust-air-conditioners-trust-air-conditioners-m4-series.jpg","jpg","624624","unknown","not_recorded"
"images/series/trust-air-conditioners-trust-air-conditioners-m5-series.jpg","series","trust-air-conditioners-trust-air-conditioners-m5-series.jpg","jpg","397369","unknown","not_recorded"
"images/series/trust-air-conditioners-trust-air-conditioners-m6-series.jpg","series","trust-air-conditioners-trust-air-conditioners-m6-series.jpg","jpg","38736","unknown","not_recorded"
"images/series/trust-air-conditioners-trust-air-conditioners-o-series.jpg","series","trust-air-conditioners-trust-air-conditioners-o-series.jpg","jpg","407558","unknown","not_recorded"
"images/series/trust-air-conditioners-trust-air-conditioners-oah-series.jpg","series","trust-air-conditioners-trust-air-conditioners-oah-series.jpg","jpg","207420","unknown","not_recorded"
"images/series/trust-air-conditioners-trust-air-conditioners-ous-series.jpg","series","trust-air-conditioners-trust-air-conditioners-ous-series.jpg","jpg","71368","unknown","not_recorded"
"images/series/turbofin-turbofin-t-pro.jpg","series","turbofin-turbofin-t-pro.jpg","jpg","63903","unknown","not_recorded"
"images/series/turbro-turbro-t-pro.jpg","series","turbro-turbro-t-pro.jpg","jpg","404151","unknown","not_recorded"
"images/series/turcotte-turcotte-t-pro.jpg","series","turcotte-turcotte-t-pro.jpg","jpg","243901","unknown","not_recorded"
"images/series/utl-utl-ahu.jpg","series","utl-utl-ahu.jpg","jpg","182248","unknown","not_recorded"
"images/series/utl-utl-side-discharge.jpg","series","utl-utl-side-discharge.jpg","jpg","39763","unknown","not_recorded"
"images/series/utl-utl-top-discharge.jpg","series","utl-utl-top-discharge.jpg","jpg","262932","unknown","not_recorded"
"images/series/utl-utl-wall-mount-ahu.jpg","series","utl-utl-wall-mount-ahu.jpg","jpg","14328","unknown","not_recorded"
"images/series/viessmann-viessmann-crossover-heat-pump.jpg","series","viessmann-viessmann-crossover-heat-pump.jpg","jpg","163188","unknown","not_recorded"
"images/series/viessmann-viessmann-d5c-series.jpg","series","viessmann-viessmann-d5c-series.jpg","jpg","97831","unknown","not_recorded"
"images/series/viessmann-viessmann-dl-series.jpg","series","viessmann-viessmann-dl-series.jpg","jpg","126667","unknown","not_recorded"
"images/series/viessmann-viessmann-dlc-series.jpg","series","viessmann-viessmann-dlc-series.jpg","jpg","163459","unknown","not_recorded"
"images/series/viessmann-viessmann-dlcp-series.jpg","series","viessmann-viessmann-dlcp-series.jpg","jpg","98491","unknown","not_recorded"
"images/series/viessmann-viessmann-dlseries.jpg","series","viessmann-viessmann-dlseries.jpg","jpg","753663","unknown","not_recorded"
"images/series/vino-vino-nora.jpg","series","vino-vino-nora.jpg","jpg","366500","unknown","not_recorded"
"images/series/vino-vino-vshp.jpg","series","vino-vino-vshp.jpg","jpg","594735","unknown","not_recorded"
"images/series/vkin-vkin-ahu.jpg","series","vkin-vkin-ahu.jpg","jpg","1912797","unknown","not_recorded"
"images/series/vkin-vkin-hiultra.jpg","series","vkin-vkin-hiultra.jpg","jpg","25980","unknown","not_recorded"
"images/series/vkin-vkin-side-discharge.jpg","series","vkin-vkin-side-discharge.jpg","jpg","192227","unknown","not_recorded"
"images/series/vkin-vkin-t-pro.jpg","series","vkin-vkin-t-pro.jpg","jpg","148308","unknown","not_recorded"
"images/series/voltas-voltas-multimax-vertis-series.jpg","series","voltas-voltas-multimax-vertis-series.jpg","jpg","60226","unknown","not_recorded"
"images/series/voltas-voltas-vertis-series.jpg","series","voltas-voltas-vertis-series.jpg","jpg","152387","unknown","not_recorded"
"images/series/voltas-voltas-whole-house-heat-pump-vertis-series-coil.jpg","series","voltas-voltas-whole-house-heat-pump-vertis-series-coil.jpg","jpg","30680","unknown","not_recorded"
"images/series/voltas-voltas-whole-house-heat-pump-vertis-series.jpg","series","voltas-voltas-whole-house-heat-pump-vertis-series.jpg","jpg","72180","unknown","not_recorded"
"images/series/wabban-wabban-lomo-plus.jpg","series","wabban-wabban-lomo-plus.jpg","jpg","729709","unknown","not_recorded"
"images/series/wabban-wabban-multi-zone.jpg","series","wabban-wabban-multi-zone.jpg","jpg","221335","unknown","not_recorded"
"images/series/wabban-wabban-pular-25.jpg","series","wabban-wabban-pular-25.jpg","jpg","348022","unknown","not_recorded"
"images/series/weatherking-weatherking-classic-series.jpg","series","weatherking-weatherking-classic-series.jpg","jpg","809586","unknown","not_recorded"
"images/series/weatherking-weatherking-rhpxzs.jpg","series","weatherking-weatherking-rhpxzs.jpg","jpg","92603","unknown","not_recorded"
"images/series/weatherking-weatherking-versus.jpg","series","weatherking-weatherking-versus.jpg","jpg","1424564","unknown","not_recorded"
"images/series/weathermaker-weathermaker-15-seer2-hp.jpg","series","weathermaker-weathermaker-15-seer2-hp.jpg","jpg","405398","unknown","not_recorded"
"images/series/weathermaker-weathermaker-2-stage-17-seer-hp.jpg","series","weathermaker-weathermaker-2-stage-17-seer-hp.jpg","jpg","42110","unknown","not_recorded"
"images/series/weathermaker-weathermaker-2-stage-18-seer-hp.jpg","series","weathermaker-weathermaker-2-stage-18-seer-hp.jpg","jpg","337410","unknown","not_recorded"
"images/series/weathermaker-weathermaker-37m-series.jpg","series","weathermaker-weathermaker-37m-series.jpg","jpg","17147","unknown","not_recorded"
"images/series/weathermaker-weathermaker-38m-series-38mg-series.jpg","series","weathermaker-weathermaker-38m-series-38mg-series.jpg","jpg","38090","unknown","not_recorded"
"images/series/weathermaker-weathermaker-38m-series.jpg","series","weathermaker-weathermaker-38m-series.jpg","jpg","468440","unknown","not_recorded"
"images/series/weathermaker-weathermaker-38mar-series.jpg","series","weathermaker-weathermaker-38mar-series.jpg","jpg","76498","unknown","not_recorded"
"images/series/weathermaker-weathermaker-38mb-series.jpg","series","weathermaker-weathermaker-38mb-series.jpg","jpg","10366","unknown","not_recorded"
"images/series/weathermaker-weathermaker-38mg-series.jpg","series","weathermaker-weathermaker-38mg-series.jpg","jpg","10338","unknown","not_recorded"
"images/series/weathermaker-weathermaker-38mp-series.jpg","series","weathermaker-weathermaker-38mp-series.jpg","jpg","201584","unknown","not_recorded"
"images/series/weathermaker-weathermaker-38mseries.jpg","series","weathermaker-weathermaker-38mseries.jpg","jpg","170619","unknown","not_recorded"
"images/series/weathermaker-weathermaker-38mv-series.jpg","series","weathermaker-weathermaker-38mv-series.jpg","jpg","50313","unknown","not_recorded"
"images/series/weathermaker-weathermaker-45m-series.jpg","series","weathermaker-weathermaker-45m-series.jpg","jpg","328933","unknown","not_recorded"
"images/series/wells-wells-rooftop.jpg","series","wells-wells-rooftop.jpg","jpg","42110","unknown","not_recorded"
"images/series/wells-wells-vmc-series-wma-series.jpg","series","wells-wells-vmc-series-wma-series.jpg","jpg","54765","unknown","not_recorded"
"images/series/wells-wells-wdhp-series.jpg","series","wells-wells-wdhp-series.jpg","jpg","633599","unknown","not_recorded"
"images/series/wells-wells-wma-series-wsa-series.jpg","series","wells-wells-wma-series-wsa-series.jpg","jpg","79857","unknown","not_recorded"
"images/series/wells-wells-wmm-series.jpg","series","wells-wells-wmm-series.jpg","jpg","173194","unknown","not_recorded"
"images/series/wells-wells-wom-series.jpg","series","wells-wells-wom-series.jpg","jpg","85514","unknown","not_recorded"
"images/series/wells-wells-wos-series.jpg","series","wells-wells-wos-series.jpg","jpg","473526","unknown","not_recorded"
"images/series/wells-wells-wsa-series.jpg","series","wells-wells-wsa-series.jpg","jpg","2314452","unknown","not_recorded"
"images/series/wells-wells-wsb-series.jpg","series","wells-wells-wsb-series.jpg","jpg","22586","unknown","not_recorded"
"images/series/westinghouse-westinghouse-hi-uni.jpg","series","westinghouse-westinghouse-hi-uni.jpg","jpg","12862","unknown","not_recorded"
"images/series/westinghouse-westinghouse-sszb2.jpg","series","westinghouse-westinghouse-sszb2.jpg","jpg","84968","unknown","not_recorded"
"images/series/whirlpool-whirlpool-classic.jpg","series","whirlpool-whirlpool-classic.jpg","jpg","90503","unknown","not_recorded"
"images/series/whirlpool-whirlpool-whirlpool.jpg","series","whirlpool-whirlpool-whirlpool.jpg","jpg","196336","unknown","not_recorded"
"images/series/willis-willis-360air-discharge-cassette-unit.jpg","series","willis-willis-360air-discharge-cassette-unit.jpg","jpg","854943","unknown","not_recorded"
"images/series/willis-willis-all-match.jpg","series","willis-willis-all-match.jpg","jpg","49510","unknown","not_recorded"
"images/series/willis-willis-centurion.jpg","series","willis-willis-centurion.jpg","jpg","192227","unknown","not_recorded"
"images/series/willis-willis-charmo.jpg","series","willis-willis-charmo.jpg","jpg","39880","unknown","not_recorded"
"images/series/willis-willis-console.jpg","series","willis-willis-console.jpg","jpg","29112","unknown","not_recorded"
"images/series/willis-willis-ducted.jpg","series","willis-willis-ducted.jpg","jpg","281840","unknown","not_recorded"
"images/series/willis-willis-e-series.jpg","series","willis-willis-e-series.jpg","jpg","153333","unknown","not_recorded"
"images/series/willis-willis-flexx-high-efficiency-series.jpg","series","willis-willis-flexx-high-efficiency-series.jpg","jpg","390","unknown","not_recorded"
"images/series/willis-willis-flexx-r32.jpg","series","willis-willis-flexx-r32.jpg","jpg","136343","unknown","not_recorded"
"images/series/willis-willis-floor-ceiling.jpg","series","willis-willis-floor-ceiling.jpg","jpg","73922","unknown","not_recorded"
"images/series/willis-willis-heatfinity.jpg","series","willis-willis-heatfinity.jpg","jpg","28176","unknown","not_recorded"
"images/series/willis-willis-hi-pro-hd.jpg","series","willis-willis-hi-pro-hd.jpg","jpg","303036","unknown","not_recorded"
"images/series/willis-willis-multi-heat.jpg","series","willis-willis-multi-heat.jpg","jpg","64416","unknown","not_recorded"
"images/series/willis-willis-multiheat.jpg","series","willis-willis-multiheat.jpg","jpg","252132","unknown","not_recorded"
"images/series/willis-willis-one-way-air-discharge-cassette-unit.jpg","series","willis-willis-one-way-air-discharge-cassette-unit.jpg","jpg","123610","unknown","not_recorded"
"images/series/willis-willis-ultima.jpg","series","willis-willis-ultima.jpg","jpg","155821","unknown","not_recorded"
"images/series/willis-willis-ultra-heat-rooftop-series.jpg","series","willis-willis-ultra-heat-rooftop-series.jpg","jpg","144906","unknown","not_recorded"
"images/series/xaae-xaae-4hp18v-series.jpg","series","xaae-xaae-4hp18v-series.jpg","jpg","115407","unknown","not_recorded"
"images/series/xtron-xtron-c-series.jpg","series","xtron-xtron-c-series.jpg","jpg","369813","unknown","not_recorded"
"images/series/yiso-yiso-pro.jpg","series","yiso-yiso-pro.jpg","jpg","635242","unknown","not_recorded"
"images/series/yiso-yiso-pro2.jpg","series","yiso-yiso-pro2.jpg","jpg","208328","unknown","not_recorded"
"images/series/yiso-yiso-ultra.jpg","series","yiso-yiso-ultra.jpg","jpg","10273","unknown","not_recorded"
"images/series/york-york-affinity.jpg","series","york-york-affinity.jpg","jpg","243042","unknown","not_recorded"
"images/series/york-york-hmh7.jpg","series","york-york-hmh7.jpg","jpg","362773","unknown","not_recorded"
"images/series/york-york-lx-series.jpg","series","york-york-lx-series.jpg","jpg","64632","unknown","not_recorded"
"images/series/york-york-ph9.jpg","series","york-york-ph9.jpg","jpg","83485","unknown","not_recorded"
"images/series/york-york-yd5.jpg","series","york-york-yd5.jpg","jpg","112218","unknown","not_recorded"
"images/series/york-york-ydc.jpg","series","york-york-ydc.jpg","jpg","101372","unknown","not_recorded"
"images/series/york-york-ydv.jpg","series","york-york-ydv.jpg","jpg","124597","unknown","not_recorded"
"images/series/zephyr-zephyr-hi-ultra-hd.jpg","series","zephyr-zephyr-hi-ultra-hd.jpg","jpg","63969","unknown","not_recorded"
"images/series/zephyr-zephyr-hiultra.jpg","series","zephyr-zephyr-hiultra.jpg","jpg","171221","unknown","not_recorded"
"images/series/zephyr-zephyr-ultra-coil.jpg","series","zephyr-zephyr-ultra-coil.jpg","jpg","174722","unknown","not_recorded"
"images/series/zephyr-zephyr-ultra.jpg","series","zephyr-zephyr-ultra.jpg","jpg","236728","unknown","not_recorded"
"images/series/zero-zero-z-max-us-r32-hyper-heat-series.jpg","series","zero-zero-z-max-us-r32-hyper-heat-series.jpg","jpg","279390","unknown","not_recorded"
"images/series/zero-zero-z-max-us-r454b-hyper-heat.jpg","series","zero-zero-z-max-us-r454b-hyper-heat.jpg","jpg","242213","unknown","not_recorded"
"images/series/zero-zero-z3sov-series.jpg","series","zero-zero-z3sov-series.jpg","jpg","181607","unknown","not_recorded"
"images/series/zero-zero-z4s-series.jpg","series","zero-zero-z4s-series.jpg","jpg","392","unknown","not_recorded"
"images/series/zero-zero-z5sov-series-zmsb-series.jpg","series","zero-zero-z5sov-series-zmsb-series.jpg","jpg","31684","unknown","not_recorded"
"images/series/zero-zero-z6sov-series.jpg","series","zero-zero-z6sov-series.jpg","jpg","96658","unknown","not_recorded"
"images/series/zero-zero-zav-series.jpg","series","zero-zero-zav-series.jpg","jpg","37386","unknown","not_recorded"
"images/series/zero-zero-zava-series.jpg","series","zero-zero-zava-series.jpg","jpg","1016672","unknown","not_recorded"
"images/series/zero-zero-zmsb-series.jpg","series","zero-zero-zmsb-series.jpg","jpg","134125","unknown","not_recorded"
"images/series/zero-zero-zsou-series.jpg","series","zero-zero-zsou-series.jpg","jpg","442063","unknown","not_recorded"
"images/subventions-hero-gree.png","root","subventions-hero-gree.png","png","1652980","unknown","not_recorded"
"images/subventions-hero.jpg","root","subventions-hero.jpg","jpg","737943","unknown","not_recorded"
"images/thermomatch/thermomatch-cold-climate-photo.png","thermomatch","thermomatch-cold-climate-photo.png","png","2062049","unknown","not_recorded"
"images/thermomatch/thermomatch-cta-unit-transparent.png","thermomatch","thermomatch-cta-unit-transparent.png","png","1359002","unknown","not_recorded"
"images/thermomatch/thermomatch-hero-device-transparent.png","thermomatch","thermomatch-hero-device-transparent.png","png","962300","unknown","not_recorded"
"images/thermomatch/thermomatch-hero-winter-home.png","thermomatch","thermomatch-hero-winter-home.png","png","1688344","unknown","not_recorded"
"images/thermomatch/thermomatch-product-comparison-transparent.png","thermomatch","thermomatch-product-comparison-transparent.png","png","1179411","unknown","not_recorded"
"images/thermomatch/thermomatch-recommendation-home.png","thermomatch","thermomatch-recommendation-home.png","png","1936033","unknown","not_recorded"
"images/thermopompe-exterieure-neige.png","root","thermopompe-exterieure-neige.png","png","1784126","unknown","not_recorded"
"images/ui-mockup.png","root","ui-mockup.png","png","1783401","unknown","not_recorded"
