Marque,Série,Modèle extérieur,Type,URL du document officiel ou portail,Type de document,Couverture confirmée,Niveau de confiance,Statut Deep Research,Anomalie ou limite,Source technique ENERGY STAR
AC PRO,4HP17 SERIES,4HP17L42P-**A,central,https://cdn.gateway.acpro.com/documents/A-Series_4HP17L_Product_Specifications.pdf,Fiche technique PDF,Série et modèle,Élevée,Document officiel trouvé et examiné,,https://data.energystar.gov/Active-Specifications/ENERGY-STAR-Certified-Ducted-Heat-Pumps/3m3x-a2hy
AC PRO,BH714S SERIES,BH714S24P-**A,central,https://acpro.com/hvac-equipment/,Portail fabricant/distributeur,Série non appariée à un PDF exact,Moyenne,Portail officiel trouvé et vérifié; PDF exact à sélectionner lorsque précisé,,https://data.energystar.gov/Active-Specifications/ENERGY-STAR-Certified-Ducted-Heat-Pumps/3m3x-a2hy
AC PRO,BH714S SERIES,BH714S30P-**A,central,https://acpro.com/hvac-equipment/,Portail fabricant/distributeur,Série non appariée à un PDF exact,Moyenne,Portail officiel trouvé et vérifié; PDF exact à sélectionner lorsque précisé,,https://data.energystar.gov/Active-Specifications/ENERGY-STAR-Certified-Ducted-Heat-Pumps/3m3x-a2hy
AC PRO,BH714S Series,BH714S36P-**A,central,https://acpro.com/hvac-equipment/,Portail fabricant/distributeur,Série non appariée à un PDF exact,Moyenne,Portail officiel trouvé et vérifié; PDF exact à sélectionner lorsque précisé,,https://data.energystar.gov/Active-Specifications/ENERGY-STAR-Certified-Ducted-Heat-Pumps/3m3x-a2hy
AC PRO,BH719M SERIES,BH719M36P-**A,central,https://acpro.com/hvac-equipment/,Portail fabricant/distributeur,Série non appariée à un PDF exact,Moyenne,Portail officiel trouvé et vérifié; PDF exact à sélectionner lorsque précisé,,https://data.energystar.gov/Active-Specifications/ENERGY-STAR-Certified-Ducted-Heat-Pumps/3m3x-a2hy
AC PRO,BH719M SERIES,BH719M60P-**A,central,https://acpro.com/hvac-equipment/,Portail fabricant/distributeur,Série non appariée à un PDF exact,Moyenne,Portail officiel trouvé et vérifié; PDF exact à sélectionner lorsque précisé,,https://data.energystar.gov/Active-Specifications/ENERGY-STAR-Certified-Ducted-Heat-Pumps/3m3x-a2hy
AC PRO,SPHP Series,SPHP-Y-V018BB,central,https://cdn.acpro.com/documents/SS-10184EN-C_-_SPHP-Y-V018BB_Submittal_Data_Sheet.pdf,Submittal PDF,Modèle exact,Élevée,Document officiel trouvé et examiné,,https://data.energystar.gov/Active-Specifications/ENERGY-STAR-Certified-Ducted-Heat-Pumps/3m3x-a2hy
AC PRO,SPHP Series,SPHP-Y-V024BB,central,https://acpro.com/hvac-equipment/,Portail fabricant/distributeur,Série non appariée à un PDF exact,Moyenne,Portail officiel trouvé et vérifié; PDF exact à sélectionner lorsque précisé,,https://data.energystar.gov/Active-Specifications/ENERGY-STAR-Certified-Ducted-Heat-Pumps/3m3x-a2hy
AC PRO,SPHP Series,SPHP-Y-V036BB,central,https://acpro.com/hvac-equipment/,Portail fabricant/distributeur,Série non appariée à un PDF exact,Moyenne,Portail officiel trouvé et vérifié; PDF exact à sélectionner lorsque précisé,,https://data.energystar.gov/Active-Specifications/ENERGY-STAR-Certified-Ducted-Heat-Pumps/3m3x-a2hy
AC PRO,SPHP Series,SPHP-Y-V048BB,central,https://acpro.com/hvac-equipment/,Portail fabricant/distributeur,Série non appariée à un PDF exact,Moyenne,Portail officiel trouvé et vérifié; PDF exact à sélectionner lorsque précisé,,https://data.energystar.gov/Active-Specifications/ENERGY-STAR-Certified-Ducted-Heat-Pumps/3m3x-a2hy
AC PRO,SPHP Series,SPHP-Y-V060BB,central,https://acpro.com/hvac-equipment/,Portail fabricant/distributeur,Série non appariée à un PDF exact,Moyenne,Portail officiel trouvé et vérifié; PDF exact à sélectionner lorsque précisé,,https://data.energystar.gov/Active-Specifications/ENERGY-STAR-Certified-Ducted-Heat-Pumps/3m3x-a2hy
AC PRO,SPHP Series,SPHP-Z-V018BB,central,https://cdn.acpro.com/documents/PS-10143EN-C_-_SPHP-Z_Product_Specification.pdf,Fiche produit PDF fabricant,Série SPHP-Z 018 à 060,Élevée,Document officiel trouvé et examiné,,https://data.energystar.gov/Active-Specifications/ENERGY-STAR-Certified-Ducted-Heat-Pumps/3m3x-a2hy
AC PRO,SPHP Series,SPHP-Z-V024BB,central,https://cdn.acpro.com/documents/PS-10143EN-C_-_SPHP-Z_Product_Specification.pdf,Fiche produit PDF fabricant,Série SPHP-Z 018 à 060,Élevée,Document officiel trouvé et examiné,,https://data.energystar.gov/Active-Specifications/ENERGY-STAR-Certified-Ducted-Heat-Pumps/3m3x-a2hy
AC PRO,SPHP Series,SPHP-Z-V036BB,central,https://cdn.acpro.com/documents/PS-10143EN-C_-_SPHP-Z_Product_Specification.pdf,Fiche produit PDF fabricant,Série SPHP-Z 018 à 060,Élevée,Document officiel trouvé et examiné,,https://data.energystar.gov/Active-Specifications/ENERGY-STAR-Certified-Ducted-Heat-Pumps/3m3x-a2hy
AC PRO,SPHP Series,SPHP-Z-V048BB,central,https://cdn.acpro.com/documents/PS-10143EN-C_-_SPHP-Z_Product_Specification.pdf,Fiche produit PDF fabricant,Série SPHP-Z 018 à 060,Élevée,Document officiel trouvé et examiné,,https://data.energystar.gov/Active-Specifications/ENERGY-STAR-Certified-Ducted-Heat-Pumps/3m3x-a2hy
AC PRO,SPHP Series,SPHP-Z-V060BB,central,https://cdn.acpro.com/documents/PS-10143EN-C_-_SPHP-Z_Product_Specification.pdf,Fiche produit PDF fabricant,Série SPHP-Z 018 à 060,Élevée,Document officiel trouvé et examiné,,https://data.energystar.gov/Active-Specifications/ENERGY-STAR-Certified-Ducted-Heat-Pumps/3m3x-a2hy
ACIQ,ACIQ Series,ACIQ-06ZPL-HP230C,ductless,https://aciq.com/tech-center/mini-splits-tech-center-page/,Portail documentaire fabricant,Marque; sélectionner le modèle,Moyenne,Portail officiel trouvé et vérifié; PDF exact à sélectionner lorsque précisé,,https://data.energystar.gov/Active-Specifications/ENERGY-STAR-Certified-Mini-Split-Heat-Pumps/akti-mt5s
ACIQ,ACIQ Series,ACIQ-09ZPL-HP230C,ductless,https://aciq.com/tech-center/mini-splits-tech-center-page/,Portail documentaire fabricant,Marque; sélectionner le modèle,Moyenne,Portail officiel trouvé et vérifié; PDF exact à sélectionner lorsque précisé,,https://data.energystar.gov/Active-Specifications/ENERGY-STAR-Certified-Mini-Split-Heat-Pumps/akti-mt5s
ACIQ,ACIQ Series,ACIQ-09ZS-HP115C,ductless,https://aciq.com/tech-center/mini-splits-tech-center-page/,Portail documentaire fabricant,Marque; sélectionner le modèle,Moyenne,Portail officiel trouvé et vérifié; PDF exact à sélectionner lorsque précisé,,https://data.energystar.gov/Active-Specifications/ENERGY-STAR-Certified-Mini-Split-Heat-Pumps/akti-mt5s
ACIQ,ACIQ Series,ACIQ-09ZS-HP230C,ductless,https://aciq.com/tech-center/mini-splits-tech-center-page/,Portail documentaire fabricant,Marque; sélectionner le modèle,Moyenne,Portail officiel trouvé et vérifié; PDF exact à sélectionner lorsque précisé,,https://data.energystar.gov/Active-Specifications/ENERGY-STAR-Certified-Mini-Split-Heat-Pumps/akti-mt5s
ACIQ,ACIQ Series,ACIQ-12ZPL-HP230C,ductless,https://aciq.com/tech-center/mini-splits-tech-center-page/,Portail documentaire fabricant,Marque; sélectionner le modèle,Moyenne,Portail officiel trouvé et vérifié; PDF exact à sélectionner lorsque précisé,,https://data.energystar.gov/Active-Specifications/ENERGY-STAR-Certified-Mini-Split-Heat-Pumps/akti-mt5s
ACIQ,ACIQ Series,ACIQ-12ZS-HP115C,ductless,https://aciq.com/tech-center/mini-splits-tech-center-page/,Portail documentaire fabricant,Marque; sélectionner le modèle,Moyenne,Portail officiel trouvé et vérifié; PDF exact à sélectionner lorsque précisé,,https://data.energystar.gov/Active-Specifications/ENERGY-STAR-Certified-Mini-Split-Heat-Pumps/akti-mt5s
ACIQ,ACIQ Series,ACIQ-12ZS-HP230C,ductless,https://aciq.com/tech-center/mini-splits-tech-center-page/,Portail documentaire fabricant,Marque; sélectionner le modèle,Moyenne,Portail officiel trouvé et vérifié; PDF exact à sélectionner lorsque précisé,,https://data.energystar.gov/Active-Specifications/ENERGY-STAR-Certified-Mini-Split-Heat-Pumps/akti-mt5s
ACIQ,ACIQ Series,ACIQ-18-HPD,central,https://aciq.com/tech-center/mini-splits-tech-center-page/,Portail documentaire fabricant,Marque; sélectionner le modèle,Moyenne,Portail officiel trouvé et vérifié; PDF exact à sélectionner lorsque précisé,,https://data.energystar.gov/Active-Specifications/ENERGY-STAR-Certified-Ducted-Heat-Pumps/3m3x-a2hy
ACIQ,ACIQ Series,ACIQ-18ZPL-HP230C,ductless,https://aciq.com/tech-center/mini-splits-tech-center-page/,Portail documentaire fabricant,Marque; sélectionner le modèle,Moyenne,Portail officiel trouvé et vérifié; PDF exact à sélectionner lorsque précisé,,https://data.energystar.gov/Active-Specifications/ENERGY-STAR-Certified-Mini-Split-Heat-Pumps/akti-mt5s
ACIQ,ACIQ Series,ACIQ-18ZS-HP230C,ductless,https://aciq.com/tech-center/mini-splits-tech-center-page/,Portail documentaire fabricant,Marque; sélectionner le modèle,Moyenne,Portail officiel trouvé et vérifié; PDF exact à sélectionner lorsque précisé,,https://data.energystar.gov/Active-Specifications/ENERGY-STAR-Certified-Mini-Split-Heat-Pumps/akti-mt5s
ACIQ,ACIQ Series,ACIQ-24-HPD,central,https://aciq.com/tech-center/mini-splits-tech-center-page/,Portail documentaire fabricant,Marque; sélectionner le modèle,Moyenne,Portail officiel trouvé et vérifié; PDF exact à sélectionner lorsque précisé,,https://data.energystar.gov/Active-Specifications/ENERGY-STAR-Certified-Ducted-Heat-Pumps/3m3x-a2hy
ACIQ,ACIQ Series,ACIQ-24ZPL-HP230C,ductless,https://aciq.com/tech-center/mini-splits-tech-center-page/,Portail documentaire fabricant,Marque; sélectionner le modèle,Moyenne,Portail officiel trouvé et vérifié; PDF exact à sélectionner lorsque précisé,,https://data.energystar.gov/Active-Specifications/ENERGY-STAR-Certified-Mini-Split-Heat-Pumps/akti-mt5s
ACIQ,ACIQ Series,ACIQ-24ZS-HP230C,ductless,https://aciq.com/tech-center/mini-splits-tech-center-page/,Portail documentaire fabricant,Marque; sélectionner le modèle,Moyenne,Portail officiel trouvé et vérifié; PDF exact à sélectionner lorsque précisé,,https://data.energystar.gov/Active-Specifications/ENERGY-STAR-Certified-Mini-Split-Heat-Pumps/akti-mt5s
ACIQ,ACIQ Series,ACIQ-30-HPD,central,https://aciq.com/tech-center/mini-splits-tech-center-page/,Portail documentaire fabricant,Marque; sélectionner le modèle,Moyenne,Portail officiel trouvé et vérifié; PDF exact à sélectionner lorsque précisé,,https://data.energystar.gov/Active-Specifications/ENERGY-STAR-Certified-Ducted-Heat-Pumps/3m3x-a2hy
ACIQ,ACIQ Series,ACIQ-36-HPD,central,https://aciq.com/tech-center/mini-splits-tech-center-page/,Portail documentaire fabricant,Marque; sélectionner le modèle,Moyenne,Portail officiel trouvé et vérifié; PDF exact à sélectionner lorsque précisé,,https://data.energystar.gov/Active-Specifications/ENERGY-STAR-Certified-Ducted-Heat-Pumps/3m3x-a2hy
ACIQ,ACIQ Series,ACIQ-48-HPD,central,https://aciq.com/tech-center/mini-splits-tech-center-page/,Portail documentaire fabricant,Marque; sélectionner le modèle,Moyenne,Portail officiel trouvé et vérifié; PDF exact à sélectionner lorsque précisé,,https://data.energystar.gov/Active-Specifications/ENERGY-STAR-Certified-Ducted-Heat-Pumps/3m3x-a2hy
ACIQ,ACIQ Series,ACIQ-60-HPD,central,https://aciq.com/tech-center/mini-splits-tech-center-page/,Portail documentaire fabricant,Marque; sélectionner le modèle,Moyenne,Portail officiel trouvé et vérifié; PDF exact à sélectionner lorsque précisé,,https://data.energystar.gov/Active-Specifications/ENERGY-STAR-Certified-Ducted-Heat-Pumps/3m3x-a2hy
AIR MAX,AIRMAX Free Match,AFMKH18-H2,ductless,,,,Non établi,Aucune brochure publique suffisamment précise confirmée après recherche approfondie,Code exact recherché dans les sources fabricant et index publics; ne pas associer un PDF générique.,https://data.energystar.gov/Active-Specifications/ENERGY-STAR-Certified-Mini-Split-Heat-Pumps/akti-mt5s
AIR MAX,AIRMAX Free Match,AFMKH24-H2,ductless,,,,Non établi,Aucune brochure publique suffisamment précise confirmée après recherche approfondie,Code exact recherché dans les sources fabricant et index publics; ne pas associer un PDF générique.,https://data.energystar.gov/Active-Specifications/ENERGY-STAR-Certified-Mini-Split-Heat-Pumps/akti-mt5s
AIR MAX,AIRMAX Free Match,AFMKH30-H2,ductless,,,,Non établi,Aucune brochure publique suffisamment précise confirmée après recherche approfondie,Code exact recherché dans les sources fabricant et index publics; ne pas associer un PDF générique.,https://data.energystar.gov/Active-Specifications/ENERGY-STAR-Certified-Mini-Split-Heat-Pumps/akti-mt5s
AIR MAX,AIRMAX Free Match,AFMKH36-H2,ductless,,,,Non établi,Aucune brochure publique suffisamment précise confirmée après recherche approfondie,Code exact recherché dans les sources fabricant et index publics; ne pas associer un PDF générique.,https://data.energystar.gov/Active-Specifications/ENERGY-STAR-Certified-Mini-Split-Heat-Pumps/akti-mt5s
AIR MAX,AIRMAX Free Match,AFMKH42-H2,ductless,,,,Non établi,Aucune brochure publique suffisamment précise confirmée après recherche approfondie,Code exact recherché dans les sources fabricant et index publics; ne pas associer un PDF générique.,https://data.energystar.gov/Active-Specifications/ENERGY-STAR-Certified-Mini-Split-Heat-Pumps/akti-mt5s
AIR MAX,AIRMAX Free Match,AFMKH48-H2,ductless,,,,Non établi,Aucune brochure publique suffisamment précise confirmée après recherche approfondie,Code exact recherché dans les sources fabricant et index publics; ne pas associer un PDF générique.,https://data.energystar.gov/Active-Specifications/ENERGY-STAR-Certified-Mini-Split-Heat-Pumps/akti-mt5s
AIR MAX,AIRMAX Free Match,AFMKH60-H2,ductless,,,,Non établi,Aucune brochure publique suffisamment précise confirmée après recherche approfondie,Code exact recherché dans les sources fabricant et index publics; ne pas associer un PDF générique.,https://data.energystar.gov/Active-Specifications/ENERGY-STAR-Certified-Mini-Split-Heat-Pumps/akti-mt5s
AIR MAX,All MATCH,AWGRC36-H2,ductless,,,,Non établi,Aucune brochure publique suffisamment précise confirmée après recherche approfondie,Code exact recherché dans les sources fabricant et index publics; ne pas associer un PDF générique.,https://data.energystar.gov/Active-Specifications/ENERGY-STAR-Certified-Mini-Split-Heat-Pumps/akti-mt5s
Air Tempo,Builder Series,ATCB12K454B-O*,ductless,,,,Non établi,Aucune brochure publique suffisamment précise confirmée après recherche approfondie,Code exact recherché dans les sources fabricant et index publics; ne pas associer un PDF générique.,https://data.energystar.gov/Active-Specifications/ENERGY-STAR-Certified-Mini-Split-Heat-Pumps/akti-mt5s
Air Tempo,Builder Series,ATCB12K454B-O,ductless,,,,Non établi,Aucune brochure publique suffisamment précise confirmée après recherche approfondie,Code exact recherché dans les sources fabricant et index publics; ne pas associer un PDF générique.,https://data.energystar.gov/Active-Specifications/ENERGY-STAR-Certified-Mini-Split-Heat-Pumps/akti-mt5s
Air Tempo,Builder Series,ATCB18K454B-O*,ductless,,,,Non établi,Aucune brochure publique suffisamment précise confirmée après recherche approfondie,Code exact recherché dans les sources fabricant et index publics; ne pas associer un PDF générique.,https://data.energystar.gov/Active-Specifications/ENERGY-STAR-Certified-Mini-Split-Heat-Pumps/akti-mt5s
Air Tempo,Builder Series,ATCB18K454B-O,ductless,,,,Non établi,Aucune brochure publique suffisamment précise confirmée après recherche approfondie,Code exact recherché dans les sources fabricant et index publics; ne pas associer un PDF générique.,https://data.energystar.gov/Active-Specifications/ENERGY-STAR-Certified-Mini-Split-Heat-Pumps/akti-mt5s
Air Tempo,Builder Series,ATCB24K454B-O*,ductless,,,,Non établi,Aucune brochure publique suffisamment précise confirmée après recherche approfondie,Code exact recherché dans les sources fabricant et index publics; ne pas associer un PDF générique.,https://data.energystar.gov/Active-Specifications/ENERGY-STAR-Certified-Mini-Split-Heat-Pumps/akti-mt5s
Air Tempo,Builder Series,ATCB24K454B-O,ductless,,,,Non établi,Aucune brochure publique suffisamment précise confirmée après recherche approfondie,Code exact recherché dans les sources fabricant et index publics; ne pas associer un PDF générique.,https://data.energystar.gov/Active-Specifications/ENERGY-STAR-Certified-Mini-Split-Heat-Pumps/akti-mt5s
AIREASE,A7CP21V SERIES,A7CP21V36P-**A,central,https://www.airease.com/,Portail fabricant,Marque; documents par produit,Moyenne,Portail officiel trouvé et vérifié; PDF exact à sélectionner lorsque précisé,,https://data.energystar.gov/Active-Specifications/ENERGY-STAR-Certified-Ducted-Heat-Pumps/3m3x-a2hy
AIREASE,A7HP14F SERIES,A7HP14F24P-**A,central,https://www.airease.com/,Portail fabricant,Marque; documents par produit,Moyenne,Portail officiel trouvé et vérifié; PDF exact à sélectionner lorsque précisé,,https://data.energystar.gov/Active-Specifications/ENERGY-STAR-Certified-Ducted-Heat-Pumps/3m3x-a2hy
AIREASE,A7HP14F SERIES,A7HP14F30P-**A,central,https://www.airease.com/,Portail fabricant,Marque; documents par produit,Moyenne,Portail officiel trouvé et vérifié; PDF exact à sélectionner lorsque précisé,,https://data.energystar.gov/Active-Specifications/ENERGY-STAR-Certified-Ducted-Heat-Pumps/3m3x-a2hy
AIREASE,A7HP14F SERIES,A7HP14F36P-**A,central,https://www.airease.com/,Portail fabricant,Marque; documents par produit,Moyenne,Portail officiel trouvé et vérifié; PDF exact à sélectionner lorsque précisé,,https://data.energystar.gov/Active-Specifications/ENERGY-STAR-Certified-Ducted-Heat-Pumps/3m3x-a2hy
AIREASE,A7HP19V SERIES,A7HP19V36P-**A,central,https://www.airease.com/,Portail fabricant,Marque; documents par produit,Moyenne,Portail officiel trouvé et vérifié; PDF exact à sélectionner lorsque précisé,,https://data.energystar.gov/Active-Specifications/ENERGY-STAR-Certified-Ducted-Heat-Pumps/3m3x-a2hy
AIREASE,A7HP19V SERIES,A7HP19V60P-**A,central,https://www.airease.com/,Portail fabricant,Marque; documents par produit,Moyenne,Portail officiel trouvé et vérifié; PDF exact à sélectionner lorsque précisé,,https://data.energystar.gov/Active-Specifications/ENERGY-STAR-Certified-Ducted-Heat-Pumps/3m3x-a2hy
AIREASE,A7SCP18V Series,A7SCP18V24P-**A,central,https://www.airease.com/,Portail fabricant,Marque; documents par produit,Moyenne,Portail officiel trouvé et vérifié; PDF exact à sélectionner lorsque précisé,,https://data.energystar.gov/Active-Specifications/ENERGY-STAR-Certified-Ducted-Heat-Pumps/3m3x-a2hy
AIREASE,A7SCP18V Series,A7SCP18V36P-**A,central,https://www.airease.com/,Portail fabricant,Marque; documents par produit,Moyenne,Portail officiel trouvé et vérifié; PDF exact à sélectionner lorsque précisé,,https://data.energystar.gov/Active-Specifications/ENERGY-STAR-Certified-Ducted-Heat-Pumps/3m3x-a2hy
AIREASE,A7SCP18V Series,A7SCP18V60P-**A,central,https://www.airease.com/,Portail fabricant,Marque; documents par produit,Moyenne,Portail officiel trouvé et vérifié; PDF exact à sélectionner lorsque précisé,,https://data.energystar.gov/Active-Specifications/ENERGY-STAR-Certified-Ducted-Heat-Pumps/3m3x-a2hy
Airquest,D5C Series,D5CUHAH18AAK,central,https://www.shareddocs.com/hvac/,Bibliothèque documentaire OEM Carrier/ICP,Marque ICP; rechercher le SKU,Moyenne,Portail officiel trouvé et vérifié; PDF exact à sélectionner lorsque précisé,,https://data.energystar.gov/Active-Specifications/ENERGY-STAR-Certified-Ducted-Heat-Pumps/3m3x-a2hy
Airquest,D5C Series,D5CUHAH24AAK,central,https://www.shareddocs.com/hvac/,Bibliothèque documentaire OEM Carrier/ICP,Marque ICP; rechercher le SKU,Moyenne,Portail officiel trouvé et vérifié; PDF exact à sélectionner lorsque précisé,,https://data.energystar.gov/Active-Specifications/ENERGY-STAR-Certified-Ducted-Heat-Pumps/3m3x-a2hy
Airquest,D5C Series,D5CUHAH30AAK,central,https://www.shareddocs.com/hvac/,Bibliothèque documentaire OEM Carrier/ICP,Marque ICP; rechercher le SKU,Moyenne,Portail officiel trouvé et vérifié; PDF exact à sélectionner lorsque précisé,,https://data.energystar.gov/Active-Specifications/ENERGY-STAR-Certified-Ducted-Heat-Pumps/3m3x-a2hy
Airquest,D5C Series,D5CUHAH36AAK,central,https://www.shareddocs.com/hvac/,Bibliothèque documentaire OEM Carrier/ICP,Marque ICP; rechercher le SKU,Moyenne,Portail officiel trouvé et vérifié; PDF exact à sélectionner lorsque précisé,,https://data.energystar.gov/Active-Specifications/ENERGY-STAR-Certified-Ducted-Heat-Pumps/3m3x-a2hy
Airquest,D5C Series,D5CURAH18AAK,central,https://www.shareddocs.com/hvac/,Bibliothèque documentaire OEM Carrier/ICP,Marque ICP; rechercher le SKU,Moyenne,Portail officiel trouvé et vérifié; PDF exact à sélectionner lorsque précisé,,https://data.energystar.gov/Active-Specifications/ENERGY-STAR-Certified-Ducted-Heat-Pumps/3m3x-a2hy
Airquest,D5C Series,D5CURAH24AAK,central,https://www.shareddocs.com/hvac/,Bibliothèque documentaire OEM Carrier/ICP,Marque ICP; rechercher le SKU,Moyenne,Portail officiel trouvé et vérifié; PDF exact à sélectionner lorsque précisé,,https://data.energystar.gov/Active-Specifications/ENERGY-STAR-Certified-Ducted-Heat-Pumps/3m3x-a2hy
Airquest,D5C Series,D5CURAH30AAK,central,https://www.shareddocs.com/hvac/,Bibliothèque documentaire OEM Carrier/ICP,Marque ICP; rechercher le SKU,Moyenne,Portail officiel trouvé et vérifié; PDF exact à sélectionner lorsque précisé,,https://data.energystar.gov/Active-Specifications/ENERGY-STAR-Certified-Ducted-Heat-Pumps/3m3x-a2hy
Airquest,D5C Series,D5CURAH36AAK,central,https://www.shareddocs.com/hvac/,Bibliothèque documentaire OEM Carrier/ICP,Marque ICP; rechercher le SKU,Moyenne,Portail officiel trouvé et vérifié; PDF exact à sélectionner lorsque précisé,,https://data.energystar.gov/Active-Specifications/ENERGY-STAR-Certified-Ducted-Heat-Pumps/3m3x-a2hy
ALLIED,7HP14F SERIES,7HP14F24P-**A,central,https://www.alliednow.com/,Portail documentaire fabricant,Marque; rechercher le SKU,Moyenne,Portail officiel trouvé et vérifié; PDF exact à sélectionner lorsque précisé,,https://data.energystar.gov/Active-Specifications/ENERGY-STAR-Certified-Ducted-Heat-Pumps/3m3x-a2hy
ALLIED,7HP14F SERIES,7HP14F30P-**A,central,https://www.alliednow.com/,Portail documentaire fabricant,Marque; rechercher le SKU,Moyenne,Portail officiel trouvé et vérifié; PDF exact à sélectionner lorsque précisé,,https://data.energystar.gov/Active-Specifications/ENERGY-STAR-Certified-Ducted-Heat-Pumps/3m3x-a2hy
ALLIED,7HP14F SERIES,7HP14F36P-**A,central,https://www.alliednow.com/,Portail documentaire fabricant,Marque; rechercher le SKU,Moyenne,Portail officiel trouvé et vérifié; PDF exact à sélectionner lorsque précisé,,https://data.energystar.gov/Active-Specifications/ENERGY-STAR-Certified-Ducted-Heat-Pumps/3m3x-a2hy
ALLIED,7HP19V SERIES,7HP19V36P-**A,central,https://www.alliednow.com/,Portail documentaire fabricant,Marque; rechercher le SKU,Moyenne,Portail officiel trouvé et vérifié; PDF exact à sélectionner lorsque précisé,,https://data.energystar.gov/Active-Specifications/ENERGY-STAR-Certified-Ducted-Heat-Pumps/3m3x-a2hy
ALLIED,7HP19V SERIES,7HP19V60P-**A,central,https://www.alliednow.com/,Portail documentaire fabricant,Marque; rechercher le SKU,Moyenne,Portail officiel trouvé et vérifié; PDF exact à sélectionner lorsque précisé,,https://data.energystar.gov/Active-Specifications/ENERGY-STAR-Certified-Ducted-Heat-Pumps/3m3x-a2hy
ALLIED,7SCP18V Series,7SCP18V24P-**A,central,https://www.alliednow.com/,Portail documentaire fabricant,Marque; rechercher le SKU,Moyenne,Portail officiel trouvé et vérifié; PDF exact à sélectionner lorsque précisé,,https://data.energystar.gov/Active-Specifications/ENERGY-STAR-Certified-Ducted-Heat-Pumps/3m3x-a2hy
ALLIED,7SCP18V Series,7SCP18V36P-**A,central,https://www.alliednow.com/,Portail documentaire fabricant,Marque; rechercher le SKU,Moyenne,Portail officiel trouvé et vérifié; PDF exact à sélectionner lorsque précisé,,https://data.energystar.gov/Active-Specifications/ENERGY-STAR-Certified-Ducted-Heat-Pumps/3m3x-a2hy
ALLIED,7SCP18V Series,7SCP18V60P-**A,central,https://www.alliednow.com/,Portail documentaire fabricant,Marque; rechercher le SKU,Moyenne,Portail officiel trouvé et vérifié; PDF exact à sélectionner lorsque précisé,,https://data.energystar.gov/Active-Specifications/ENERGY-STAR-Certified-Ducted-Heat-Pumps/3m3x-a2hy
ALLIED,7SHP15V Series,7SHP15V18P-**A,central,https://www.alliednow.com/,Portail documentaire fabricant,Marque; rechercher le SKU,Moyenne,Portail officiel trouvé et vérifié; PDF exact à sélectionner lorsque précisé,,https://data.energystar.gov/Active-Specifications/ENERGY-STAR-Certified-Ducted-Heat-Pumps/3m3x-a2hy
ALLIED,7SHP15V Series,7SHP15V24P-**A,central,https://www.alliednow.com/,Portail documentaire fabricant,Marque; rechercher le SKU,Moyenne,Portail officiel trouvé et vérifié; PDF exact à sélectionner lorsque précisé,,https://data.energystar.gov/Active-Specifications/ENERGY-STAR-Certified-Ducted-Heat-Pumps/3m3x-a2hy
ALLIED,7SHP15V Series,7SHP15V30P-**A,central,https://www.alliednow.com/,Portail documentaire fabricant,Marque; rechercher le SKU,Moyenne,Portail officiel trouvé et vérifié; PDF exact à sélectionner lorsque précisé,,https://data.energystar.gov/Active-Specifications/ENERGY-STAR-Certified-Ducted-Heat-Pumps/3m3x-a2hy
Amana,ALZS5B,ALZS5BA1810A*,central,https://www.amana-hac.com/products/heat-pumps/alzs5b,Page fabricant avec brochure,Série et modèles,Élevée,Portail officiel trouvé et vérifié; PDF exact à sélectionner lorsque précisé,,https://data.energystar.gov/Active-Specifications/ENERGY-STAR-Certified-Ducted-Heat-Pumps/3m3x-a2hy
Amana,ALZS5B,ALZS5BA2410A*,central,https://www.amana-hac.com/products/heat-pumps/alzs5b,Page fabricant avec brochure,Série et modèles,Élevée,Portail officiel trouvé et vérifié; PDF exact à sélectionner lorsque précisé,,https://data.energystar.gov/Active-Specifications/ENERGY-STAR-Certified-Ducted-Heat-Pumps/3m3x-a2hy
Amana,ALZS5B,ALZS5BA3010A*,central,https://www.amana-hac.com/products/heat-pumps/alzs5b,Page fabricant avec brochure,Série et modèles,Élevée,Portail officiel trouvé et vérifié; PDF exact à sélectionner lorsque précisé,,https://data.energystar.gov/Active-Specifications/ENERGY-STAR-Certified-Ducted-Heat-Pumps/3m3x-a2hy
Amana,ALZS5B,ALZS5BA3610A*,central,https://www.amana-hac.com/products/heat-pumps/alzs5b,Page fabricant avec brochure,Série et modèles,Élevée,Portail officiel trouvé et vérifié; PDF exact à sélectionner lorsque précisé,,https://data.energystar.gov/Active-Specifications/ENERGY-STAR-Certified-Ducted-Heat-Pumps/3m3x-a2hy
Amana,ALZS5B,ALZS5BA4210A*,central,https://www.amana-hac.com/products/heat-pumps/alzs5b,Page fabricant avec brochure,Série et modèles,Élevée,Portail officiel trouvé et vérifié; PDF exact à sélectionner lorsque précisé,,https://data.energystar.gov/Active-Specifications/ENERGY-STAR-Certified-Ducted-Heat-Pumps/3m3x-a2hy
Amana,ALZS5B,ALZS5BA4810A*,central,https://www.amana-hac.com/products/heat-pumps/alzs5b,Page fabricant avec brochure,Série et modèles,Élevée,Portail officiel trouvé et vérifié; PDF exact à sélectionner lorsque précisé,,https://data.energystar.gov/Active-Specifications/ENERGY-STAR-Certified-Ducted-Heat-Pumps/3m3x-a2hy
Amana,ALZS5B,ALZS5BA6010A*,central,https://www.amana-hac.com/products/heat-pumps/alzs5b,Page fabricant avec brochure,Série et modèles,Élevée,Portail officiel trouvé et vérifié; PDF exact à sélectionner lorsque précisé,,https://data.energystar.gov/Active-Specifications/ENERGY-STAR-Certified-Ducted-Heat-Pumps/3m3x-a2hy
Amana,AZV6SA,AZV6SA1810A*,central,https://www.amana-hac.com/resources/literature-library,Bibliothèque fabricant,Série,Moyenne,Portail officiel trouvé et vérifié; PDF exact à sélectionner lorsque précisé,,https://data.energystar.gov/Active-Specifications/ENERGY-STAR-Certified-Ducted-Heat-Pumps/3m3x-a2hy
Amana,AZV7SA,AZV7SA2410A*,central,https://www.amana-hac.com/resources/literature-library,Bibliothèque fabricant,Série,Moyenne,Portail officiel trouvé et vérifié; PDF exact à sélectionner lorsque précisé,,https://data.energystar.gov/Active-Specifications/ENERGY-STAR-Certified-Ducted-Heat-Pumps/3m3x-a2hy
Amana,AZV7SA,AZV7SA3610A*,central,https://www.amana-hac.com/resources/literature-library,Bibliothèque fabricant,Série,Moyenne,Portail officiel trouvé et vérifié; PDF exact à sélectionner lorsque précisé,,https://data.energystar.gov/Active-Specifications/ENERGY-STAR-Certified-Ducted-Heat-Pumps/3m3x-a2hy
American Standard,38 Series,4TXK3818A10NU**,ductless,https://www.americanstandardair.com/assets/product-brochures/heat-pumps/TT_10-1113-R-42_AMSD_Heat_Pump-Brochure_SV.pdf,Brochure officielle de gamme,Marque et familles courantes,Moyenne,Document officiel trouvé et examiné,Même référence observée sous deux marques; marque réelle à réconcilier.,https://data.energystar.gov/Active-Specifications/ENERGY-STAR-Certified-Mini-Split-Heat-Pumps/akti-mt5s
American Standard,GOLD 17,5A6H7024A1,central,https://www.americanstandardair.com/assets/energy-guide/heat-pumps/GOLD-17-MS-HP/5A6H7024A1000A.pdf,EnergyGuide fabricant,Série 5A6H7; exemple 24k exact,Élevée,Document officiel trouvé et examiné,,https://data.energystar.gov/Active-Specifications/ENERGY-STAR-Certified-Ducted-Heat-Pumps/3m3x-a2hy
American Standard,GOLD 17,5A6H7036A1,central,https://www.americanstandardair.com/assets/energy-guide/heat-pumps/GOLD-17-MS-HP/5A6H7024A1000A.pdf,EnergyGuide fabricant,Série 5A6H7; exemple 24k exact,Élevée,Document officiel trouvé et examiné,,https://data.energystar.gov/Active-Specifications/ENERGY-STAR-Certified-Ducted-Heat-Pumps/3m3x-a2hy
American Standard,GOLD 17,5A6H7048A1,central,https://www.americanstandardair.com/assets/energy-guide/heat-pumps/GOLD-17-MS-HP/5A6H7024A1000A.pdf,EnergyGuide fabricant,Série 5A6H7; exemple 24k exact,Élevée,Document officiel trouvé et examiné,,https://data.energystar.gov/Active-Specifications/ENERGY-STAR-Certified-Ducted-Heat-Pumps/3m3x-a2hy
American Standard,GOLD 17,5A6H7060A1,central,https://www.americanstandardair.com/assets/energy-guide/heat-pumps/GOLD-17-MS-HP/5A6H7024A1000A.pdf,EnergyGuide fabricant,Série 5A6H7; exemple 24k exact,Élevée,Document officiel trouvé et examiné,,https://data.energystar.gov/Active-Specifications/ENERGY-STAR-Certified-Ducted-Heat-Pumps/3m3x-a2hy
American Standard,PLATINUM 18,5A6V8X48A1,central,https://www.americanstandardair.com/assets/energy-guide/heat-pumps/PLATINUM-18-HP/5A6V8X48A1000A.pdf,EnergyGuide fabricant,Série 5A6V8; exemple 48k exact,Élevée,Document officiel trouvé et examiné,,https://data.energystar.gov/Active-Specifications/ENERGY-STAR-Certified-Ducted-Heat-Pumps/3m3x-a2hy
American Standard,Silver 15,5A6H5024A1,central,https://www.americanstandardair.com/assets/energy-guide/heat-pumps/SILVER-15-HP/5A6H5024A1000A.pdf,EnergyGuide fabricant,Série 5A6H5; exemple 24k exact,Élevée,Document officiel trouvé et examiné,,https://data.energystar.gov/Active-Specifications/ENERGY-STAR-Certified-Ducted-Heat-Pumps/3m3x-a2hy
American Standard,Silver 15,5A6H5030A1,central,https://www.americanstandardair.com/assets/energy-guide/heat-pumps/SILVER-15-HP/5A6H5024A1000A.pdf,EnergyGuide fabricant,Série 5A6H5; exemple 24k exact,Élevée,Document officiel trouvé et examiné,,https://data.energystar.gov/Active-Specifications/ENERGY-STAR-Certified-Ducted-Heat-Pumps/3m3x-a2hy
American Standard,Silver 15,5A6H5036A1,central,https://www.americanstandardair.com/assets/energy-guide/heat-pumps/SILVER-15-HP/5A6H5024A1000A.pdf,EnergyGuide fabricant,Série 5A6H5; exemple 24k exact,Élevée,Document officiel trouvé et examiné,,https://data.energystar.gov/Active-Specifications/ENERGY-STAR-Certified-Ducted-Heat-Pumps/3m3x-a2hy
American Standard,Silver 15,5A6H5042A1,central,https://www.americanstandardair.com/assets/energy-guide/heat-pumps/SILVER-15-HP/5A6H5024A1000A.pdf,EnergyGuide fabricant,Série 5A6H5; exemple 24k exact,Élevée,Document officiel trouvé et examiné,,https://data.energystar.gov/Active-Specifications/ENERGY-STAR-Certified-Ducted-Heat-Pumps/3m3x-a2hy
American Standard,Silver 15,5A6H5048A1,central,https://www.americanstandardair.com/assets/energy-guide/heat-pumps/SILVER-15-HP/5A6H5024A1000A.pdf,EnergyGuide fabricant,Série 5A6H5; exemple 24k exact,Élevée,Document officiel trouvé et examiné,,https://data.energystar.gov/Active-Specifications/ENERGY-STAR-Certified-Ducted-Heat-Pumps/3m3x-a2hy
American Standard,Silver 16,5A6H6024A1,central,https://www.americanstandardair.com/assets/product-brochures/heat-pumps/TT_10-1113-R-42_AMSD_Heat_Pump-Brochure_SV.pdf,Brochure officielle de gamme,Marque et familles courantes,Moyenne,Document officiel trouvé et examiné,,https://data.energystar.gov/Active-Specifications/ENERGY-STAR-Certified-Ducted-Heat-Pumps/3m3x-a2hy
American Standard,Silver 16,5A6H6030A1,central,https://www.americanstandardair.com/assets/product-brochures/heat-pumps/TT_10-1113-R-42_AMSD_Heat_Pump-Brochure_SV.pdf,Brochure officielle de gamme,Marque et familles courantes,Moyenne,Document officiel trouvé et examiné,,https://data.energystar.gov/Active-Specifications/ENERGY-STAR-Certified-Ducted-Heat-Pumps/3m3x-a2hy
American Standard,Silver 16,5A6H6036A1,central,https://www.americanstandardair.com/assets/product-brochures/heat-pumps/TT_10-1113-R-42_AMSD_Heat_Pump-Brochure_SV.pdf,Brochure officielle de gamme,Marque et familles courantes,Moyenne,Document officiel trouvé et examiné,,https://data.energystar.gov/Active-Specifications/ENERGY-STAR-Certified-Ducted-Heat-Pumps/3m3x-a2hy
American Standard,Silver 16,5A6H6042A1,central,https://www.americanstandardair.com/assets/product-brochures/heat-pumps/TT_10-1113-R-42_AMSD_Heat_Pump-Brochure_SV.pdf,Brochure officielle de gamme,Marque et familles courantes,Moyenne,Document officiel trouvé et examiné,,https://data.energystar.gov/Active-Specifications/ENERGY-STAR-Certified-Ducted-Heat-Pumps/3m3x-a2hy
American Standard,Silver 16,5A6H6048A1,central,https://www.americanstandardair.com/assets/product-brochures/heat-pumps/TT_10-1113-R-42_AMSD_Heat_Pump-Brochure_SV.pdf,Brochure officielle de gamme,Marque et familles courantes,Moyenne,Document officiel trouvé et examiné,,https://data.energystar.gov/Active-Specifications/ENERGY-STAR-Certified-Ducted-Heat-Pumps/3m3x-a2hy
American Standard,Silver 16,5A6H6060A1,central,https://www.americanstandardair.com/assets/product-brochures/heat-pumps/TT_10-1113-R-42_AMSD_Heat_Pump-Brochure_SV.pdf,Brochure officielle de gamme,Marque et familles courantes,Moyenne,Document officiel trouvé et examiné,,https://data.energystar.gov/Active-Specifications/ENERGY-STAR-Certified-Ducted-Heat-Pumps/3m3x-a2hy
Ameristar,23U Multi,M5THM2318A12NA*,ductless,https://ameristarhvac.com/professional-resources/,Portail documentaire fabricant,Séries ductless 23,Élevée,Portail officiel trouvé et vérifié; PDF exact à sélectionner lorsque précisé,,https://data.energystar.gov/Active-Specifications/ENERGY-STAR-Certified-Mini-Split-Heat-Pumps/akti-mt5s
Ameristar,23U Multi,M5THM2327A13NA*,ductless,https://ameristarhvac.com/professional-resources/,Portail documentaire fabricant,Séries ductless 23,Élevée,Portail officiel trouvé et vérifié; PDF exact à sélectionner lorsque précisé,,https://data.energystar.gov/Active-Specifications/ENERGY-STAR-Certified-Mini-Split-Heat-Pumps/akti-mt5s
Ameristar,23U Multi,M5THM2336A14NA*,ductless,https://ameristarhvac.com/professional-resources/,Portail documentaire fabricant,Séries ductless 23,Élevée,Portail officiel trouvé et vérifié; PDF exact à sélectionner lorsque précisé,,https://data.energystar.gov/Active-Specifications/ENERGY-STAR-Certified-Mini-Split-Heat-Pumps/akti-mt5s
Ameristar,23U Multi,M5THM2342A15NA*,ductless,https://ameristarhvac.com/professional-resources/,Portail documentaire fabricant,Séries ductless 23,Élevée,Portail officiel trouvé et vérifié; PDF exact à sélectionner lorsque précisé,,https://data.energystar.gov/Active-Specifications/ENERGY-STAR-Certified-Mini-Split-Heat-Pumps/akti-mt5s
Ameristar,23U Series,M5THS2309A11NA*,ductless,https://ameristarhvac.com/professional-resources/,Portail documentaire fabricant,Séries ductless 23,Élevée,Portail officiel trouvé et vérifié; PDF exact à sélectionner lorsque précisé,,https://data.energystar.gov/Active-Specifications/ENERGY-STAR-Certified-Mini-Split-Heat-Pumps/akti-mt5s
Ameristar,23U Series,M5THS2312A11NA*,ductless,https://ameristarhvac.com/professional-resources/,Portail documentaire fabricant,Séries ductless 23,Élevée,Portail officiel trouvé et vérifié; PDF exact à sélectionner lorsque précisé,,https://data.energystar.gov/Active-Specifications/ENERGY-STAR-Certified-Mini-Split-Heat-Pumps/akti-mt5s
Ameristar,23U Series,M5THS2318A11NA*,ductless,https://ameristarhvac.com/professional-resources/,Portail documentaire fabricant,Séries ductless 23,Élevée,Portail officiel trouvé et vérifié; PDF exact à sélectionner lorsque précisé,,https://data.energystar.gov/Active-Specifications/ENERGY-STAR-Certified-Mini-Split-Heat-Pumps/akti-mt5s
Ameristar,23U Series,M5THS2324A11NA*,ductless,https://ameristarhvac.com/professional-resources/,Portail documentaire fabricant,Séries ductless 23,Élevée,Portail officiel trouvé et vérifié; PDF exact à sélectionner lorsque précisé,,https://data.energystar.gov/Active-Specifications/ENERGY-STAR-Certified-Mini-Split-Heat-Pumps/akti-mt5s
Ameristar,A5HP5,A5HP5024A1,central,https://ameristarhvac.com/professional-resources/,Portail documentaire fabricant,Série A5HP5,Élevée,Portail officiel trouvé et vérifié; PDF exact à sélectionner lorsque précisé,,https://data.energystar.gov/Active-Specifications/ENERGY-STAR-Certified-Ducted-Heat-Pumps/3m3x-a2hy
Ameristar,A5HP5,A5HP5030A1,central,https://ameristarhvac.com/professional-resources/,Portail documentaire fabricant,Série A5HP5,Élevée,Portail officiel trouvé et vérifié; PDF exact à sélectionner lorsque précisé,,https://data.energystar.gov/Active-Specifications/ENERGY-STAR-Certified-Ducted-Heat-Pumps/3m3x-a2hy
Ameristar,A5HP5,A5HP5036A1,central,https://ameristarhvac.com/professional-resources/,Portail documentaire fabricant,Série A5HP5,Élevée,Portail officiel trouvé et vérifié; PDF exact à sélectionner lorsque précisé,,https://data.energystar.gov/Active-Specifications/ENERGY-STAR-Certified-Ducted-Heat-Pumps/3m3x-a2hy
Ameristar,A5HP5,A5HP5042A1,central,https://ameristarhvac.com/professional-resources/,Portail documentaire fabricant,Série A5HP5,Élevée,Portail officiel trouvé et vérifié; PDF exact à sélectionner lorsque précisé,,https://data.energystar.gov/Active-Specifications/ENERGY-STAR-Certified-Ducted-Heat-Pumps/3m3x-a2hy
Ameristar,A5HP5,A5HP5048A1,central,https://ameristarhvac.com/professional-resources/,Portail documentaire fabricant,Série A5HP5,Élevée,Portail officiel trouvé et vérifié; PDF exact à sélectionner lorsque précisé,,https://data.energystar.gov/Active-Specifications/ENERGY-STAR-Certified-Ducted-Heat-Pumps/3m3x-a2hy
Ameristar,A5HP5,A5HP5060A1,central,https://ameristarhvac.com/professional-resources/,Portail documentaire fabricant,Série A5HP5,Élevée,Portail officiel trouvé et vérifié; PDF exact à sélectionner lorsque précisé,,https://data.energystar.gov/Active-Specifications/ENERGY-STAR-Certified-Ducted-Heat-Pumps/3m3x-a2hy
AproDr,ALC Series,ALC24-09H1B,ductless,,,,Non établi,Aucune brochure publique suffisamment précise confirmée après recherche approfondie,Code exact recherché dans les sources fabricant et index publics; ne pas associer un PDF générique.,https://data.energystar.gov/Active-Specifications/ENERGY-STAR-Certified-Mini-Split-Heat-Pumps/akti-mt5s
AproDr,ALC Series,ALC24-12H1B,ductless,,,,Non établi,Aucune brochure publique suffisamment précise confirmée après recherche approfondie,Code exact recherché dans les sources fabricant et index publics; ne pas associer un PDF générique.,https://data.energystar.gov/Active-Specifications/ENERGY-STAR-Certified-Mini-Split-Heat-Pumps/akti-mt5s
AproDr,ALC Series,ALC24-18H1B,ductless,,,,Non établi,Aucune brochure publique suffisamment précise confirmée après recherche approfondie,Code exact recherché dans les sources fabricant et index publics; ne pas associer un PDF générique.,https://data.energystar.gov/Active-Specifications/ENERGY-STAR-Certified-Mini-Split-Heat-Pumps/akti-mt5s
Arcoaire,D5C Series,D5CUHAH18AAK,central,https://www.arcoaire.com/en/us/products/,Portail fabricant ICP,Marque; documents par produit,Moyenne,Portail officiel trouvé et vérifié; PDF exact à sélectionner lorsque précisé,,https://data.energystar.gov/Active-Specifications/ENERGY-STAR-Certified-Ducted-Heat-Pumps/3m3x-a2hy
Arcoaire,D5C Series,D5CUHAH24AAK,central,https://www.arcoaire.com/en/us/products/,Portail fabricant ICP,Marque; documents par produit,Moyenne,Portail officiel trouvé et vérifié; PDF exact à sélectionner lorsque précisé,,https://data.energystar.gov/Active-Specifications/ENERGY-STAR-Certified-Ducted-Heat-Pumps/3m3x-a2hy
Arcoaire,D5C Series,D5CUHAH30AAK,central,https://www.arcoaire.com/en/us/products/,Portail fabricant ICP,Marque; documents par produit,Moyenne,Portail officiel trouvé et vérifié; PDF exact à sélectionner lorsque précisé,,https://data.energystar.gov/Active-Specifications/ENERGY-STAR-Certified-Ducted-Heat-Pumps/3m3x-a2hy
Arcoaire,D5C Series,D5CUHAH36AAK,central,https://www.arcoaire.com/en/us/products/,Portail fabricant ICP,Marque; documents par produit,Moyenne,Portail officiel trouvé et vérifié; PDF exact à sélectionner lorsque précisé,,https://data.energystar.gov/Active-Specifications/ENERGY-STAR-Certified-Ducted-Heat-Pumps/3m3x-a2hy
Arcoaire,D5C Series,D5CURAH18AAK,central,https://www.arcoaire.com/en/us/products/,Portail fabricant ICP,Marque; documents par produit,Moyenne,Portail officiel trouvé et vérifié; PDF exact à sélectionner lorsque précisé,,https://data.energystar.gov/Active-Specifications/ENERGY-STAR-Certified-Ducted-Heat-Pumps/3m3x-a2hy
Arcoaire,D5C Series,D5CURAH24AAK,central,https://www.arcoaire.com/en/us/products/,Portail fabricant ICP,Marque; documents par produit,Moyenne,Portail officiel trouvé et vérifié; PDF exact à sélectionner lorsque précisé,,https://data.energystar.gov/Active-Specifications/ENERGY-STAR-Certified-Ducted-Heat-Pumps/3m3x-a2hy
Arcoaire,D5C Series,D5CURAH30AAK,central,https://www.arcoaire.com/en/us/products/,Portail fabricant ICP,Marque; documents par produit,Moyenne,Portail officiel trouvé et vérifié; PDF exact à sélectionner lorsque précisé,,https://data.energystar.gov/Active-Specifications/ENERGY-STAR-Certified-Ducted-Heat-Pumps/3m3x-a2hy
Arcoaire,D5C Series,D5CURAH36AAK,central,https://www.arcoaire.com/en/us/products/,Portail fabricant ICP,Marque; documents par produit,Moyenne,Portail officiel trouvé et vérifié; PDF exact à sélectionner lorsque précisé,,https://data.energystar.gov/Active-Specifications/ENERGY-STAR-Certified-Ducted-Heat-Pumps/3m3x-a2hy
Armstrong Air,A7CP21V SERIES,A7CP21V36P-**A,central,https://www.armstrongair.com/,Portail fabricant,Marque; documents par produit,Moyenne,Portail officiel trouvé et vérifié; PDF exact à sélectionner lorsque précisé,,https://data.energystar.gov/Active-Specifications/ENERGY-STAR-Certified-Ducted-Heat-Pumps/3m3x-a2hy
Armstrong Air,A7HP14F SERIES,A7HP14F24P-**A,central,https://www.armstrongair.com/,Portail fabricant,Marque; documents par produit,Moyenne,Portail officiel trouvé et vérifié; PDF exact à sélectionner lorsque précisé,,https://data.energystar.gov/Active-Specifications/ENERGY-STAR-Certified-Ducted-Heat-Pumps/3m3x-a2hy
Armstrong Air,A7HP14F SERIES,A7HP14F30P-**A,central,https://www.armstrongair.com/,Portail fabricant,Marque; documents par produit,Moyenne,Portail officiel trouvé et vérifié; PDF exact à sélectionner lorsque précisé,,https://data.energystar.gov/Active-Specifications/ENERGY-STAR-Certified-Ducted-Heat-Pumps/3m3x-a2hy
Armstrong Air,A7HP14F SERIES,A7HP14F36P-**A,central,https://www.armstrongair.com/,Portail fabricant,Marque; documents par produit,Moyenne,Portail officiel trouvé et vérifié; PDF exact à sélectionner lorsque précisé,,https://data.energystar.gov/Active-Specifications/ENERGY-STAR-Certified-Ducted-Heat-Pumps/3m3x-a2hy
Armstrong Air,A7HP19V SERIES,A7HP19V36P-**A,central,https://www.armstrongair.com/,Portail fabricant,Marque; documents par produit,Moyenne,Portail officiel trouvé et vérifié; PDF exact à sélectionner lorsque précisé,,https://data.energystar.gov/Active-Specifications/ENERGY-STAR-Certified-Ducted-Heat-Pumps/3m3x-a2hy
Armstrong Air,A7HP19V SERIES,A7HP19V60P-**A,central,https://www.armstrongair.com/,Portail fabricant,Marque; documents par produit,Moyenne,Portail officiel trouvé et vérifié; PDF exact à sélectionner lorsque précisé,,https://data.energystar.gov/Active-Specifications/ENERGY-STAR-Certified-Ducted-Heat-Pumps/3m3x-a2hy
Armstrong Air,A7SCP18V Series,A7SCP18V24P-**A,central,https://www.armstrongair.com/,Portail fabricant,Marque; documents par produit,Moyenne,Portail officiel trouvé et vérifié; PDF exact à sélectionner lorsque précisé,,https://data.energystar.gov/Active-Specifications/ENERGY-STAR-Certified-Ducted-Heat-Pumps/3m3x-a2hy
Armstrong Air,A7SCP18V Series,A7SCP18V36P-**A,central,https://www.armstrongair.com/,Portail fabricant,Marque; documents par produit,Moyenne,Portail officiel trouvé et vérifié; PDF exact à sélectionner lorsque précisé,,https://data.energystar.gov/Active-Specifications/ENERGY-STAR-Certified-Ducted-Heat-Pumps/3m3x-a2hy
Armstrong Air,A7SCP18V Series,A7SCP18V60P-**A,central,https://www.armstrongair.com/,Portail fabricant,Marque; documents par produit,Moyenne,Portail officiel trouvé et vérifié; PDF exact à sélectionner lorsque précisé,,https://data.energystar.gov/Active-Specifications/ENERGY-STAR-Certified-Ducted-Heat-Pumps/3m3x-a2hy
AUFIT,C-Series,AJAN36HP230V1CO,ductless,,,,Non établi,Aucune brochure publique suffisamment précise confirmée après recherche approfondie,Code exact recherché dans les sources fabricant et index publics; ne pas associer un PDF générique.,https://data.energystar.gov/Active-Specifications/ENERGY-STAR-Certified-Mini-Split-Heat-Pumps/akti-mt5s
AUFIT,C-Series,ASW-H24F6A2/ *R3DI-D7,ductless,,,,Non établi,Aucune brochure publique suffisamment précise confirmée après recherche approfondie,Code exact recherché dans les sources fabricant et index publics; ne pas associer un PDF générique.,https://data.energystar.gov/Active-Specifications/ENERGY-STAR-Certified-Mini-Split-Heat-Pumps/akti-mt5s
AUFIT,C-Series,ASW-H24F6A2/**R3DI-D7,ductless,,,,Non établi,Aucune brochure publique suffisamment précise confirmée après recherche approfondie,Code exact recherché dans les sources fabricant et index publics; ne pas associer un PDF générique.,https://data.energystar.gov/Active-Specifications/ENERGY-STAR-Certified-Mini-Split-Heat-Pumps/akti-mt5s
AUFIT,C-Series,ASW-H36I9A2/**R3DI-B8,ductless,,,,Non établi,Aucune brochure publique suffisamment précise confirmée après recherche approfondie,Code exact recherché dans les sources fabricant et index publics; ne pas associer un PDF générique.,https://data.energystar.gov/Active-Specifications/ENERGY-STAR-Certified-Mini-Split-Heat-Pumps/akti-mt5s
AUFIT,C-Series,ASW-H36I9A2/*R3DI-B8,ductless,,,,Non établi,Aucune brochure publique suffisamment précise confirmée après recherche approfondie,Code exact recherché dans les sources fabricant et index publics; ne pas associer un PDF générique.,https://data.energystar.gov/Active-Specifications/ENERGY-STAR-Certified-Mini-Split-Heat-Pumps/akti-mt5s
AUFIT,C-Series,FH36LCA2DI-20US,ductless,,,,Non établi,Aucune brochure publique suffisamment précise confirmée après recherche approfondie,Code exact recherché dans les sources fabricant et index publics; ne pas associer un PDF générique.,https://data.energystar.gov/Active-Specifications/ENERGY-STAR-Certified-Mini-Split-Heat-Pumps/akti-mt5s
AUFIT,HI EFFICIENCY,ASW-H12C5A3/*R3DI-C3,ductless,,,,Non établi,Aucune brochure publique suffisamment précise confirmée après recherche approfondie,Code exact recherché dans les sources fabricant et index publics; ne pas associer un PDF générique.,https://data.energystar.gov/Active-Specifications/ENERGY-STAR-Certified-Mini-Split-Heat-Pumps/akti-mt5s
AUFIT,M-Series,ASW-H18E3B2/**R3DI-D2,ductless,,,,Non établi,Aucune brochure publique suffisamment précise confirmée après recherche approfondie,Code exact recherché dans les sources fabricant et index publics; ne pas associer un PDF générique.,https://data.energystar.gov/Active-Specifications/ENERGY-STAR-Certified-Mini-Split-Heat-Pumps/akti-mt5s
AUFIT,M-Series,ASW-H18E3B2/*R3DI-D2,ductless,,,,Non établi,Aucune brochure publique suffisamment précise confirmée après recherche approfondie,Code exact recherché dans les sources fabricant et index publics; ne pas associer un PDF générique.,https://data.energystar.gov/Active-Specifications/ENERGY-STAR-Certified-Mini-Split-Heat-Pumps/akti-mt5s
AUFIT,M-Series,ASW-H18E3C2/*R3DI-C3,ductless,,,,Non établi,Aucune brochure publique suffisamment précise confirmée après recherche approfondie,Code exact recherché dans les sources fabricant et index publics; ne pas associer un PDF générique.,https://data.energystar.gov/Active-Specifications/ENERGY-STAR-Certified-Mini-Split-Heat-Pumps/akti-mt5s
AUFIT,M-Series,ASW-H24F8A2/**R3DI-C7,ductless,,,,Non établi,Aucune brochure publique suffisamment précise confirmée après recherche approfondie,Code exact recherché dans les sources fabricant et index publics; ne pas associer un PDF générique.,https://data.energystar.gov/Active-Specifications/ENERGY-STAR-Certified-Mini-Split-Heat-Pumps/akti-mt5s
AUFIT,M-Series,ASW-H24F8A2/*R3DI-C7,ductless,,,,Non établi,Aucune brochure publique suffisamment précise confirmée après recherche approfondie,Code exact recherché dans les sources fabricant et index publics; ne pas associer un PDF générique.,https://data.energystar.gov/Active-Specifications/ENERGY-STAR-Certified-Mini-Split-Heat-Pumps/akti-mt5s
AUFIT,Q Series,FH09QCA3DI-20US,ductless,,,,Non établi,Aucune brochure publique suffisamment précise confirmée après recherche approfondie,Code exact recherché dans les sources fabricant et index publics; ne pas associer un PDF générique.,https://data.energystar.gov/Active-Specifications/ENERGY-STAR-Certified-Mini-Split-Heat-Pumps/akti-mt5s
AUFIT,Q Series,FH12QCA3DI-20US,ductless,,,,Non établi,Aucune brochure publique suffisamment précise confirmée après recherche approfondie,Code exact recherché dans les sources fabricant et index publics; ne pas associer un PDF générique.,https://data.energystar.gov/Active-Specifications/ENERGY-STAR-Certified-Mini-Split-Heat-Pumps/akti-mt5s
AUFIT,Q Series,FH18QCA2DI-20US,ductless,,,,Non établi,Aucune brochure publique suffisamment précise confirmée après recherche approfondie,Code exact recherché dans les sources fabricant et index publics; ne pas associer un PDF générique.,https://data.energystar.gov/Active-Specifications/ENERGY-STAR-Certified-Mini-Split-Heat-Pumps/akti-mt5s
AUX,C-Series,AFEB09HP115V1CO,ductless,https://apimws.auxair.com/us/ca,Portail documentaire fabricant avec brochures,Marque et modèles Canada,Moyenne,Portail officiel trouvé et vérifié; PDF exact à sélectionner lorsque précisé,,https://data.energystar.gov/Active-Specifications/ENERGY-STAR-Certified-Mini-Split-Heat-Pumps/akti-mt5s
AUX,C-Series,AFEB09HP230V1CO,ductless,https://apimws.auxair.com/us/ca,Portail documentaire fabricant avec brochures,Marque et modèles Canada,Moyenne,Portail officiel trouvé et vérifié; PDF exact à sélectionner lorsque précisé,,https://data.energystar.gov/Active-Specifications/ENERGY-STAR-Certified-Mini-Split-Heat-Pumps/akti-mt5s
AUX,C-Series,AFEB12HP115V1CO,ductless,https://apimws.auxair.com/us/ca,Portail documentaire fabricant avec brochures,Marque et modèles Canada,Moyenne,Portail officiel trouvé et vérifié; PDF exact à sélectionner lorsque précisé,,https://data.energystar.gov/Active-Specifications/ENERGY-STAR-Certified-Mini-Split-Heat-Pumps/akti-mt5s
AUX,C-Series,AFEB12HP230V1CO,ductless,https://apimws.auxair.com/us/ca,Portail documentaire fabricant avec brochures,Marque et modèles Canada,Moyenne,Portail officiel trouvé et vérifié; PDF exact à sélectionner lorsque précisé,,https://data.energystar.gov/Active-Specifications/ENERGY-STAR-Certified-Mini-Split-Heat-Pumps/akti-mt5s
AUX,C-Series,AFEB18HP230V2CO,ductless,https://apimws.auxair.com/us/ca,Portail documentaire fabricant avec brochures,Marque et modèles Canada,Moyenne,Portail officiel trouvé et vérifié; PDF exact à sélectionner lorsque précisé,,https://data.energystar.gov/Active-Specifications/ENERGY-STAR-Certified-Mini-Split-Heat-Pumps/akti-mt5s
AUX,C-Series,AFEB24HP230V1CO,ductless,https://apimws.auxair.com/us/ca,Portail documentaire fabricant avec brochures,Marque et modèles Canada,Moyenne,Portail officiel trouvé et vérifié; PDF exact à sélectionner lorsque précisé,,https://data.energystar.gov/Active-Specifications/ENERGY-STAR-Certified-Mini-Split-Heat-Pumps/akti-mt5s
AUX,C-Series,AH09MHA2DI-19US,ductless,https://apimws.auxair.com/us/ca,Portail documentaire fabricant avec brochures,Marque et modèles Canada,Moyenne,Portail officiel trouvé et vérifié; PDF exact à sélectionner lorsque précisé,,https://data.energystar.gov/Active-Specifications/ENERGY-STAR-Certified-Mini-Split-Heat-Pumps/akti-mt5s
AUX,C-Series,AH09MHA2DI-20US,ductless,https://apimws.auxair.com/us/ca,Portail documentaire fabricant avec brochures,Marque et modèles Canada,Moyenne,Portail officiel trouvé et vérifié; PDF exact à sélectionner lorsque précisé,,https://data.energystar.gov/Active-Specifications/ENERGY-STAR-Certified-Mini-Split-Heat-Pumps/akti-mt5s
AUX,C-Series,AH09MHA3DI-19US,ductless,https://apimws.auxair.com/us/ca,Portail documentaire fabricant avec brochures,Marque et modèles Canada,Moyenne,Portail officiel trouvé et vérifié; PDF exact à sélectionner lorsque précisé,,https://data.energystar.gov/Active-Specifications/ENERGY-STAR-Certified-Mini-Split-Heat-Pumps/akti-mt5s
AUX,C-Series,AH09MHA3DI-20US,ductless,https://apimws.auxair.com/us/ca,Portail documentaire fabricant avec brochures,Marque et modèles Canada,Moyenne,Portail officiel trouvé et vérifié; PDF exact à sélectionner lorsque précisé,,https://data.energystar.gov/Active-Specifications/ENERGY-STAR-Certified-Mini-Split-Heat-Pumps/akti-mt5s
AUX,C-Series,AH12MHA2DI-19US,ductless,https://apimws.auxair.com/us/ca,Portail documentaire fabricant avec brochures,Marque et modèles Canada,Moyenne,Portail officiel trouvé et vérifié; PDF exact à sélectionner lorsque précisé,,https://data.energystar.gov/Active-Specifications/ENERGY-STAR-Certified-Mini-Split-Heat-Pumps/akti-mt5s
AUX,C-Series,AH12MHA2DI-20US,ductless,https://apimws.auxair.com/us/ca,Portail documentaire fabricant avec brochures,Marque et modèles Canada,Moyenne,Portail officiel trouvé et vérifié; PDF exact à sélectionner lorsque précisé,,https://data.energystar.gov/Active-Specifications/ENERGY-STAR-Certified-Mini-Split-Heat-Pumps/akti-mt5s
AUX,C-Series,AH12MHA3DI-19US,ductless,https://apimws.auxair.com/us/ca,Portail documentaire fabricant avec brochures,Marque et modèles Canada,Moyenne,Portail officiel trouvé et vérifié; PDF exact à sélectionner lorsque précisé,,https://data.energystar.gov/Active-Specifications/ENERGY-STAR-Certified-Mini-Split-Heat-Pumps/akti-mt5s
AUX,C-Series,AH12MHA3DI-20US,ductless,https://apimws.auxair.com/us/ca,Portail documentaire fabricant avec brochures,Marque et modèles Canada,Moyenne,Portail officiel trouvé et vérifié; PDF exact à sélectionner lorsque précisé,,https://data.energystar.gov/Active-Specifications/ENERGY-STAR-Certified-Mini-Split-Heat-Pumps/akti-mt5s
AUX,C-Series,AH18MHA2DI-19US,ductless,https://apimws.auxair.com/us/ca,Portail documentaire fabricant avec brochures,Marque et modèles Canada,Moyenne,Portail officiel trouvé et vérifié; PDF exact à sélectionner lorsque précisé,,https://data.energystar.gov/Active-Specifications/ENERGY-STAR-Certified-Mini-Split-Heat-Pumps/akti-mt5s
AUX,C-Series,AH18MHA2DI-20US,ductless,https://apimws.auxair.com/us/ca,Portail documentaire fabricant avec brochures,Marque et modèles Canada,Moyenne,Portail officiel trouvé et vérifié; PDF exact à sélectionner lorsque précisé,,https://data.energystar.gov/Active-Specifications/ENERGY-STAR-Certified-Mini-Split-Heat-Pumps/akti-mt5s
AUX,C-Series,AH24MHA2DI-18US,ductless,https://apimws.auxair.com/us/ca,Portail documentaire fabricant avec brochures,Marque et modèles Canada,Moyenne,Portail officiel trouvé et vérifié; PDF exact à sélectionner lorsque précisé,,https://data.energystar.gov/Active-Specifications/ENERGY-STAR-Certified-Mini-Split-Heat-Pumps/akti-mt5s
AUX,C-Series,AH24MHB2DI-18US,ductless,https://apimws.auxair.com/us/ca,Portail documentaire fabricant avec brochures,Marque et modèles Canada,Moyenne,Portail officiel trouvé et vérifié; PDF exact à sélectionner lorsque précisé,,https://data.energystar.gov/Active-Specifications/ENERGY-STAR-Certified-Mini-Split-Heat-Pumps/akti-mt5s
AUX,C-Series,AH36LCA2DI-18US,ductless,https://apimws.auxair.com/us/ca,Portail documentaire fabricant avec brochures,Marque et modèles Canada,Moyenne,Portail officiel trouvé et vérifié; PDF exact à sélectionner lorsque précisé,,https://data.energystar.gov/Active-Specifications/ENERGY-STAR-Certified-Mini-Split-Heat-Pumps/akti-mt5s
AUX,C-Series,AH36LCB2DI-18US,ductless,https://apimws.auxair.com/us/ca,Portail documentaire fabricant avec brochures,Marque et modèles Canada,Moyenne,Portail officiel trouvé et vérifié; PDF exact à sélectionner lorsque précisé,,https://data.energystar.gov/Active-Specifications/ENERGY-STAR-Certified-Mini-Split-Heat-Pumps/akti-mt5s
AUX,C-Series,AJAN09HP115V1CO,ductless,https://apimws.auxair.com/us/ca,Portail documentaire fabricant avec brochures,Marque et modèles Canada,Moyenne,Portail officiel trouvé et vérifié; PDF exact à sélectionner lorsque précisé,,https://data.energystar.gov/Active-Specifications/ENERGY-STAR-Certified-Mini-Split-Heat-Pumps/akti-mt5s
AUX,C-Series,AJAN09HP230V1CO,ductless,https://apimws.auxair.com/us/ca,Portail documentaire fabricant avec brochures,Marque et modèles Canada,Moyenne,Portail officiel trouvé et vérifié; PDF exact à sélectionner lorsque précisé,,https://data.energystar.gov/Active-Specifications/ENERGY-STAR-Certified-Mini-Split-Heat-Pumps/akti-mt5s
AUX,C-Series,AJAN12HP115V1CO,ductless,https://apimws.auxair.com/us/ca,Portail documentaire fabricant avec brochures,Marque et modèles Canada,Moyenne,Portail officiel trouvé et vérifié; PDF exact à sélectionner lorsque précisé,,https://data.energystar.gov/Active-Specifications/ENERGY-STAR-Certified-Mini-Split-Heat-Pumps/akti-mt5s
AUX,C-Series,AJAN12HP230V1CO,ductless,https://apimws.auxair.com/us/ca,Portail documentaire fabricant avec brochures,Marque et modèles Canada,Moyenne,Portail officiel trouvé et vérifié; PDF exact à sélectionner lorsque précisé,,https://data.energystar.gov/Active-Specifications/ENERGY-STAR-Certified-Mini-Split-Heat-Pumps/akti-mt5s
AUX,C-Series,AJAN18HP230V1CO,ductless,https://apimws.auxair.com/us/ca,Portail documentaire fabricant avec brochures,Marque et modèles Canada,Moyenne,Portail officiel trouvé et vérifié; PDF exact à sélectionner lorsque précisé,,https://data.energystar.gov/Active-Specifications/ENERGY-STAR-Certified-Mini-Split-Heat-Pumps/akti-mt5s
AUX,C-Series,AJAN24HP230V1CO,ductless,https://apimws.auxair.com/us/ca,Portail documentaire fabricant avec brochures,Marque et modèles Canada,Moyenne,Portail officiel trouvé et vérifié; PDF exact à sélectionner lorsque précisé,,https://data.energystar.gov/Active-Specifications/ENERGY-STAR-Certified-Mini-Split-Heat-Pumps/akti-mt5s
AUX,C-Series,AJAN36HP230V1CO,ductless,https://apimws.auxair.com/us/ca,Portail documentaire fabricant avec brochures,Marque et modèles Canada,Moyenne,Portail officiel trouvé et vérifié; PDF exact à sélectionner lorsque précisé,,https://data.energystar.gov/Active-Specifications/ENERGY-STAR-Certified-Mini-Split-Heat-Pumps/akti-mt5s
AUX,C-Series,AMAR09HP115V1CO,ductless,https://apimws.auxair.com/us/ca,Portail documentaire fabricant avec brochures,Marque et modèles Canada,Moyenne,Portail officiel trouvé et vérifié; PDF exact à sélectionner lorsque précisé,,https://data.energystar.gov/Active-Specifications/ENERGY-STAR-Certified-Mini-Split-Heat-Pumps/akti-mt5s
AUX,C-Series,AMAR09HP230V1CO,ductless,https://apimws.auxair.com/us/ca,Portail documentaire fabricant avec brochures,Marque et modèles Canada,Moyenne,Portail officiel trouvé et vérifié; PDF exact à sélectionner lorsque précisé,,https://data.energystar.gov/Active-Specifications/ENERGY-STAR-Certified-Mini-Split-Heat-Pumps/akti-mt5s
AUX,C-Series,AMAR12HP115V1CO,ductless,https://apimws.auxair.com/us/ca,Portail documentaire fabricant avec brochures,Marque et modèles Canada,Moyenne,Portail officiel trouvé et vérifié; PDF exact à sélectionner lorsque précisé,,https://data.energystar.gov/Active-Specifications/ENERGY-STAR-Certified-Mini-Split-Heat-Pumps/akti-mt5s
AUX,C-Series,AMAR12HP230V1CO,ductless,https://apimws.auxair.com/us/ca,Portail documentaire fabricant avec brochures,Marque et modèles Canada,Moyenne,Portail officiel trouvé et vérifié; PDF exact à sélectionner lorsque précisé,,https://data.energystar.gov/Active-Specifications/ENERGY-STAR-Certified-Mini-Split-Heat-Pumps/akti-mt5s
AUX,C-Series,AMAR18HP230V1CO,ductless,https://apimws.auxair.com/us/ca,Portail documentaire fabricant avec brochures,Marque et modèles Canada,Moyenne,Portail officiel trouvé et vérifié; PDF exact à sélectionner lorsque précisé,,https://data.energystar.gov/Active-Specifications/ENERGY-STAR-Certified-Mini-Split-Heat-Pumps/akti-mt5s
AUX,C-Series,AMAR24HP230V2CO,ductless,https://apimws.auxair.com/us/ca,Portail documentaire fabricant avec brochures,Marque et modèles Canada,Moyenne,Portail officiel trouvé et vérifié; PDF exact à sélectionner lorsque précisé,,https://data.energystar.gov/Active-Specifications/ENERGY-STAR-Certified-Mini-Split-Heat-Pumps/akti-mt5s
AUX,C-Series,ASW-H24F6A2/ *R3DI-D7,ductless,https://apimws.auxair.com/us/ca,Portail documentaire fabricant avec brochures,Marque et modèles Canada,Moyenne,Portail officiel trouvé et vérifié; PDF exact à sélectionner lorsque précisé,,https://data.energystar.gov/Active-Specifications/ENERGY-STAR-Certified-Mini-Split-Heat-Pumps/akti-mt5s
AUX,C-Series,ASW-H24F6A2/**R3DI-D7,ductless,https://apimws.auxair.com/us/ca,Portail documentaire fabricant avec brochures,Marque et modèles Canada,Moyenne,Portail officiel trouvé et vérifié; PDF exact à sélectionner lorsque précisé,,https://data.energystar.gov/Active-Specifications/ENERGY-STAR-Certified-Mini-Split-Heat-Pumps/akti-mt5s
AUX,C-Series,AUM20SW09HP115V1/O,ductless,https://apimws.auxair.com/us/ca,Portail documentaire fabricant avec brochures,Marque et modèles Canada,Moyenne,Portail officiel trouvé et vérifié; PDF exact à sélectionner lorsque précisé,,https://data.energystar.gov/Active-Specifications/ENERGY-STAR-Certified-Mini-Split-Heat-Pumps/akti-mt5s
AUX,C-Series,AUM20SW09HP230V1/O,ductless,https://apimws.auxair.com/us/ca,Portail documentaire fabricant avec brochures,Marque et modèles Canada,Moyenne,Portail officiel trouvé et vérifié; PDF exact à sélectionner lorsque précisé,,https://data.energystar.gov/Active-Specifications/ENERGY-STAR-Certified-Mini-Split-Heat-Pumps/akti-mt5s
AUX,C-Series,AUM20SW12HP115V1/O,ductless,https://apimws.auxair.com/us/ca,Portail documentaire fabricant avec brochures,Marque et modèles Canada,Moyenne,Portail officiel trouvé et vérifié; PDF exact à sélectionner lorsque précisé,,https://data.energystar.gov/Active-Specifications/ENERGY-STAR-Certified-Mini-Split-Heat-Pumps/akti-mt5s
AUX,C-Series,AUM20SW12HP230V1/O,ductless,https://apimws.auxair.com/us/ca,Portail documentaire fabricant avec brochures,Marque et modèles Canada,Moyenne,Portail officiel trouvé et vérifié; PDF exact à sélectionner lorsque précisé,,https://data.energystar.gov/Active-Specifications/ENERGY-STAR-Certified-Mini-Split-Heat-Pumps/akti-mt5s
AUX,C-Series,AUM20SW18HP230V1/O,ductless,https://apimws.auxair.com/us/ca,Portail documentaire fabricant avec brochures,Marque et modèles Canada,Moyenne,Portail officiel trouvé et vérifié; PDF exact à sélectionner lorsque précisé,,https://data.energystar.gov/Active-Specifications/ENERGY-STAR-Certified-Mini-Split-Heat-Pumps/akti-mt5s
AUX,C-Series,AUM20SW24HP230V1/O,ductless,https://apimws.auxair.com/us/ca,Portail documentaire fabricant avec brochures,Marque et modèles Canada,Moyenne,Portail officiel trouvé et vérifié; PDF exact à sélectionner lorsque précisé,,https://data.energystar.gov/Active-Specifications/ENERGY-STAR-Certified-Mini-Split-Heat-Pumps/akti-mt5s
AUX,C-Series,FH36LCA2DI-20US,ductless,https://apimws.auxair.com/us/ca,Portail documentaire fabricant avec brochures,Marque et modèles Canada,Moyenne,Portail officiel trouvé et vérifié; PDF exact à sélectionner lorsque précisé,,https://data.energystar.gov/Active-Specifications/ENERGY-STAR-Certified-Mini-Split-Heat-Pumps/akti-mt5s
AUX,C-Series,XH09MAA2DI-20US,ductless,https://apimws.auxair.com/us/ca,Portail documentaire fabricant avec brochures,Marque et modèles Canada,Moyenne,Portail officiel trouvé et vérifié; PDF exact à sélectionner lorsque précisé,,https://data.energystar.gov/Active-Specifications/ENERGY-STAR-Certified-Mini-Split-Heat-Pumps/akti-mt5s
AUX,C-Series,XH09MAA3DI-20US,ductless,https://apimws.auxair.com/us/ca,Portail documentaire fabricant avec brochures,Marque et modèles Canada,Moyenne,Portail officiel trouvé et vérifié; PDF exact à sélectionner lorsque précisé,,https://data.energystar.gov/Active-Specifications/ENERGY-STAR-Certified-Mini-Split-Heat-Pumps/akti-mt5s
AUX,C-Series,XH12MAA2DI-20US,ductless,https://apimws.auxair.com/us/ca,Portail documentaire fabricant avec brochures,Marque et modèles Canada,Moyenne,Portail officiel trouvé et vérifié; PDF exact à sélectionner lorsque précisé,,https://data.energystar.gov/Active-Specifications/ENERGY-STAR-Certified-Mini-Split-Heat-Pumps/akti-mt5s
AUX,C-Series,XH12MAA3DI-20US,ductless,https://apimws.auxair.com/us/ca,Portail documentaire fabricant avec brochures,Marque et modèles Canada,Moyenne,Portail officiel trouvé et vérifié; PDF exact à sélectionner lorsque précisé,,https://data.energystar.gov/Active-Specifications/ENERGY-STAR-Certified-Mini-Split-Heat-Pumps/akti-mt5s
AUX,C-Series,XH18MAA2DI-20US,ductless,https://apimws.auxair.com/us/ca,Portail documentaire fabricant avec brochures,Marque et modèles Canada,Moyenne,Portail officiel trouvé et vérifié; PDF exact à sélectionner lorsque précisé,,https://data.energystar.gov/Active-Specifications/ENERGY-STAR-Certified-Mini-Split-Heat-Pumps/akti-mt5s
AUX,C-Series,XH24MAA2DI-20US,ductless,https://apimws.auxair.com/us/ca,Portail documentaire fabricant avec brochures,Marque et modèles Canada,Moyenne,Portail officiel trouvé et vérifié; PDF exact à sélectionner lorsque précisé,,https://data.energystar.gov/Active-Specifications/ENERGY-STAR-Certified-Mini-Split-Heat-Pumps/akti-mt5s
AUX,C-Series,XH36LCA2DI-19US,ductless,https://apimws.auxair.com/us/ca,Portail documentaire fabricant avec brochures,Marque et modèles Canada,Moyenne,Portail officiel trouvé et vérifié; PDF exact à sélectionner lorsque précisé,,https://data.energystar.gov/Active-Specifications/ENERGY-STAR-Certified-Mini-Split-Heat-Pumps/akti-mt5s
AUX,HI EFFICIENCY,ASW-H12C5A3/*R3DI-C3,ductless,https://apimws.auxair.com/us/ca,Portail documentaire fabricant avec brochures,Marque et modèles Canada,Moyenne,Portail officiel trouvé et vérifié; PDF exact à sélectionner lorsque précisé,,https://data.energystar.gov/Active-Specifications/ENERGY-STAR-Certified-Mini-Split-Heat-Pumps/akti-mt5s
AUX,M-Series,ASW-H09B6A3/**R3DI-C3,ductless,https://apimws.auxair.com/us/ca,Portail documentaire fabricant avec brochures,Marque et modèles Canada,Moyenne,Portail officiel trouvé et vérifié; PDF exact à sélectionner lorsque précisé,,https://data.energystar.gov/Active-Specifications/ENERGY-STAR-Certified-Mini-Split-Heat-Pumps/akti-mt5s
AUX,M-Series,ASW-H09B6A3/*R3DI-C3,ductless,https://apimws.auxair.com/us/ca,Portail documentaire fabricant avec brochures,Marque et modèles Canada,Moyenne,Portail officiel trouvé et vérifié; PDF exact à sélectionner lorsque précisé,,https://data.energystar.gov/Active-Specifications/ENERGY-STAR-Certified-Mini-Split-Heat-Pumps/akti-mt5s
AUX,M-Series,ASW-H12C5B2/*R3DI-C9,ductless,https://apimws.auxair.com/us/ca,Portail documentaire fabricant avec brochures,Marque et modèles Canada,Moyenne,Portail officiel trouvé et vérifié; PDF exact à sélectionner lorsque précisé,,https://data.energystar.gov/Active-Specifications/ENERGY-STAR-Certified-Mini-Split-Heat-Pumps/akti-mt5s
AUX,M-Series,ASW-H12C5B3/*R3DI-C6,ductless,https://apimws.auxair.com/us/ca,Portail documentaire fabricant avec brochures,Marque et modèles Canada,Moyenne,Portail officiel trouvé et vérifié; PDF exact à sélectionner lorsque précisé,,https://data.energystar.gov/Active-Specifications/ENERGY-STAR-Certified-Mini-Split-Heat-Pumps/akti-mt5s
AUX,M-Series,ASW-H12C5C2/*R3DI-C5,ductless,https://apimws.auxair.com/us/ca,Portail documentaire fabricant avec brochures,Marque et modèles Canada,Moyenne,Portail officiel trouvé et vérifié; PDF exact à sélectionner lorsque précisé,,https://data.energystar.gov/Active-Specifications/ENERGY-STAR-Certified-Mini-Split-Heat-Pumps/akti-mt5s
AUX,M-Series,ASW-H12C5C3/*R3DI-C5,ductless,https://apimws.auxair.com/us/ca,Portail documentaire fabricant avec brochures,Marque et modèles Canada,Moyenne,Portail officiel trouvé et vérifié; PDF exact à sélectionner lorsque précisé,,https://data.energystar.gov/Active-Specifications/ENERGY-STAR-Certified-Mini-Split-Heat-Pumps/akti-mt5s
AUX,M-Series,ASW-H12C5D2/*R3DI-C5,ductless,https://apimws.auxair.com/us/ca,Portail documentaire fabricant avec brochures,Marque et modèles Canada,Moyenne,Portail officiel trouvé et vérifié; PDF exact à sélectionner lorsque précisé,,https://data.energystar.gov/Active-Specifications/ENERGY-STAR-Certified-Mini-Split-Heat-Pumps/akti-mt5s
AUX,M-Series,ASW-H18E3B2/**R3DI-D2,ductless,https://apimws.auxair.com/us/ca,Portail documentaire fabricant avec brochures,Marque et modèles Canada,Moyenne,Portail officiel trouvé et vérifié; PDF exact à sélectionner lorsque précisé,,https://data.energystar.gov/Active-Specifications/ENERGY-STAR-Certified-Mini-Split-Heat-Pumps/akti-mt5s
AUX,M-Series,ASW-H18E3B2/*R3DI-D2,ductless,https://apimws.auxair.com/us/ca,Portail documentaire fabricant avec brochures,Marque et modèles Canada,Moyenne,Portail officiel trouvé et vérifié; PDF exact à sélectionner lorsque précisé,,https://data.energystar.gov/Active-Specifications/ENERGY-STAR-Certified-Mini-Split-Heat-Pumps/akti-mt5s
AUX,M-Series,ASW-H18E3C2/*R3DI-C3,ductless,https://apimws.auxair.com/us/ca,Portail documentaire fabricant avec brochures,Marque et modèles Canada,Moyenne,Portail officiel trouvé et vérifié; PDF exact à sélectionner lorsque précisé,,https://data.energystar.gov/Active-Specifications/ENERGY-STAR-Certified-Mini-Split-Heat-Pumps/akti-mt5s
AUX,M-Series,ASW-H24F8A2/**R3DI-C7,ductless,https://apimws.auxair.com/us/ca,Portail documentaire fabricant avec brochures,Marque et modèles Canada,Moyenne,Portail officiel trouvé et vérifié; PDF exact à sélectionner lorsque précisé,,https://data.energystar.gov/Active-Specifications/ENERGY-STAR-Certified-Mini-Split-Heat-Pumps/akti-mt5s
AUX,M-Series,ASW-H24F8A2/*R3DI-C7,ductless,https://apimws.auxair.com/us/ca,Portail documentaire fabricant avec brochures,Marque et modèles Canada,Moyenne,Portail officiel trouvé et vérifié; PDF exact à sélectionner lorsque précisé,,https://data.energystar.gov/Active-Specifications/ENERGY-STAR-Certified-Mini-Split-Heat-Pumps/akti-mt5s
AUX,Q Series,FH18QCA2DI-20US,ductless,https://apimws.auxair.com/us/ca,Portail documentaire fabricant avec brochures,Marque et modèles Canada,Moyenne,Portail officiel trouvé et vérifié; PDF exact à sélectionner lorsque précisé,,https://data.energystar.gov/Active-Specifications/ENERGY-STAR-Certified-Mini-Split-Heat-Pumps/akti-mt5s
AUX,Q-H-series,ASW-H12C5A2/ *R3DI-C5,ductless,https://apimws.auxair.com/us/ca,Portail documentaire fabricant avec brochures,Marque et modèles Canada,Moyenne,Portail officiel trouvé et vérifié; PDF exact à sélectionner lorsque précisé,,https://data.energystar.gov/Active-Specifications/ENERGY-STAR-Certified-Mini-Split-Heat-Pumps/akti-mt5s
AUX,Q-H-series,ASW-H18E3A2/ *R3DI-C3,ductless,https://apimws.auxair.com/us/ca,Portail documentaire fabricant avec brochures,Marque et modèles Canada,Moyenne,Portail officiel trouvé et vérifié; PDF exact à sélectionner lorsque précisé,,https://data.energystar.gov/Active-Specifications/ENERGY-STAR-Certified-Mini-Split-Heat-Pumps/akti-mt5s
AUX,Q-H-series,ASW-H24F4D2/**R3DI-C6,ductless,https://apimws.auxair.com/us/ca,Portail documentaire fabricant avec brochures,Marque et modèles Canada,Moyenne,Portail officiel trouvé et vérifié; PDF exact à sélectionner lorsque précisé,,https://data.energystar.gov/Active-Specifications/ENERGY-STAR-Certified-Mini-Split-Heat-Pumps/akti-mt5s
AUX,Q-H-series,ASW-H24G1D2/**R3DI-C6,ductless,https://apimws.auxair.com/us/ca,Portail documentaire fabricant avec brochures,Marque et modèles Canada,Moyenne,Portail officiel trouvé et vérifié; PDF exact à sélectionner lorsque précisé,,https://data.energystar.gov/Active-Specifications/ENERGY-STAR-Certified-Mini-Split-Heat-Pumps/akti-mt5s
AUX,Q-H-series,ASW-H24G1D2/*R3DI-C6,ductless,https://apimws.auxair.com/us/ca,Portail documentaire fabricant avec brochures,Marque et modèles Canada,Moyenne,Portail officiel trouvé et vérifié; PDF exact à sélectionner lorsque précisé,,https://data.energystar.gov/Active-Specifications/ENERGY-STAR-Certified-Mini-Split-Heat-Pumps/akti-mt5s
AUX,Q-Series,AFEB09HP230V1CO-U,ductless,https://apimws.auxair.com/us/ca,Portail documentaire fabricant avec brochures,Marque et modèles Canada,Moyenne,Portail officiel trouvé et vérifié; PDF exact à sélectionner lorsque précisé,,https://data.energystar.gov/Active-Specifications/ENERGY-STAR-Certified-Mini-Split-Heat-Pumps/akti-mt5s
AUX,Q-Series,AFEB12HP230V1CO-U,ductless,https://apimws.auxair.com/us/ca,Portail documentaire fabricant avec brochures,Marque et modèles Canada,Moyenne,Portail officiel trouvé et vérifié; PDF exact à sélectionner lorsque précisé,,https://data.energystar.gov/Active-Specifications/ENERGY-STAR-Certified-Mini-Split-Heat-Pumps/akti-mt5s
AUX,Q-Series,ASW-H18E3B2/Q*R3DI-C3,ductless,https://apimws.auxair.com/us/ca,Portail documentaire fabricant avec brochures,Marque et modèles Canada,Moyenne,Portail officiel trouvé et vérifié; PDF exact à sélectionner lorsque précisé,,https://data.energystar.gov/Active-Specifications/ENERGY-STAR-Certified-Mini-Split-Heat-Pumps/akti-mt5s
AUX,QF-series,ASW-H09B6B8/*R3DI-C3,ductless,https://apimws.auxair.com/us/ca,Portail documentaire fabricant avec brochures,Marque et modèles Canada,Moyenne,Portail officiel trouvé et vérifié; PDF exact à sélectionner lorsque précisé,,https://data.energystar.gov/Active-Specifications/ENERGY-STAR-Certified-Mini-Split-Heat-Pumps/akti-mt5s
AUX,Y-Series,AFEB09HP230V1CO-U,ductless,https://apimws.auxair.com/us/ca,Portail documentaire fabricant avec brochures,Marque et modèles Canada,Moyenne,Portail officiel trouvé et vérifié; PDF exact à sélectionner lorsque précisé,,https://data.energystar.gov/Active-Specifications/ENERGY-STAR-Certified-Mini-Split-Heat-Pumps/akti-mt5s
AUX,Y-Series,AFEB12HP230V1CO-U,ductless,https://apimws.auxair.com/us/ca,Portail documentaire fabricant avec brochures,Marque et modèles Canada,Moyenne,Portail officiel trouvé et vérifié; PDF exact à sélectionner lorsque précisé,,https://data.energystar.gov/Active-Specifications/ENERGY-STAR-Certified-Mini-Split-Heat-Pumps/akti-mt5s
Bestcold,Gable Series,MYORU24NA22BCH19ES,central,,,,Non établi,Aucune brochure publique suffisamment précise confirmée après recherche approfondie,Code exact recherché dans les sources fabricant et index publics; ne pas associer un PDF générique.,https://data.energystar.gov/Active-Specifications/ENERGY-STAR-Certified-Ducted-Heat-Pumps/3m3x-a2hy
Bestcold,Gable Series,MYORU36NA22BCH18ES,central,,,,Non établi,Aucune brochure publique suffisamment précise confirmée après recherche approfondie,Code exact recherché dans les sources fabricant et index publics; ne pas associer un PDF générique.,https://data.energystar.gov/Active-Specifications/ENERGY-STAR-Certified-Ducted-Heat-Pumps/3m3x-a2hy
Bestcold,Gable Series,MYORU48NA22BCH18ES,central,,,,Non établi,Aucune brochure publique suffisamment précise confirmée après recherche approfondie,Code exact recherché dans les sources fabricant et index publics; ne pas associer un PDF générique.,https://data.energystar.gov/Active-Specifications/ENERGY-STAR-Certified-Ducted-Heat-Pumps/3m3x-a2hy
Bestcold,Gable Series,MYORU60NA22BCH17ES,central,,,,Non établi,Aucune brochure publique suffisamment précise confirmée après recherche approfondie,Code exact recherché dans les sources fabricant et index publics; ne pas associer un PDF générique.,https://data.energystar.gov/Active-Specifications/ENERGY-STAR-Certified-Ducted-Heat-Pumps/3m3x-a2hy
BLUERIDGE,BH714S SERIES,BH714S24P-**A,central,https://ductless.alpinehomeair.com/home/,Portail officiel de la marque,Marque; documents par produit,Moyenne,Portail officiel trouvé et vérifié; PDF exact à sélectionner lorsque précisé,,https://data.energystar.gov/Active-Specifications/ENERGY-STAR-Certified-Ducted-Heat-Pumps/3m3x-a2hy
BLUERIDGE,BH714S SERIES,BH714S30P-**A,central,https://ductless.alpinehomeair.com/home/,Portail officiel de la marque,Marque; documents par produit,Moyenne,Portail officiel trouvé et vérifié; PDF exact à sélectionner lorsque précisé,,https://data.energystar.gov/Active-Specifications/ENERGY-STAR-Certified-Ducted-Heat-Pumps/3m3x-a2hy
BLUERIDGE,BH714S SERIES,BH714S36P-**A,central,https://ductless.alpinehomeair.com/home/,Portail officiel de la marque,Marque; documents par produit,Moyenne,Portail officiel trouvé et vérifié; PDF exact à sélectionner lorsque précisé,,https://data.energystar.gov/Active-Specifications/ENERGY-STAR-Certified-Ducted-Heat-Pumps/3m3x-a2hy
BLUERIDGE,BH719M SERIES,BH719M36P-**A,central,https://ductless.alpinehomeair.com/home/,Portail officiel de la marque,Marque; documents par produit,Moyenne,Portail officiel trouvé et vérifié; PDF exact à sélectionner lorsque précisé,,https://data.energystar.gov/Active-Specifications/ENERGY-STAR-Certified-Ducted-Heat-Pumps/3m3x-a2hy
BLUERIDGE,BH719M SERIES,BH719M60P-**A,central,https://ductless.alpinehomeair.com/home/,Portail officiel de la marque,Marque; documents par produit,Moyenne,Portail officiel trouvé et vérifié; PDF exact à sélectionner lorsque précisé,,https://data.energystar.gov/Active-Specifications/ENERGY-STAR-Certified-Ducted-Heat-Pumps/3m3x-a2hy
BLUERIDGE,BNG Series,BNG1A24SCN,central,https://ductless.alpinehomeair.com/home/,Portail officiel de la marque,Marque; documents par produit,Moyenne,Portail officiel trouvé et vérifié; PDF exact à sélectionner lorsque précisé,,https://data.energystar.gov/Active-Specifications/ENERGY-STAR-Certified-Ducted-Heat-Pumps/3m3x-a2hy
BLUERIDGE,BNG Series,BNG1A30SCN,central,https://ductless.alpinehomeair.com/home/,Portail officiel de la marque,Marque; documents par produit,Moyenne,Portail officiel trouvé et vérifié; PDF exact à sélectionner lorsque précisé,,https://data.energystar.gov/Active-Specifications/ENERGY-STAR-Certified-Ducted-Heat-Pumps/3m3x-a2hy
BLUERIDGE,BNG Series,BNG1A48SCN,central,https://ductless.alpinehomeair.com/home/,Portail officiel de la marque,Marque; documents par produit,Moyenne,Portail officiel trouvé et vérifié; PDF exact à sélectionner lorsque précisé,,https://data.energystar.gov/Active-Specifications/ENERGY-STAR-Certified-Ducted-Heat-Pumps/3m3x-a2hy
BLUERIDGE,BNG Series,BNG1A60SCN,central,https://ductless.alpinehomeair.com/home/,Portail officiel de la marque,Marque; documents par produit,Moyenne,Portail officiel trouvé et vérifié; PDF exact à sélectionner lorsque précisé,,https://data.energystar.gov/Active-Specifications/ENERGY-STAR-Certified-Ducted-Heat-Pumps/3m3x-a2hy
BLUERIDGE,BXS Series,BXS2A09SCV,ductless,https://ductless.alpinehomeair.com/home/,Portail officiel de la marque,Marque; documents par produit,Moyenne,Portail officiel trouvé et vérifié; PDF exact à sélectionner lorsque précisé,,https://data.energystar.gov/Active-Specifications/ENERGY-STAR-Certified-Mini-Split-Heat-Pumps/akti-mt5s
BLUERIDGE,Multi R32 AO,BXM0Z18SC0,ductless,https://ductless.alpinehomeair.com/home/,Portail officiel de la marque,Marque; documents par produit,Moyenne,Portail officiel trouvé et vérifié; PDF exact à sélectionner lorsque précisé,,https://data.energystar.gov/Active-Specifications/ENERGY-STAR-Certified-Mini-Split-Heat-Pumps/akti-mt5s
BLUERIDGE,Multi R32 AO,BXM0Z24SC0,ductless,https://ductless.alpinehomeair.com/home/,Portail officiel de la marque,Marque; documents par produit,Moyenne,Portail officiel trouvé et vérifié; PDF exact à sélectionner lorsque précisé,,https://data.energystar.gov/Active-Specifications/ENERGY-STAR-Certified-Mini-Split-Heat-Pumps/akti-mt5s
BLUERIDGE,Multi R32 AO,BXM0Z30SC0,ductless,https://ductless.alpinehomeair.com/home/,Portail officiel de la marque,Marque; documents par produit,Moyenne,Portail officiel trouvé et vérifié; PDF exact à sélectionner lorsque précisé,,https://data.energystar.gov/Active-Specifications/ENERGY-STAR-Certified-Mini-Split-Heat-Pumps/akti-mt5s
BLUERIDGE,Multi R32 AO,BXM0Z36SC0,ductless,https://ductless.alpinehomeair.com/home/,Portail officiel de la marque,Marque; documents par produit,Moyenne,Portail officiel trouvé et vérifié; PDF exact à sélectionner lorsque précisé,,https://data.energystar.gov/Active-Specifications/ENERGY-STAR-Certified-Mini-Split-Heat-Pumps/akti-mt5s
BLUERIDGE,Multi R32 AO,BXM0Z42SC0,ductless,https://ductless.alpinehomeair.com/home/,Portail officiel de la marque,Marque; documents par produit,Moyenne,Portail officiel trouvé et vérifié; PDF exact à sélectionner lorsque précisé,,https://data.energystar.gov/Active-Specifications/ENERGY-STAR-Certified-Mini-Split-Heat-Pumps/akti-mt5s
BLUERIDGE,NG2,BNG2Z36SCN,central,https://ductless.alpinehomeair.com/home/,Portail officiel de la marque,Marque; documents par produit,Moyenne,Portail officiel trouvé et vérifié; PDF exact à sélectionner lorsque précisé,,https://data.energystar.gov/Active-Specifications/ENERGY-STAR-Certified-Ducted-Heat-Pumps/3m3x-a2hy
BLUERIDGE,NG2,BNG2Z60SCN,central,https://ductless.alpinehomeair.com/home/,Portail officiel de la marque,Marque; documents par produit,Moyenne,Portail officiel trouvé et vérifié; PDF exact à sélectionner lorsque précisé,,https://data.energystar.gov/Active-Specifications/ENERGY-STAR-Certified-Ducted-Heat-Pumps/3m3x-a2hy
BLUERIDGE,NG3,BNG3Z36UCN,central,https://ductless.alpinehomeair.com/home/,Portail officiel de la marque,Marque; documents par produit,Moyenne,Portail officiel trouvé et vérifié; PDF exact à sélectionner lorsque précisé,,https://data.energystar.gov/Active-Specifications/ENERGY-STAR-Certified-Ducted-Heat-Pumps/3m3x-a2hy
BLUERIDGE,NG3,BNG3Z60UCN,central,https://ductless.alpinehomeair.com/home/,Portail officiel de la marque,Marque; documents par produit,Moyenne,Portail officiel trouvé et vérifié; PDF exact à sélectionner lorsque précisé,,https://data.energystar.gov/Active-Specifications/ENERGY-STAR-Certified-Ducted-Heat-Pumps/3m3x-a2hy
BLUERIDGE,XM2,BXM2Z55UC0,ductless,https://ductless.alpinehomeair.com/home/,Portail officiel de la marque,Marque; documents par produit,Moyenne,Portail officiel trouvé et vérifié; PDF exact à sélectionner lorsque précisé,,https://data.energystar.gov/Active-Specifications/ENERGY-STAR-Certified-Mini-Split-Heat-Pumps/akti-mt5s
BOREAL,17 SEER MULTI,EMUL18HPJ132OA,ductless,,,,Non établi,Aucune brochure publique suffisamment précise confirmée après recherche approfondie,Code exact recherché dans les sources fabricant et index publics; ne pas associer un PDF générique.,https://data.energystar.gov/Active-Specifications/ENERGY-STAR-Certified-Mini-Split-Heat-Pumps/akti-mt5s
BOREAL,17 SEER MULTI,EMUL24HPJ132OA,ductless,,,,Non établi,Aucune brochure publique suffisamment précise confirmée après recherche approfondie,Code exact recherché dans les sources fabricant et index publics; ne pas associer un PDF générique.,https://data.energystar.gov/Active-Specifications/ENERGY-STAR-Certified-Mini-Split-Heat-Pumps/akti-mt5s
BOREAL,17 SEER MULTI,EMUL30HPJ132OA,ductless,,,,Non établi,Aucune brochure publique suffisamment précise confirmée après recherche approfondie,Code exact recherché dans les sources fabricant et index publics; ne pas associer un PDF générique.,https://data.energystar.gov/Active-Specifications/ENERGY-STAR-Certified-Mini-Split-Heat-Pumps/akti-mt5s
BOREAL,17 SEER MULTI,EMUL36HPJ132OA,ductless,,,,Non établi,Aucune brochure publique suffisamment précise confirmée après recherche approfondie,Code exact recherché dans les sources fabricant et index publics; ne pas associer un PDF générique.,https://data.energystar.gov/Active-Specifications/ENERGY-STAR-Certified-Mini-Split-Heat-Pumps/akti-mt5s
BOREAL,17 SEER MULTI,EMUL42HPJ132OA,ductless,,,,Non établi,Aucune brochure publique suffisamment précise confirmée après recherche approfondie,Code exact recherché dans les sources fabricant et index publics; ne pas associer un PDF générique.,https://data.energystar.gov/Active-Specifications/ENERGY-STAR-Certified-Mini-Split-Heat-Pumps/akti-mt5s
BOREAL,Novo,NOV09HPJ132OA,ductless,,,,Non établi,Aucune brochure publique suffisamment précise confirmée après recherche approfondie,Code exact recherché dans les sources fabricant et index publics; ne pas associer un PDF générique.,https://data.energystar.gov/Active-Specifications/ENERGY-STAR-Certified-Mini-Split-Heat-Pumps/akti-mt5s
BOREAL,NOVO,NOV09HPL132OA,ductless,,,,Non établi,Aucune brochure publique suffisamment précise confirmée après recherche approfondie,Code exact recherché dans les sources fabricant et index publics; ne pas associer un PDF générique.,https://data.energystar.gov/Active-Specifications/ENERGY-STAR-Certified-Mini-Split-Heat-Pumps/akti-mt5s
BOREAL,Novo,NOV12HPJ132OA,ductless,,,,Non établi,Aucune brochure publique suffisamment précise confirmée après recherche approfondie,Code exact recherché dans les sources fabricant et index publics; ne pas associer un PDF générique.,https://data.energystar.gov/Active-Specifications/ENERGY-STAR-Certified-Mini-Split-Heat-Pumps/akti-mt5s
BOREAL,NOVO,NOV12HPL132OA,ductless,,,,Non établi,Aucune brochure publique suffisamment précise confirmée après recherche approfondie,Code exact recherché dans les sources fabricant et index publics; ne pas associer un PDF générique.,https://data.energystar.gov/Active-Specifications/ENERGY-STAR-Certified-Mini-Split-Heat-Pumps/akti-mt5s
BOREAL,Novo,NOV18HPJ132OA,ductless,,,,Non établi,Aucune brochure publique suffisamment précise confirmée après recherche approfondie,Code exact recherché dans les sources fabricant et index publics; ne pas associer un PDF générique.,https://data.energystar.gov/Active-Specifications/ENERGY-STAR-Certified-Mini-Split-Heat-Pumps/akti-mt5s
BOREAL,Novo,NOV24HPJ132OA,ductless,,,,Non établi,Aucune brochure publique suffisamment précise confirmée après recherche approfondie,Code exact recherché dans les sources fabricant et index publics; ne pas associer un PDF générique.,https://data.energystar.gov/Active-Specifications/ENERGY-STAR-Certified-Mini-Split-Heat-Pumps/akti-mt5s
Bosch,IDS Edge,BOHA-24MTB-M18S,central,https://www.bosch-homecomfort.com/us/media/country_pool/documents/engineering-submittal-sheets/ids_edge_series_condensing_unit_product_specification_en_01.2026.pdf,Fiche technique PDF,Série et modèles,Élevée,Document officiel trouvé et examiné,,https://data.energystar.gov/Active-Specifications/ENERGY-STAR-Certified-Ducted-Heat-Pumps/3m3x-a2hy
Bosch,IDS Edge,BOHA-24RTB-M18S,central,https://www.bosch-homecomfort.com/us/media/country_pool/documents/engineering-submittal-sheets/ids_edge_series_condensing_unit_product_specification_en_01.2026.pdf,Fiche technique PDF,Série et modèles,Élevée,Document officiel trouvé et examiné,,https://data.energystar.gov/Active-Specifications/ENERGY-STAR-Certified-Ducted-Heat-Pumps/3m3x-a2hy
Bosch,IDS Edge,BOHA-24RTB-M18S,ductless,https://www.bosch-homecomfort.com/us/media/country_pool/documents/engineering-submittal-sheets/ids_edge_series_condensing_unit_product_specification_en_01.2026.pdf,Fiche technique PDF,Série et modèles,Élevée,Document officiel trouvé et examiné,,https://data.energystar.gov/Active-Specifications/ENERGY-STAR-Certified-Mini-Split-Heat-Pumps/akti-mt5s
Bosch,IDS Edge,BOHA-36MTB-M18S,central,https://www.bosch-homecomfort.com/us/media/country_pool/documents/engineering-submittal-sheets/ids_edge_series_condensing_unit_product_specification_en_01.2026.pdf,Fiche technique PDF,Série et modèles,Élevée,Document officiel trouvé et examiné,,https://data.energystar.gov/Active-Specifications/ENERGY-STAR-Certified-Ducted-Heat-Pumps/3m3x-a2hy
Bosch,IDS Edge,BOHA-36MTB-M18S,ductless,https://www.bosch-homecomfort.com/us/media/country_pool/documents/engineering-submittal-sheets/ids_edge_series_condensing_unit_product_specification_en_01.2026.pdf,Fiche technique PDF,Série et modèles,Élevée,Document officiel trouvé et examiné,,https://data.energystar.gov/Active-Specifications/ENERGY-STAR-Certified-Mini-Split-Heat-Pumps/akti-mt5s
Bosch,IDS Edge,BOHA-36RTB-M18S,central,https://www.bosch-homecomfort.com/us/media/country_pool/documents/engineering-submittal-sheets/ids_edge_series_condensing_unit_product_specification_en_01.2026.pdf,Fiche technique PDF,Série et modèles,Élevée,Document officiel trouvé et examiné,,https://data.energystar.gov/Active-Specifications/ENERGY-STAR-Certified-Ducted-Heat-Pumps/3m3x-a2hy
Bosch,IDS Edge,BOHA-36RTB-M18S,ductless,https://www.bosch-homecomfort.com/us/media/country_pool/documents/engineering-submittal-sheets/ids_edge_series_condensing_unit_product_specification_en_01.2026.pdf,Fiche technique PDF,Série et modèles,Élevée,Document officiel trouvé et examiné,,https://data.energystar.gov/Active-Specifications/ENERGY-STAR-Certified-Mini-Split-Heat-Pumps/akti-mt5s
Bosch,IDS Edge,BOHA-60MTB-M18S,central,https://www.bosch-homecomfort.com/us/media/country_pool/documents/engineering-submittal-sheets/ids_edge_series_condensing_unit_product_specification_en_01.2026.pdf,Fiche technique PDF,Série et modèles,Élevée,Document officiel trouvé et examiné,,https://data.energystar.gov/Active-Specifications/ENERGY-STAR-Certified-Ducted-Heat-Pumps/3m3x-a2hy
Bosch,IDS Edge,BOHA-60MTB-M18S,ductless,https://www.bosch-homecomfort.com/us/media/country_pool/documents/engineering-submittal-sheets/ids_edge_series_condensing_unit_product_specification_en_01.2026.pdf,Fiche technique PDF,Série et modèles,Élevée,Document officiel trouvé et examiné,,https://data.energystar.gov/Active-Specifications/ENERGY-STAR-Certified-Mini-Split-Heat-Pumps/akti-mt5s
Bosch,IDS Edge,BOHA-60RTB-M18S,central,https://www.bosch-homecomfort.com/us/media/country_pool/documents/engineering-submittal-sheets/ids_edge_series_condensing_unit_product_specification_en_01.2026.pdf,Fiche technique PDF,Série et modèles,Élevée,Document officiel trouvé et examiné,,https://data.energystar.gov/Active-Specifications/ENERGY-STAR-Certified-Ducted-Heat-Pumps/3m3x-a2hy
Bosch,IDS Edge,BOHA-60RTB-M18S,ductless,https://www.bosch-homecomfort.com/us/media/country_pool/documents/engineering-submittal-sheets/ids_edge_series_condensing_unit_product_specification_en_01.2026.pdf,Fiche technique PDF,Série et modèles,Élevée,Document officiel trouvé et examiné,,https://data.energystar.gov/Active-Specifications/ENERGY-STAR-Certified-Mini-Split-Heat-Pumps/akti-mt5s
Cadet,500 Series,500006876,ductless,,,,Non établi,Aucune brochure publique suffisamment précise confirmée après recherche approfondie,Code exact recherché dans les sources fabricant et index publics; ne pas associer un PDF générique.,https://data.energystar.gov/Active-Specifications/ENERGY-STAR-Certified-Mini-Split-Heat-Pumps/akti-mt5s
Cadet,500 Series,500006877,ductless,,,,Non établi,Aucune brochure publique suffisamment précise confirmée après recherche approfondie,Code exact recherché dans les sources fabricant et index publics; ne pas associer un PDF générique.,https://data.energystar.gov/Active-Specifications/ENERGY-STAR-Certified-Mini-Split-Heat-Pumps/akti-mt5s
Cadet,500 Series,500006878,ductless,,,,Non établi,Aucune brochure publique suffisamment précise confirmée après recherche approfondie,Code exact recherché dans les sources fabricant et index publics; ne pas associer un PDF générique.,https://data.energystar.gov/Active-Specifications/ENERGY-STAR-Certified-Mini-Split-Heat-Pumps/akti-mt5s
Cadet,500 Series,500006879,ductless,,,,Non établi,Aucune brochure publique suffisamment précise confirmée après recherche approfondie,Code exact recherché dans les sources fabricant et index publics; ne pas associer un PDF générique.,https://data.energystar.gov/Active-Specifications/ENERGY-STAR-Certified-Mini-Split-Heat-Pumps/akti-mt5s
Cadet,500 Series,500006880,ductless,,,,Non établi,Aucune brochure publique suffisamment précise confirmée après recherche approfondie,Code exact recherché dans les sources fabricant et index publics; ne pas associer un PDF générique.,https://data.energystar.gov/Active-Specifications/ENERGY-STAR-Certified-Mini-Split-Heat-Pumps/akti-mt5s
Cadet,500 Series,500006881,ductless,,,,Non établi,Aucune brochure publique suffisamment précise confirmée après recherche approfondie,Code exact recherché dans les sources fabricant et index publics; ne pas associer un PDF générique.,https://data.energystar.gov/Active-Specifications/ENERGY-STAR-Certified-Mini-Split-Heat-Pumps/akti-mt5s
Cadet,500 Series,500006882,ductless,,,,Non établi,Aucune brochure publique suffisamment précise confirmée après recherche approfondie,Code exact recherché dans les sources fabricant et index publics; ne pas associer un PDF générique.,https://data.energystar.gov/Active-Specifications/ENERGY-STAR-Certified-Mini-Split-Heat-Pumps/akti-mt5s
Cadet,500 Series,500006883,ductless,,,,Non établi,Aucune brochure publique suffisamment précise confirmée après recherche approfondie,Code exact recherché dans les sources fabricant et index publics; ne pas associer un PDF générique.,https://data.energystar.gov/Active-Specifications/ENERGY-STAR-Certified-Mini-Split-Heat-Pumps/akti-mt5s
Capella,Energia B,CPEB-H09A-O,ductless,,,,Non établi,Aucune brochure publique suffisamment précise confirmée après recherche approfondie,Code exact recherché dans les sources fabricant et index publics; ne pas associer un PDF générique.,https://data.energystar.gov/Active-Specifications/ENERGY-STAR-Certified-Mini-Split-Heat-Pumps/akti-mt5s
Capella,Energia B,CPEB-H12A-O,ductless,,,,Non établi,Aucune brochure publique suffisamment précise confirmée après recherche approfondie,Code exact recherché dans les sources fabricant et index publics; ne pas associer un PDF générique.,https://data.energystar.gov/Active-Specifications/ENERGY-STAR-Certified-Mini-Split-Heat-Pumps/akti-mt5s
Capella,Energia B,CPEB-H18A-O,ductless,,,,Non établi,Aucune brochure publique suffisamment précise confirmée après recherche approfondie,Code exact recherché dans les sources fabricant et index publics; ne pas associer un PDF générique.,https://data.energystar.gov/Active-Specifications/ENERGY-STAR-Certified-Mini-Split-Heat-Pumps/akti-mt5s
Capella,Energia B,CPEB-H24A-O,ductless,,,,Non établi,Aucune brochure publique suffisamment précise confirmée après recherche approfondie,Code exact recherché dans les sources fabricant et index publics; ne pas associer un PDF générique.,https://data.energystar.gov/Active-Specifications/ENERGY-STAR-Certified-Mini-Split-Heat-Pumps/akti-mt5s
Century,A Series,A-VHP06SA-1,ductless,https://www.century-hvac.com/,Portail fabricant,Marque; documents par gamme,Moyenne,Portail officiel trouvé et vérifié; PDF exact à sélectionner lorsque précisé,,https://data.energystar.gov/Active-Specifications/ENERGY-STAR-Certified-Mini-Split-Heat-Pumps/akti-mt5s
Century,A Series,A-VHP09SA-1,ductless,https://www.century-hvac.com/,Portail fabricant,Marque; documents par gamme,Moyenne,Portail officiel trouvé et vérifié; PDF exact à sélectionner lorsque précisé,,https://data.energystar.gov/Active-Specifications/ENERGY-STAR-Certified-Mini-Split-Heat-Pumps/akti-mt5s
Century,A Series,A-VHP12SA-1,ductless,https://www.century-hvac.com/,Portail fabricant,Marque; documents par gamme,Moyenne,Portail officiel trouvé et vérifié; PDF exact à sélectionner lorsque précisé,,https://data.energystar.gov/Active-Specifications/ENERGY-STAR-Certified-Mini-Split-Heat-Pumps/akti-mt5s
Century,A Series,A-VHP183A-1,ductless,https://www.century-hvac.com/,Portail fabricant,Marque; documents par gamme,Moyenne,Portail officiel trouvé et vérifié; PDF exact à sélectionner lorsque précisé,,https://data.energystar.gov/Active-Specifications/ENERGY-STAR-Certified-Mini-Split-Heat-Pumps/akti-mt5s
Century,A Series,A-VHP18SA-1,ductless,https://www.century-hvac.com/,Portail fabricant,Marque; documents par gamme,Moyenne,Portail officiel trouvé et vérifié; PDF exact à sélectionner lorsque précisé,,https://data.energystar.gov/Active-Specifications/ENERGY-STAR-Certified-Mini-Split-Heat-Pumps/akti-mt5s
Century,A Series,A-VHP24SA-1,ductless,https://www.century-hvac.com/,Portail fabricant,Marque; documents par gamme,Moyenne,Portail officiel trouvé et vérifié; PDF exact à sélectionner lorsque précisé,,https://data.energystar.gov/Active-Specifications/ENERGY-STAR-Certified-Mini-Split-Heat-Pumps/akti-mt5s
Century,A Series,A-VHP284A-1,ductless,https://www.century-hvac.com/,Portail fabricant,Marque; documents par gamme,Moyenne,Portail officiel trouvé et vérifié; PDF exact à sélectionner lorsque précisé,,https://data.energystar.gov/Active-Specifications/ENERGY-STAR-Certified-Mini-Split-Heat-Pumps/akti-mt5s
Century,A Series,A-VHP33SA-1,ductless,https://www.century-hvac.com/,Portail fabricant,Marque; documents par gamme,Moyenne,Portail officiel trouvé et vérifié; PDF exact à sélectionner lorsque précisé,,https://data.energystar.gov/Active-Specifications/ENERGY-STAR-Certified-Mini-Split-Heat-Pumps/akti-mt5s
Century,A Series,A-VHP365A-1,ductless,https://www.century-hvac.com/,Portail fabricant,Marque; documents par gamme,Moyenne,Portail officiel trouvé et vérifié; PDF exact à sélectionner lorsque précisé,,https://data.energystar.gov/Active-Specifications/ENERGY-STAR-Certified-Mini-Split-Heat-Pumps/akti-mt5s
Century,A Series,A-VHP486A-1,ductless,https://www.century-hvac.com/,Portail fabricant,Marque; documents par gamme,Moyenne,Portail officiel trouvé et vérifié; PDF exact à sélectionner lorsque précisé,,https://data.energystar.gov/Active-Specifications/ENERGY-STAR-Certified-Mini-Split-Heat-Pumps/akti-mt5s
Century,A Series,A-VHP556A-1,ductless,https://www.century-hvac.com/,Portail fabricant,Marque; documents par gamme,Moyenne,Portail officiel trouvé et vérifié; PDF exact à sélectionner lorsque précisé,,https://data.energystar.gov/Active-Specifications/ENERGY-STAR-Certified-Mini-Split-Heat-Pumps/akti-mt5s
Century,A-ZHP Series,A-ZHP09SA-1,ductless,https://www.century-hvac.com/,Portail fabricant,Marque; documents par gamme,Moyenne,Portail officiel trouvé et vérifié; PDF exact à sélectionner lorsque précisé,,https://data.energystar.gov/Active-Specifications/ENERGY-STAR-Certified-Mini-Split-Heat-Pumps/akti-mt5s
Century,A-ZHP Series,A-ZHP15SA-1,ductless,https://www.century-hvac.com/,Portail fabricant,Marque; documents par gamme,Moyenne,Portail officiel trouvé et vérifié; PDF exact à sélectionner lorsque précisé,,https://data.energystar.gov/Active-Specifications/ENERGY-STAR-Certified-Mini-Split-Heat-Pumps/akti-mt5s
Century,HSA14 SERIES,HSA1424S1-**A,central,https://www.century-hvac.com/,Portail fabricant,Marque; documents par gamme,Moyenne,Portail officiel trouvé et vérifié; PDF exact à sélectionner lorsque précisé,,https://data.energystar.gov/Active-Specifications/ENERGY-STAR-Certified-Ducted-Heat-Pumps/3m3x-a2hy
Century,HSA14 SERIES,HSA1430S1-**A,central,https://www.century-hvac.com/,Portail fabricant,Marque; documents par gamme,Moyenne,Portail officiel trouvé et vérifié; PDF exact à sélectionner lorsque précisé,,https://data.energystar.gov/Active-Specifications/ENERGY-STAR-Certified-Ducted-Heat-Pumps/3m3x-a2hy
Century,HSA14 SERIES,HSA1436S1-**A,central,https://www.century-hvac.com/,Portail fabricant,Marque; documents par gamme,Moyenne,Portail officiel trouvé et vérifié; PDF exact à sélectionner lorsque précisé,,https://data.energystar.gov/Active-Specifications/ENERGY-STAR-Certified-Ducted-Heat-Pumps/3m3x-a2hy
Century,HSA19 SERIES,HSA1960V1-**A,central,https://www.century-hvac.com/,Portail fabricant,Marque; documents par gamme,Moyenne,Portail officiel trouvé et vérifié; PDF exact à sélectionner lorsque précisé,,https://data.energystar.gov/Active-Specifications/ENERGY-STAR-Certified-Ducted-Heat-Pumps/3m3x-a2hy
CHAMPION HEATING AND COOLING,HMH7,HMH72B341,central,https://www.championhomecomfort.com/residential-equipment/,Portail fabricant,Plateforme JCI; rechercher le SKU,Moyenne,Portail officiel trouvé et vérifié; PDF exact à sélectionner lorsque précisé,,https://data.energystar.gov/Active-Specifications/ENERGY-STAR-Certified-Ducted-Heat-Pumps/3m3x-a2hy
CHAMPION HEATING AND COOLING,LX SERIES,HH824E2S11,central,https://www.championhomecomfort.com/residential-equipment/,Portail fabricant,Plateforme JCI; rechercher le SKU,Moyenne,Portail officiel trouvé et vérifié; PDF exact à sélectionner lorsque précisé,,https://data.energystar.gov/Active-Specifications/ENERGY-STAR-Certified-Ducted-Heat-Pumps/3m3x-a2hy
CHAMPION HEATING AND COOLING,LX SERIES,HH824E2S12,central,https://www.championhomecomfort.com/residential-equipment/,Portail fabricant,Plateforme JCI; rechercher le SKU,Moyenne,Portail officiel trouvé et vérifié; PDF exact à sélectionner lorsque précisé,,https://data.energystar.gov/Active-Specifications/ENERGY-STAR-Certified-Ducted-Heat-Pumps/3m3x-a2hy
CHAMPION HEATING AND COOLING,LX SERIES,HH836E2S11,central,https://www.championhomecomfort.com/residential-equipment/,Portail fabricant,Plateforme JCI; rechercher le SKU,Moyenne,Portail officiel trouvé et vérifié; PDF exact à sélectionner lorsque précisé,,https://data.energystar.gov/Active-Specifications/ENERGY-STAR-Certified-Ducted-Heat-Pumps/3m3x-a2hy
CHAMPION HEATING AND COOLING,LX SERIES,HH836E2S12,central,https://www.championhomecomfort.com/residential-equipment/,Portail fabricant,Plateforme JCI; rechercher le SKU,Moyenne,Portail officiel trouvé et vérifié; PDF exact à sélectionner lorsque précisé,,https://data.energystar.gov/Active-Specifications/ENERGY-STAR-Certified-Ducted-Heat-Pumps/3m3x-a2hy
CHAMPION HEATING AND COOLING,LX SERIES,HH860E2S11,central,https://www.championhomecomfort.com/residential-equipment/,Portail fabricant,Plateforme JCI; rechercher le SKU,Moyenne,Portail officiel trouvé et vérifié; PDF exact à sélectionner lorsque précisé,,https://data.energystar.gov/Active-Specifications/ENERGY-STAR-Certified-Ducted-Heat-Pumps/3m3x-a2hy
CHAMPION HEATING AND COOLING,LX SERIES,HH860E2S12,central,https://www.championhomecomfort.com/residential-equipment/,Portail fabricant,Plateforme JCI; rechercher le SKU,Moyenne,Portail officiel trouvé et vérifié; PDF exact à sélectionner lorsque précisé,,https://data.energystar.gov/Active-Specifications/ENERGY-STAR-Certified-Ducted-Heat-Pumps/3m3x-a2hy
CHAMPION HEATING AND COOLING,LX SERIES,XH518E2S11,central,https://www.championhomecomfort.com/residential-equipment/,Portail fabricant,Plateforme JCI; rechercher le SKU,Moyenne,Portail officiel trouvé et vérifié; PDF exact à sélectionner lorsque précisé,,https://data.energystar.gov/Active-Specifications/ENERGY-STAR-Certified-Ducted-Heat-Pumps/3m3x-a2hy
CHAMPION HEATING AND COOLING,LX SERIES,XH524E2S11,central,https://www.championhomecomfort.com/residential-equipment/,Portail fabricant,Plateforme JCI; rechercher le SKU,Moyenne,Portail officiel trouvé et vérifié; PDF exact à sélectionner lorsque précisé,,https://data.energystar.gov/Active-Specifications/ENERGY-STAR-Certified-Ducted-Heat-Pumps/3m3x-a2hy
CHAMPION HEATING AND COOLING,LX SERIES,XH536E2S11,central,https://www.championhomecomfort.com/residential-equipment/,Portail fabricant,Plateforme JCI; rechercher le SKU,Moyenne,Portail officiel trouvé et vérifié; PDF exact à sélectionner lorsque précisé,,https://data.energystar.gov/Active-Specifications/ENERGY-STAR-Certified-Ducted-Heat-Pumps/3m3x-a2hy
CHAMPION HEATING AND COOLING,LX SERIES,XH548E2S11,central,https://www.championhomecomfort.com/residential-equipment/,Portail fabricant,Plateforme JCI; rechercher le SKU,Moyenne,Portail officiel trouvé et vérifié; PDF exact à sélectionner lorsque précisé,,https://data.energystar.gov/Active-Specifications/ENERGY-STAR-Certified-Ducted-Heat-Pumps/3m3x-a2hy
CHAMPION HEATING AND COOLING,LX SERIES,XH560E2S11,central,https://www.championhomecomfort.com/residential-equipment/,Portail fabricant,Plateforme JCI; rechercher le SKU,Moyenne,Portail officiel trouvé et vérifié; PDF exact à sélectionner lorsque précisé,,https://data.energystar.gov/Active-Specifications/ENERGY-STAR-Certified-Ducted-Heat-Pumps/3m3x-a2hy
CHAMPION HEATING AND COOLING,LX SERIES,XH618E2S11,central,https://www.championhomecomfort.com/residential-equipment/,Portail fabricant,Plateforme JCI; rechercher le SKU,Moyenne,Portail officiel trouvé et vérifié; PDF exact à sélectionner lorsque précisé,,https://data.energystar.gov/Active-Specifications/ENERGY-STAR-Certified-Ducted-Heat-Pumps/3m3x-a2hy
CHAMPION HEATING AND COOLING,LX SERIES,XH624E2S11,central,https://www.championhomecomfort.com/residential-equipment/,Portail fabricant,Plateforme JCI; rechercher le SKU,Moyenne,Portail officiel trouvé et vérifié; PDF exact à sélectionner lorsque précisé,,https://data.energystar.gov/Active-Specifications/ENERGY-STAR-Certified-Ducted-Heat-Pumps/3m3x-a2hy
CHAMPION HEATING AND COOLING,LX SERIES,XH630E2S11,central,https://www.championhomecomfort.com/residential-equipment/,Portail fabricant,Plateforme JCI; rechercher le SKU,Moyenne,Portail officiel trouvé et vérifié; PDF exact à sélectionner lorsque précisé,,https://data.energystar.gov/Active-Specifications/ENERGY-STAR-Certified-Ducted-Heat-Pumps/3m3x-a2hy
CHAMPION HEATING AND COOLING,LX SERIES,XH636E2S11,central,https://www.championhomecomfort.com/residential-equipment/,Portail fabricant,Plateforme JCI; rechercher le SKU,Moyenne,Portail officiel trouvé et vérifié; PDF exact à sélectionner lorsque précisé,,https://data.energystar.gov/Active-Specifications/ENERGY-STAR-Certified-Ducted-Heat-Pumps/3m3x-a2hy
CHAMPION HEATING AND COOLING,LX SERIES,XH648E2S11,central,https://www.championhomecomfort.com/residential-equipment/,Portail fabricant,Plateforme JCI; rechercher le SKU,Moyenne,Portail officiel trouvé et vérifié; PDF exact à sélectionner lorsque précisé,,https://data.energystar.gov/Active-Specifications/ENERGY-STAR-Certified-Ducted-Heat-Pumps/3m3x-a2hy
CHAMPION HEATING AND COOLING,LX SERIES,XH660E2S11,central,https://www.championhomecomfort.com/residential-equipment/,Portail fabricant,Plateforme JCI; rechercher le SKU,Moyenne,Portail officiel trouvé et vérifié; PDF exact à sélectionner lorsque précisé,,https://data.energystar.gov/Active-Specifications/ENERGY-STAR-Certified-Ducted-Heat-Pumps/3m3x-a2hy
CHAMPION HEATING AND COOLING,LX SERIES,XH936E2C11,central,https://www.championhomecomfort.com/residential-equipment/,Portail fabricant,Plateforme JCI; rechercher le SKU,Moyenne,Portail officiel trouvé et vérifié; PDF exact à sélectionner lorsque précisé,,https://data.energystar.gov/Active-Specifications/ENERGY-STAR-Certified-Ducted-Heat-Pumps/3m3x-a2hy
CHAMPION HEATING AND COOLING,LX SERIES,XH960E2C11,central,https://www.championhomecomfort.com/residential-equipment/,Portail fabricant,Plateforme JCI; rechercher le SKU,Moyenne,Portail officiel trouvé et vérifié; PDF exact à sélectionner lorsque précisé,,https://data.energystar.gov/Active-Specifications/ENERGY-STAR-Certified-Ducted-Heat-Pumps/3m3x-a2hy
CHAMPION HEATING AND COOLING,PH9,PH9E36N00D21,central,https://www.championhomecomfort.com/residential-equipment/,Portail fabricant,Plateforme JCI; rechercher le SKU,Moyenne,Portail officiel trouvé et vérifié; PDF exact à sélectionner lorsque précisé,,https://data.energystar.gov/Active-Specifications/ENERGY-STAR-Certified-Ducted-Heat-Pumps/3m3x-a2hy
CHAMPION HEATING AND COOLING,PH9,PH9E60N00D21,central,https://www.championhomecomfort.com/residential-equipment/,Portail fabricant,Plateforme JCI; rechercher le SKU,Moyenne,Portail officiel trouvé et vérifié; PDF exact à sélectionner lorsque précisé,,https://data.energystar.gov/Active-Specifications/ENERGY-STAR-Certified-Ducted-Heat-Pumps/3m3x-a2hy
CHAMPION HEATING AND COOLING,PL5,PL5E60N00D21,central,https://www.championhomecomfort.com/residential-equipment/,Portail fabricant,Plateforme JCI; rechercher le SKU,Moyenne,Portail officiel trouvé et vérifié; PDF exact à sélectionner lorsque précisé,,https://data.energystar.gov/Active-Specifications/ENERGY-STAR-Certified-Ducted-Heat-Pumps/3m3x-a2hy
CHAMPION HEATING AND COOLING,XD5,XD524E2D11,central,https://www.championhomecomfort.com/residential-equipment/,Portail fabricant,Plateforme JCI; rechercher le SKU,Moyenne,Portail officiel trouvé et vérifié; PDF exact à sélectionner lorsque précisé,,https://data.energystar.gov/Active-Specifications/ENERGY-STAR-Certified-Ducted-Heat-Pumps/3m3x-a2hy
CHAMPION HEATING AND COOLING,XD5,XD536E2D11,central,https://www.championhomecomfort.com/residential-equipment/,Portail fabricant,Plateforme JCI; rechercher le SKU,Moyenne,Portail officiel trouvé et vérifié; PDF exact à sélectionner lorsque précisé,,https://data.energystar.gov/Active-Specifications/ENERGY-STAR-Certified-Ducted-Heat-Pumps/3m3x-a2hy
CHAMPION HEATING AND COOLING,XD5,XD560E2D11,central,https://www.championhomecomfort.com/residential-equipment/,Portail fabricant,Plateforme JCI; rechercher le SKU,Moyenne,Portail officiel trouvé et vérifié; PDF exact à sélectionner lorsque précisé,,https://data.energystar.gov/Active-Specifications/ENERGY-STAR-Certified-Ducted-Heat-Pumps/3m3x-a2hy
CHAMPION HEATING AND COOLING,XDV,XDV36E2D11,central,https://www.championhomecomfort.com/residential-equipment/,Portail fabricant,Plateforme JCI; rechercher le SKU,Moyenne,Portail officiel trouvé et vérifié; PDF exact à sélectionner lorsque précisé,,https://data.energystar.gov/Active-Specifications/ENERGY-STAR-Certified-Ducted-Heat-Pumps/3m3x-a2hy
CHAMPION HEATING AND COOLING,XDV,XDV60E2D11,central,https://www.championhomecomfort.com/residential-equipment/,Portail fabricant,Plateforme JCI; rechercher le SKU,Moyenne,Portail officiel trouvé et vérifié; PDF exact à sélectionner lorsque précisé,,https://data.energystar.gov/Active-Specifications/ENERGY-STAR-Certified-Ducted-Heat-Pumps/3m3x-a2hy
Clima Smart,Clima Smart multi zone,MU-CSU18HEI2NAM0T24-3PO,ductless,,,,Non établi,Aucune brochure publique suffisamment précise confirmée après recherche approfondie,Code exact recherché dans les sources fabricant et index publics; ne pas associer un PDF générique.,https://data.energystar.gov/Active-Specifications/ENERGY-STAR-Certified-Mini-Split-Heat-Pumps/akti-mt5s
Clima Smart,Clima Smart multi zone,MU-CSU27HEI2NAM0T24-4PO,ductless,,,,Non établi,Aucune brochure publique suffisamment précise confirmée après recherche approfondie,Code exact recherché dans les sources fabricant et index publics; ne pas associer un PDF générique.,https://data.energystar.gov/Active-Specifications/ENERGY-STAR-Certified-Mini-Split-Heat-Pumps/akti-mt5s
Clima Smart,Clima Smart multi zone,MU-CSU36HEI2NAM0T24-5PO,ductless,,,,Non établi,Aucune brochure publique suffisamment précise confirmée après recherche approfondie,Code exact recherché dans les sources fabricant et index publics; ne pas associer un PDF générique.,https://data.energystar.gov/Active-Specifications/ENERGY-STAR-Certified-Mini-Split-Heat-Pumps/akti-mt5s
Clima Smart,Clima Smart multi zone,MU-CSU48HEI2NAM0T24-6PO,ductless,,,,Non établi,Aucune brochure publique suffisamment précise confirmée après recherche approfondie,Code exact recherché dans les sources fabricant et index publics; ne pas associer un PDF générique.,https://data.energystar.gov/Active-Specifications/ENERGY-STAR-Certified-Mini-Split-Heat-Pumps/akti-mt5s
Clima Smart,Clima Smart single zone,CSU09HEI2NAM0T24,ductless,,,,Non établi,Aucune brochure publique suffisamment précise confirmée après recherche approfondie,Code exact recherché dans les sources fabricant et index publics; ne pas associer un PDF générique.,https://data.energystar.gov/Active-Specifications/ENERGY-STAR-Certified-Mini-Split-Heat-Pumps/akti-mt5s
Clima Smart,Clima Smart single zone,CSU12HEI2NAM0T24,ductless,,,,Non établi,Aucune brochure publique suffisamment précise confirmée après recherche approfondie,Code exact recherché dans les sources fabricant et index publics; ne pas associer un PDF générique.,https://data.energystar.gov/Active-Specifications/ENERGY-STAR-Certified-Mini-Split-Heat-Pumps/akti-mt5s
Clima Smart,Clima Smart single zone,CSU18HEI2NAM0T24,ductless,,,,Non établi,Aucune brochure publique suffisamment précise confirmée après recherche approfondie,Code exact recherché dans les sources fabricant et index publics; ne pas associer un PDF générique.,https://data.energystar.gov/Active-Specifications/ENERGY-STAR-Certified-Mini-Split-Heat-Pumps/akti-mt5s
Clima Smart,Clima Smart single zone,CSU24HEI2NAK0T24,ductless,,,,Non établi,Aucune brochure publique suffisamment précise confirmée après recherche approfondie,Code exact recherché dans les sources fabricant et index publics; ne pas associer un PDF générique.,https://data.energystar.gov/Active-Specifications/ENERGY-STAR-Certified-Mini-Split-Heat-Pumps/akti-mt5s
Coleman,HMH7,HMH72B341,central,https://www.colemanac.com/residential-equipment/heating-and-cooling/split-system-heat-pumps/hmh7_col_ds/hmh7-18-seer-horizontal-discharge-heat-pump,Page fabricant avec bibliothèque documentaire,"Plateforme JCI; HMH7 exact, autres séries via documents",Moyenne,Portail officiel trouvé et vérifié; PDF exact à sélectionner lorsque précisé,,https://data.energystar.gov/Active-Specifications/ENERGY-STAR-Certified-Ducted-Heat-Pumps/3m3x-a2hy
Coleman,LX SERIES,HH824E2S11,central,https://www.colemanac.com/residential-equipment/heating-and-cooling/split-system-heat-pumps/hmh7_col_ds/hmh7-18-seer-horizontal-discharge-heat-pump,Page fabricant avec bibliothèque documentaire,"Plateforme JCI; HMH7 exact, autres séries via documents",Moyenne,Portail officiel trouvé et vérifié; PDF exact à sélectionner lorsque précisé,,https://data.energystar.gov/Active-Specifications/ENERGY-STAR-Certified-Ducted-Heat-Pumps/3m3x-a2hy
Coleman,LX SERIES,HH824E2S12,central,https://www.colemanac.com/residential-equipment/heating-and-cooling/split-system-heat-pumps/hmh7_col_ds/hmh7-18-seer-horizontal-discharge-heat-pump,Page fabricant avec bibliothèque documentaire,"Plateforme JCI; HMH7 exact, autres séries via documents",Moyenne,Portail officiel trouvé et vérifié; PDF exact à sélectionner lorsque précisé,,https://data.energystar.gov/Active-Specifications/ENERGY-STAR-Certified-Ducted-Heat-Pumps/3m3x-a2hy
Coleman,LX SERIES,HH836E2S11,central,https://www.colemanac.com/residential-equipment/heating-and-cooling/split-system-heat-pumps/hmh7_col_ds/hmh7-18-seer-horizontal-discharge-heat-pump,Page fabricant avec bibliothèque documentaire,"Plateforme JCI; HMH7 exact, autres séries via documents",Moyenne,Portail officiel trouvé et vérifié; PDF exact à sélectionner lorsque précisé,,https://data.energystar.gov/Active-Specifications/ENERGY-STAR-Certified-Ducted-Heat-Pumps/3m3x-a2hy
Coleman,LX SERIES,HH836E2S12,central,https://www.colemanac.com/residential-equipment/heating-and-cooling/split-system-heat-pumps/hmh7_col_ds/hmh7-18-seer-horizontal-discharge-heat-pump,Page fabricant avec bibliothèque documentaire,"Plateforme JCI; HMH7 exact, autres séries via documents",Moyenne,Portail officiel trouvé et vérifié; PDF exact à sélectionner lorsque précisé,,https://data.energystar.gov/Active-Specifications/ENERGY-STAR-Certified-Ducted-Heat-Pumps/3m3x-a2hy
Coleman,LX SERIES,HH860E2S11,central,https://www.colemanac.com/residential-equipment/heating-and-cooling/split-system-heat-pumps/hmh7_col_ds/hmh7-18-seer-horizontal-discharge-heat-pump,Page fabricant avec bibliothèque documentaire,"Plateforme JCI; HMH7 exact, autres séries via documents",Moyenne,Portail officiel trouvé et vérifié; PDF exact à sélectionner lorsque précisé,,https://data.energystar.gov/Active-Specifications/ENERGY-STAR-Certified-Ducted-Heat-Pumps/3m3x-a2hy
Coleman,LX SERIES,HH860E2S12,central,https://www.colemanac.com/residential-equipment/heating-and-cooling/split-system-heat-pumps/hmh7_col_ds/hmh7-18-seer-horizontal-discharge-heat-pump,Page fabricant avec bibliothèque documentaire,"Plateforme JCI; HMH7 exact, autres séries via documents",Moyenne,Portail officiel trouvé et vérifié; PDF exact à sélectionner lorsque précisé,,https://data.energystar.gov/Active-Specifications/ENERGY-STAR-Certified-Ducted-Heat-Pumps/3m3x-a2hy
Coleman,LX SERIES,XH518E2S11,central,https://www.colemanac.com/residential-equipment/heating-and-cooling/split-system-heat-pumps/hmh7_col_ds/hmh7-18-seer-horizontal-discharge-heat-pump,Page fabricant avec bibliothèque documentaire,"Plateforme JCI; HMH7 exact, autres séries via documents",Moyenne,Portail officiel trouvé et vérifié; PDF exact à sélectionner lorsque précisé,,https://data.energystar.gov/Active-Specifications/ENERGY-STAR-Certified-Ducted-Heat-Pumps/3m3x-a2hy
Coleman,LX SERIES,XH524E2S11,central,https://www.colemanac.com/residential-equipment/heating-and-cooling/split-system-heat-pumps/hmh7_col_ds/hmh7-18-seer-horizontal-discharge-heat-pump,Page fabricant avec bibliothèque documentaire,"Plateforme JCI; HMH7 exact, autres séries via documents",Moyenne,Portail officiel trouvé et vérifié; PDF exact à sélectionner lorsque précisé,,https://data.energystar.gov/Active-Specifications/ENERGY-STAR-Certified-Ducted-Heat-Pumps/3m3x-a2hy
Coleman,LX SERIES,XH536E2S11,central,https://www.colemanac.com/residential-equipment/heating-and-cooling/split-system-heat-pumps/hmh7_col_ds/hmh7-18-seer-horizontal-discharge-heat-pump,Page fabricant avec bibliothèque documentaire,"Plateforme JCI; HMH7 exact, autres séries via documents",Moyenne,Portail officiel trouvé et vérifié; PDF exact à sélectionner lorsque précisé,,https://data.energystar.gov/Active-Specifications/ENERGY-STAR-Certified-Ducted-Heat-Pumps/3m3x-a2hy
Coleman,LX SERIES,XH548E2S11,central,https://www.colemanac.com/residential-equipment/heating-and-cooling/split-system-heat-pumps/hmh7_col_ds/hmh7-18-seer-horizontal-discharge-heat-pump,Page fabricant avec bibliothèque documentaire,"Plateforme JCI; HMH7 exact, autres séries via documents",Moyenne,Portail officiel trouvé et vérifié; PDF exact à sélectionner lorsque précisé,,https://data.energystar.gov/Active-Specifications/ENERGY-STAR-Certified-Ducted-Heat-Pumps/3m3x-a2hy
Coleman,LX SERIES,XH560E2S11,central,https://www.colemanac.com/residential-equipment/heating-and-cooling/split-system-heat-pumps/hmh7_col_ds/hmh7-18-seer-horizontal-discharge-heat-pump,Page fabricant avec bibliothèque documentaire,"Plateforme JCI; HMH7 exact, autres séries via documents",Moyenne,Portail officiel trouvé et vérifié; PDF exact à sélectionner lorsque précisé,,https://data.energystar.gov/Active-Specifications/ENERGY-STAR-Certified-Ducted-Heat-Pumps/3m3x-a2hy
Coleman,LX SERIES,XH618E2S11,central,https://www.colemanac.com/residential-equipment/heating-and-cooling/split-system-heat-pumps/hmh7_col_ds/hmh7-18-seer-horizontal-discharge-heat-pump,Page fabricant avec bibliothèque documentaire,"Plateforme JCI; HMH7 exact, autres séries via documents",Moyenne,Portail officiel trouvé et vérifié; PDF exact à sélectionner lorsque précisé,,https://data.energystar.gov/Active-Specifications/ENERGY-STAR-Certified-Ducted-Heat-Pumps/3m3x-a2hy
Coleman,LX SERIES,XH624E2S11,central,https://www.colemanac.com/residential-equipment/heating-and-cooling/split-system-heat-pumps/hmh7_col_ds/hmh7-18-seer-horizontal-discharge-heat-pump,Page fabricant avec bibliothèque documentaire,"Plateforme JCI; HMH7 exact, autres séries via documents",Moyenne,Portail officiel trouvé et vérifié; PDF exact à sélectionner lorsque précisé,,https://data.energystar.gov/Active-Specifications/ENERGY-STAR-Certified-Ducted-Heat-Pumps/3m3x-a2hy
Coleman,LX SERIES,XH630E2S11,central,https://www.colemanac.com/residential-equipment/heating-and-cooling/split-system-heat-pumps/hmh7_col_ds/hmh7-18-seer-horizontal-discharge-heat-pump,Page fabricant avec bibliothèque documentaire,"Plateforme JCI; HMH7 exact, autres séries via documents",Moyenne,Portail officiel trouvé et vérifié; PDF exact à sélectionner lorsque précisé,,https://data.energystar.gov/Active-Specifications/ENERGY-STAR-Certified-Ducted-Heat-Pumps/3m3x-a2hy
Coleman,LX SERIES,XH636E2S11,central,https://www.colemanac.com/residential-equipment/heating-and-cooling/split-system-heat-pumps/hmh7_col_ds/hmh7-18-seer-horizontal-discharge-heat-pump,Page fabricant avec bibliothèque documentaire,"Plateforme JCI; HMH7 exact, autres séries via documents",Moyenne,Portail officiel trouvé et vérifié; PDF exact à sélectionner lorsque précisé,,https://data.energystar.gov/Active-Specifications/ENERGY-STAR-Certified-Ducted-Heat-Pumps/3m3x-a2hy
Coleman,LX SERIES,XH648E2S11,central,https://www.colemanac.com/residential-equipment/heating-and-cooling/split-system-heat-pumps/hmh7_col_ds/hmh7-18-seer-horizontal-discharge-heat-pump,Page fabricant avec bibliothèque documentaire,"Plateforme JCI; HMH7 exact, autres séries via documents",Moyenne,Portail officiel trouvé et vérifié; PDF exact à sélectionner lorsque précisé,,https://data.energystar.gov/Active-Specifications/ENERGY-STAR-Certified-Ducted-Heat-Pumps/3m3x-a2hy
Coleman,LX SERIES,XH660E2S11,central,https://www.colemanac.com/residential-equipment/heating-and-cooling/split-system-heat-pumps/hmh7_col_ds/hmh7-18-seer-horizontal-discharge-heat-pump,Page fabricant avec bibliothèque documentaire,"Plateforme JCI; HMH7 exact, autres séries via documents",Moyenne,Portail officiel trouvé et vérifié; PDF exact à sélectionner lorsque précisé,,https://data.energystar.gov/Active-Specifications/ENERGY-STAR-Certified-Ducted-Heat-Pumps/3m3x-a2hy
Coleman,LX SERIES,XH936E2C11,central,https://www.colemanac.com/residential-equipment/heating-and-cooling/split-system-heat-pumps/hmh7_col_ds/hmh7-18-seer-horizontal-discharge-heat-pump,Page fabricant avec bibliothèque documentaire,"Plateforme JCI; HMH7 exact, autres séries via documents",Moyenne,Portail officiel trouvé et vérifié; PDF exact à sélectionner lorsque précisé,,https://data.energystar.gov/Active-Specifications/ENERGY-STAR-Certified-Ducted-Heat-Pumps/3m3x-a2hy
Coleman,LX SERIES,XH960E2C11,central,https://www.colemanac.com/residential-equipment/heating-and-cooling/split-system-heat-pumps/hmh7_col_ds/hmh7-18-seer-horizontal-discharge-heat-pump,Page fabricant avec bibliothèque documentaire,"Plateforme JCI; HMH7 exact, autres séries via documents",Moyenne,Portail officiel trouvé et vérifié; PDF exact à sélectionner lorsque précisé,,https://data.energystar.gov/Active-Specifications/ENERGY-STAR-Certified-Ducted-Heat-Pumps/3m3x-a2hy
Coleman,PH9,PH9E36N00D21,central,https://www.colemanac.com/residential-equipment/heating-and-cooling/split-system-heat-pumps/hmh7_col_ds/hmh7-18-seer-horizontal-discharge-heat-pump,Page fabricant avec bibliothèque documentaire,"Plateforme JCI; HMH7 exact, autres séries via documents",Moyenne,Portail officiel trouvé et vérifié; PDF exact à sélectionner lorsque précisé,,https://data.energystar.gov/Active-Specifications/ENERGY-STAR-Certified-Ducted-Heat-Pumps/3m3x-a2hy
Coleman,PH9,PH9E60N00D21,central,https://www.colemanac.com/residential-equipment/heating-and-cooling/split-system-heat-pumps/hmh7_col_ds/hmh7-18-seer-horizontal-discharge-heat-pump,Page fabricant avec bibliothèque documentaire,"Plateforme JCI; HMH7 exact, autres séries via documents",Moyenne,Portail officiel trouvé et vérifié; PDF exact à sélectionner lorsque précisé,,https://data.energystar.gov/Active-Specifications/ENERGY-STAR-Certified-Ducted-Heat-Pumps/3m3x-a2hy
Coleman,PL5,PL5E60N00D21,central,https://www.colemanac.com/residential-equipment/heating-and-cooling/split-system-heat-pumps/hmh7_col_ds/hmh7-18-seer-horizontal-discharge-heat-pump,Page fabricant avec bibliothèque documentaire,"Plateforme JCI; HMH7 exact, autres séries via documents",Moyenne,Portail officiel trouvé et vérifié; PDF exact à sélectionner lorsque précisé,,https://data.energystar.gov/Active-Specifications/ENERGY-STAR-Certified-Ducted-Heat-Pumps/3m3x-a2hy
Coleman,XD5,XD524E2D11,central,https://www.colemanac.com/residential-equipment/heating-and-cooling/split-system-heat-pumps/hmh7_col_ds/hmh7-18-seer-horizontal-discharge-heat-pump,Page fabricant avec bibliothèque documentaire,"Plateforme JCI; HMH7 exact, autres séries via documents",Moyenne,Portail officiel trouvé et vérifié; PDF exact à sélectionner lorsque précisé,,https://data.energystar.gov/Active-Specifications/ENERGY-STAR-Certified-Ducted-Heat-Pumps/3m3x-a2hy
Coleman,XD5,XD536E2D11,central,https://www.colemanac.com/residential-equipment/heating-and-cooling/split-system-heat-pumps/hmh7_col_ds/hmh7-18-seer-horizontal-discharge-heat-pump,Page fabricant avec bibliothèque documentaire,"Plateforme JCI; HMH7 exact, autres séries via documents",Moyenne,Portail officiel trouvé et vérifié; PDF exact à sélectionner lorsque précisé,,https://data.energystar.gov/Active-Specifications/ENERGY-STAR-Certified-Ducted-Heat-Pumps/3m3x-a2hy
Coleman,XD5,XD560E2D11,central,https://www.colemanac.com/residential-equipment/heating-and-cooling/split-system-heat-pumps/hmh7_col_ds/hmh7-18-seer-horizontal-discharge-heat-pump,Page fabricant avec bibliothèque documentaire,"Plateforme JCI; HMH7 exact, autres séries via documents",Moyenne,Portail officiel trouvé et vérifié; PDF exact à sélectionner lorsque précisé,,https://data.energystar.gov/Active-Specifications/ENERGY-STAR-Certified-Ducted-Heat-Pumps/3m3x-a2hy
Coleman,XDV,XDV36E2D11,central,https://www.colemanac.com/residential-equipment/heating-and-cooling/split-system-heat-pumps/hmh7_col_ds/hmh7-18-seer-horizontal-discharge-heat-pump,Page fabricant avec bibliothèque documentaire,"Plateforme JCI; HMH7 exact, autres séries via documents",Moyenne,Portail officiel trouvé et vérifié; PDF exact à sélectionner lorsque précisé,,https://data.energystar.gov/Active-Specifications/ENERGY-STAR-Certified-Ducted-Heat-Pumps/3m3x-a2hy
Coleman,XDV,XDV60E2D11,central,https://www.colemanac.com/residential-equipment/heating-and-cooling/split-system-heat-pumps/hmh7_col_ds/hmh7-18-seer-horizontal-discharge-heat-pump,Page fabricant avec bibliothèque documentaire,"Plateforme JCI; HMH7 exact, autres séries via documents",Moyenne,Portail officiel trouvé et vérifié; PDF exact à sélectionner lorsque précisé,,https://data.energystar.gov/Active-Specifications/ENERGY-STAR-Certified-Ducted-Heat-Pumps/3m3x-a2hy
Comfort Aire,A-ZHP Series,A-ZHP09SA-1,ductless,,,,Non établi,Aucune brochure publique suffisamment précise confirmée après recherche approfondie,Code exact recherché dans les sources fabricant et index publics; ne pas associer un PDF générique.,https://data.energystar.gov/Active-Specifications/ENERGY-STAR-Certified-Mini-Split-Heat-Pumps/akti-mt5s
Comfort Aire,A-ZHP Series,A-ZHP15SA-1,ductless,,,,Non établi,Aucune brochure publique suffisamment précise confirmée après recherche approfondie,Code exact recherché dans les sources fabricant et index publics; ne pas associer un PDF générique.,https://data.energystar.gov/Active-Specifications/ENERGY-STAR-Certified-Mini-Split-Heat-Pumps/akti-mt5s
Comfort-Aire,HSA14 SERIES,HSA1424S1-**A,central,,,,Non établi,Aucune brochure publique suffisamment précise confirmée après recherche approfondie,Code exact recherché dans les sources fabricant et index publics; ne pas associer un PDF générique.,https://data.energystar.gov/Active-Specifications/ENERGY-STAR-Certified-Ducted-Heat-Pumps/3m3x-a2hy
Comfort-Aire,HSA14 SERIES,HSA1430S1-**A,central,,,,Non établi,Aucune brochure publique suffisamment précise confirmée après recherche approfondie,Code exact recherché dans les sources fabricant et index publics; ne pas associer un PDF générique.,https://data.energystar.gov/Active-Specifications/ENERGY-STAR-Certified-Ducted-Heat-Pumps/3m3x-a2hy
Comfort-Aire,HSA14 SERIES,HSA1436S1-**A,central,,,,Non établi,Aucune brochure publique suffisamment précise confirmée après recherche approfondie,Code exact recherché dans les sources fabricant et index publics; ne pas associer un PDF générique.,https://data.energystar.gov/Active-Specifications/ENERGY-STAR-Certified-Ducted-Heat-Pumps/3m3x-a2hy
Comfort-Aire,HSA19 SERIES,HSA1960V1-**A,central,,,,Non établi,Aucune brochure publique suffisamment précise confirmée après recherche approfondie,Code exact recherché dans les sources fabricant et index publics; ne pas associer un PDF générique.,https://data.energystar.gov/Active-Specifications/ENERGY-STAR-Certified-Ducted-Heat-Pumps/3m3x-a2hy
Comfortmaker,D5C Series,D5CUHAH18AAK,central,https://www.comfortmaker.com/en/us/products/,Portail fabricant ICP,Marque; documents par produit,Moyenne,Portail officiel trouvé et vérifié; PDF exact à sélectionner lorsque précisé,,https://data.energystar.gov/Active-Specifications/ENERGY-STAR-Certified-Ducted-Heat-Pumps/3m3x-a2hy
Comfortmaker,D5C Series,D5CUHAH24AAK,central,https://www.comfortmaker.com/en/us/products/,Portail fabricant ICP,Marque; documents par produit,Moyenne,Portail officiel trouvé et vérifié; PDF exact à sélectionner lorsque précisé,,https://data.energystar.gov/Active-Specifications/ENERGY-STAR-Certified-Ducted-Heat-Pumps/3m3x-a2hy
Comfortmaker,D5C Series,D5CUHAH30AAK,central,https://www.comfortmaker.com/en/us/products/,Portail fabricant ICP,Marque; documents par produit,Moyenne,Portail officiel trouvé et vérifié; PDF exact à sélectionner lorsque précisé,,https://data.energystar.gov/Active-Specifications/ENERGY-STAR-Certified-Ducted-Heat-Pumps/3m3x-a2hy
Comfortmaker,D5C Series,D5CUHAH36AAK,central,https://www.comfortmaker.com/en/us/products/,Portail fabricant ICP,Marque; documents par produit,Moyenne,Portail officiel trouvé et vérifié; PDF exact à sélectionner lorsque précisé,,https://data.energystar.gov/Active-Specifications/ENERGY-STAR-Certified-Ducted-Heat-Pumps/3m3x-a2hy
Comfortmaker,D5C Series,D5CURAH18AAK,central,https://www.comfortmaker.com/en/us/products/,Portail fabricant ICP,Marque; documents par produit,Moyenne,Portail officiel trouvé et vérifié; PDF exact à sélectionner lorsque précisé,,https://data.energystar.gov/Active-Specifications/ENERGY-STAR-Certified-Ducted-Heat-Pumps/3m3x-a2hy
Comfortmaker,D5C Series,D5CURAH24AAK,central,https://www.comfortmaker.com/en/us/products/,Portail fabricant ICP,Marque; documents par produit,Moyenne,Portail officiel trouvé et vérifié; PDF exact à sélectionner lorsque précisé,,https://data.energystar.gov/Active-Specifications/ENERGY-STAR-Certified-Ducted-Heat-Pumps/3m3x-a2hy
Comfortmaker,D5C Series,D5CURAH30AAK,central,https://www.comfortmaker.com/en/us/products/,Portail fabricant ICP,Marque; documents par produit,Moyenne,Portail officiel trouvé et vérifié; PDF exact à sélectionner lorsque précisé,,https://data.energystar.gov/Active-Specifications/ENERGY-STAR-Certified-Ducted-Heat-Pumps/3m3x-a2hy
Comfortmaker,D5C Series,D5CURAH36AAK,central,https://www.comfortmaker.com/en/us/products/,Portail fabricant ICP,Marque; documents par produit,Moyenne,Portail officiel trouvé et vérifié; PDF exact à sélectionner lorsque précisé,,https://data.energystar.gov/Active-Specifications/ENERGY-STAR-Certified-Ducted-Heat-Pumps/3m3x-a2hy
Concord,7HP14F SERIES,7HP14F24P-**A,central,https://www.concord-air.com/,Portail fabricant,Marque; documents par produit,Moyenne,Portail officiel trouvé et vérifié; PDF exact à sélectionner lorsque précisé,,https://data.energystar.gov/Active-Specifications/ENERGY-STAR-Certified-Ducted-Heat-Pumps/3m3x-a2hy
Concord,7HP14F SERIES,7HP14F30P-**A,central,https://www.concord-air.com/,Portail fabricant,Marque; documents par produit,Moyenne,Portail officiel trouvé et vérifié; PDF exact à sélectionner lorsque précisé,,https://data.energystar.gov/Active-Specifications/ENERGY-STAR-Certified-Ducted-Heat-Pumps/3m3x-a2hy
Concord,7HP14F SERIES,7HP14F36P-**A,central,https://www.concord-air.com/,Portail fabricant,Marque; documents par produit,Moyenne,Portail officiel trouvé et vérifié; PDF exact à sélectionner lorsque précisé,,https://data.energystar.gov/Active-Specifications/ENERGY-STAR-Certified-Ducted-Heat-Pumps/3m3x-a2hy
Concord,7HP19V SERIES,7HP19V36P-**A,central,https://www.concord-air.com/,Portail fabricant,Marque; documents par produit,Moyenne,Portail officiel trouvé et vérifié; PDF exact à sélectionner lorsque précisé,,https://data.energystar.gov/Active-Specifications/ENERGY-STAR-Certified-Ducted-Heat-Pumps/3m3x-a2hy
Concord,7HP19V SERIES,7HP19V60P-**A,central,https://www.concord-air.com/,Portail fabricant,Marque; documents par produit,Moyenne,Portail officiel trouvé et vérifié; PDF exact à sélectionner lorsque précisé,,https://data.energystar.gov/Active-Specifications/ENERGY-STAR-Certified-Ducted-Heat-Pumps/3m3x-a2hy
Concord,7SCP18V Series,7SCP18V24P-**A,central,https://www.concord-air.com/,Portail fabricant,Marque; documents par produit,Moyenne,Portail officiel trouvé et vérifié; PDF exact à sélectionner lorsque précisé,,https://data.energystar.gov/Active-Specifications/ENERGY-STAR-Certified-Ducted-Heat-Pumps/3m3x-a2hy
Concord,7SCP18V Series,7SCP18V36P-**A,central,https://www.concord-air.com/,Portail fabricant,Marque; documents par produit,Moyenne,Portail officiel trouvé et vérifié; PDF exact à sélectionner lorsque précisé,,https://data.energystar.gov/Active-Specifications/ENERGY-STAR-Certified-Ducted-Heat-Pumps/3m3x-a2hy
Concord,7SCP18V Series,7SCP18V60P-**A,central,https://www.concord-air.com/,Portail fabricant,Marque; documents par produit,Moyenne,Portail officiel trouvé et vérifié; PDF exact à sélectionner lorsque précisé,,https://data.energystar.gov/Active-Specifications/ENERGY-STAR-Certified-Ducted-Heat-Pumps/3m3x-a2hy
Concord,7SHP15V Series,7SHP15V18P-**A,central,https://www.concord-air.com/,Portail fabricant,Marque; documents par produit,Moyenne,Portail officiel trouvé et vérifié; PDF exact à sélectionner lorsque précisé,,https://data.energystar.gov/Active-Specifications/ENERGY-STAR-Certified-Ducted-Heat-Pumps/3m3x-a2hy
Concord,7SHP15V Series,7SHP15V24P-**A,central,https://www.concord-air.com/,Portail fabricant,Marque; documents par produit,Moyenne,Portail officiel trouvé et vérifié; PDF exact à sélectionner lorsque précisé,,https://data.energystar.gov/Active-Specifications/ENERGY-STAR-Certified-Ducted-Heat-Pumps/3m3x-a2hy
Concord,7SHP15V Series,7SHP15V30P-**A,central,https://www.concord-air.com/,Portail fabricant,Marque; documents par produit,Moyenne,Portail officiel trouvé et vérifié; PDF exact à sélectionner lorsque précisé,,https://data.energystar.gov/Active-Specifications/ENERGY-STAR-Certified-Ducted-Heat-Pumps/3m3x-a2hy
CONFORTO,MHS Series,MHSD118DACFC,central,,,,Non établi,Aucune brochure publique suffisamment précise confirmée après recherche approfondie,Code exact recherché dans les sources fabricant et index publics; ne pas associer un PDF générique.,https://data.energystar.gov/Active-Specifications/ENERGY-STAR-Certified-Ducted-Heat-Pumps/3m3x-a2hy
CONFORTO,MHS Series,MHSD124DACFC,central,,,,Non établi,Aucune brochure publique suffisamment précise confirmée après recherche approfondie,Code exact recherché dans les sources fabricant et index publics; ne pas associer un PDF générique.,https://data.energystar.gov/Active-Specifications/ENERGY-STAR-Certified-Ducted-Heat-Pumps/3m3x-a2hy
CONFORTO,MHS Series,MHSD130DACFC,central,,,,Non établi,Aucune brochure publique suffisamment précise confirmée après recherche approfondie,Code exact recherché dans les sources fabricant et index publics; ne pas associer un PDF générique.,https://data.energystar.gov/Active-Specifications/ENERGY-STAR-Certified-Ducted-Heat-Pumps/3m3x-a2hy
CONFORTO,MHS Series,MHSD136DACFC,central,,,,Non établi,Aucune brochure publique suffisamment précise confirmée après recherche approfondie,Code exact recherché dans les sources fabricant et index publics; ne pas associer un PDF générique.,https://data.energystar.gov/Active-Specifications/ENERGY-STAR-Certified-Ducted-Heat-Pumps/3m3x-a2hy
Continental,F Series,WSEHV2436BA1-C,central,,,,Non établi,Aucune brochure publique suffisamment précise confirmée après recherche approfondie,Code exact recherché dans les sources fabricant et index publics; ne pas associer un PDF générique.,https://data.energystar.gov/Active-Specifications/ENERGY-STAR-Certified-Ducted-Heat-Pumps/3m3x-a2hy
Continental,F Series,WSEHV4860BA1-C,central,,,,Non établi,Aucune brochure publique suffisamment précise confirmée après recherche approfondie,Code exact recherché dans les sources fabricant et index publics; ne pas associer un PDF générique.,https://data.energystar.gov/Active-Specifications/ENERGY-STAR-Certified-Ducted-Heat-Pumps/3m3x-a2hy
Continental,WSC Series,WSCHV0024BA1-C,central,,,,Non établi,Aucune brochure publique suffisamment précise confirmée après recherche approfondie,Code exact recherché dans les sources fabricant et index publics; ne pas associer un PDF générique.,https://data.energystar.gov/Active-Specifications/ENERGY-STAR-Certified-Ducted-Heat-Pumps/3m3x-a2hy
Continental,WSC Series,WSCHV0048BA1-C,central,,,,Non établi,Aucune brochure publique suffisamment précise confirmée après recherche approfondie,Code exact recherché dans les sources fabricant et index publics; ne pas associer un PDF générique.,https://data.energystar.gov/Active-Specifications/ENERGY-STAR-Certified-Ducted-Heat-Pumps/3m3x-a2hy
Cooper&Hunter,CH Series,CH-ALT24HP24V-230VO,central,https://cooperandhunter.us/technical-documentation,Bibliothèque fabricant,Marque; rechercher le modèle,Moyenne,Portail officiel trouvé et vérifié; PDF exact à sélectionner lorsque précisé,,https://data.energystar.gov/Active-Specifications/ENERGY-STAR-Certified-Ducted-Heat-Pumps/3m3x-a2hy
Cooper&Hunter,CH Series,CH-ALT30HP24V-230VO,central,https://cooperandhunter.us/technical-documentation,Bibliothèque fabricant,Marque; rechercher le modèle,Moyenne,Portail officiel trouvé et vérifié; PDF exact à sélectionner lorsque précisé,,https://data.energystar.gov/Active-Specifications/ENERGY-STAR-Certified-Ducted-Heat-Pumps/3m3x-a2hy
Cooper&Hunter,CH Series,CH-ALT48HP24V-230VO,central,https://cooperandhunter.us/technical-documentation,Bibliothèque fabricant,Marque; rechercher le modèle,Moyenne,Portail officiel trouvé et vérifié; PDF exact à sélectionner lorsque précisé,,https://data.energystar.gov/Active-Specifications/ENERGY-STAR-Certified-Ducted-Heat-Pumps/3m3x-a2hy
Cooper&Hunter,CH Series,CH-ALT60HP24V-230VO,central,https://cooperandhunter.us/technical-documentation,Bibliothèque fabricant,Marque; rechercher le modèle,Moyenne,Portail officiel trouvé et vérifié; PDF exact à sélectionner lorsque précisé,,https://data.energystar.gov/Active-Specifications/ENERGY-STAR-Certified-Ducted-Heat-Pumps/3m3x-a2hy
Cooper&Hunter,CH Series,CH-PQ18-230VO,central,https://cooperandhunter.us/technical-documentation,Bibliothèque fabricant,Marque; rechercher le modèle,Moyenne,Portail officiel trouvé et vérifié; PDF exact à sélectionner lorsque précisé,,https://data.energystar.gov/Active-Specifications/ENERGY-STAR-Certified-Ducted-Heat-Pumps/3m3x-a2hy
Cooper&Hunter,CH Series,CH-PQ24-230VO,central,https://cooperandhunter.us/technical-documentation,Bibliothèque fabricant,Marque; rechercher le modèle,Moyenne,Portail officiel trouvé et vérifié; PDF exact à sélectionner lorsque précisé,,https://data.energystar.gov/Active-Specifications/ENERGY-STAR-Certified-Ducted-Heat-Pumps/3m3x-a2hy
Cooper&Hunter,CH Series,CH-PQ33-230VO,central,https://cooperandhunter.us/technical-documentation,Bibliothèque fabricant,Marque; rechercher le modèle,Moyenne,Portail officiel trouvé et vérifié; PDF exact à sélectionner lorsque précisé,,https://data.energystar.gov/Active-Specifications/ENERGY-STAR-Certified-Ducted-Heat-Pumps/3m3x-a2hy
Cooper&Hunter,CH Series,CH-PQ36X-230VO,central,https://cooperandhunter.us/technical-documentation,Bibliothèque fabricant,Marque; rechercher le modèle,Moyenne,Portail officiel trouvé et vérifié; PDF exact à sélectionner lorsque précisé,,https://data.energystar.gov/Active-Specifications/ENERGY-STAR-Certified-Ducted-Heat-Pumps/3m3x-a2hy
COSTWAY,FP10982US,FP10982US,central,,,,Non établi,Aucune brochure publique suffisamment précise confirmée après recherche approfondie,Code exact recherché dans les sources fabricant et index publics; ne pas associer un PDF générique.,https://data.energystar.gov/Active-Specifications/ENERGY-STAR-Certified-Ducted-Heat-Pumps/3m3x-a2hy
COSTWAY,FP10983US,FP10983US,central,,,,Non établi,Aucune brochure publique suffisamment précise confirmée après recherche approfondie,Code exact recherché dans les sources fabricant et index publics; ne pas associer un PDF générique.,https://data.energystar.gov/Active-Specifications/ENERGY-STAR-Certified-Ducted-Heat-Pumps/3m3x-a2hy
COSTWAY,T-Pro,FP11149US-12WH,ductless,,,,Non établi,Aucune brochure publique suffisamment précise confirmée après recherche approfondie,Code exact recherché dans les sources fabricant et index publics; ne pas associer un PDF générique.,https://data.energystar.gov/Active-Specifications/ENERGY-STAR-Certified-Mini-Split-Heat-Pumps/akti-mt5s
COSTWAY,T-Pro,FP11151US-12WH,ductless,,,,Non établi,Aucune brochure publique suffisamment précise confirmée après recherche approfondie,Code exact recherché dans les sources fabricant et index publics; ne pas associer un PDF générique.,https://data.energystar.gov/Active-Specifications/ENERGY-STAR-Certified-Mini-Split-Heat-Pumps/akti-mt5s
COSTWAY,T-Pro,FP11153US-12WH,ductless,,,,Non établi,Aucune brochure publique suffisamment précise confirmée après recherche approfondie,Code exact recherché dans les sources fabricant et index publics; ne pas associer un PDF générique.,https://data.energystar.gov/Active-Specifications/ENERGY-STAR-Certified-Mini-Split-Heat-Pumps/akti-mt5s
COSTWAY,T-Pro,FP11154US-12WH,ductless,,,,Non établi,Aucune brochure publique suffisamment précise confirmée après recherche approfondie,Code exact recherché dans les sources fabricant et index publics; ne pas associer un PDF générique.,https://data.energystar.gov/Active-Specifications/ENERGY-STAR-Certified-Mini-Split-Heat-Pumps/akti-mt5s
COSTWAY,X-PRO,FP11133US,ductless,,,,Non établi,Aucune brochure publique suffisamment précise confirmée après recherche approfondie,Code exact recherché dans les sources fabricant et index publics; ne pas associer un PDF générique.,https://data.energystar.gov/Active-Specifications/ENERGY-STAR-Certified-Mini-Split-Heat-Pumps/akti-mt5s
Custom Comfort,CCO Series,CCOESBSZ09HP,ductless,,,,Non établi,Aucune brochure publique suffisamment précise confirmée après recherche approfondie,Code exact recherché dans les sources fabricant et index publics; ne pas associer un PDF générique.,https://data.energystar.gov/Active-Specifications/ENERGY-STAR-Certified-Mini-Split-Heat-Pumps/akti-mt5s
Custom Comfort,CCO Series,CCOESBSZ12HP,ductless,,,,Non établi,Aucune brochure publique suffisamment précise confirmée après recherche approfondie,Code exact recherché dans les sources fabricant et index publics; ne pas associer un PDF générique.,https://data.energystar.gov/Active-Specifications/ENERGY-STAR-Certified-Mini-Split-Heat-Pumps/akti-mt5s
Custom Comfort,CCO Series,CCOESBSZ17HP,central,,,,Non établi,Aucune brochure publique suffisamment précise confirmée après recherche approfondie,Code exact recherché dans les sources fabricant et index publics; ne pas associer un PDF générique.,https://data.energystar.gov/Active-Specifications/ENERGY-STAR-Certified-Ducted-Heat-Pumps/3m3x-a2hy
Custom Comfort,CCO Series,CCOESBSZ17HP,ductless,,,,Non établi,Aucune brochure publique suffisamment précise confirmée après recherche approfondie,Code exact recherché dans les sources fabricant et index publics; ne pas associer un PDF générique.,https://data.energystar.gov/Active-Specifications/ENERGY-STAR-Certified-Mini-Split-Heat-Pumps/akti-mt5s
Custom Comfort,CCO Series,CCOESBSZ24HP,central,,,,Non établi,Aucune brochure publique suffisamment précise confirmée après recherche approfondie,Code exact recherché dans les sources fabricant et index publics; ne pas associer un PDF générique.,https://data.energystar.gov/Active-Specifications/ENERGY-STAR-Certified-Ducted-Heat-Pumps/3m3x-a2hy
Custom Comfort,CCO Series,CCOESBSZ24HP,ductless,,,,Non établi,Aucune brochure publique suffisamment précise confirmée après recherche approfondie,Code exact recherché dans les sources fabricant et index publics; ne pas associer un PDF générique.,https://data.energystar.gov/Active-Specifications/ENERGY-STAR-Certified-Mini-Split-Heat-Pumps/akti-mt5s
Daikin,AURORA Multi,2MXTH18AVJU*,ductless,https://daikincomfort.com/my-daikin-systems/owner-support-center?tab=user-manuals,Bibliothèque fabricant,Famille; PDF exact à sélectionner,Moyenne,Portail officiel trouvé et vérifié; PDF exact à sélectionner lorsque précisé,,https://data.energystar.gov/Active-Specifications/ENERGY-STAR-Certified-Mini-Split-Heat-Pumps/akti-mt5s
Daikin,AURORA Multi,2MXTH18AVJU8,ductless,https://daikincomfort.com/my-daikin-systems/owner-support-center?tab=user-manuals,Bibliothèque fabricant,Famille; PDF exact à sélectionner,Moyenne,Portail officiel trouvé et vérifié; PDF exact à sélectionner lorsque précisé,,https://data.energystar.gov/Active-Specifications/ENERGY-STAR-Certified-Mini-Split-Heat-Pumps/akti-mt5s
Daikin,AURORA Multi,3MXT24AVJU*,ductless,https://cdn.daikincloud.io/PIM/Assets/Documents/SM-SiUS122410EA.pdf,Manuel service PDF 2026,Modèles Multi explicitement couverts,Élevée,Document officiel trouvé et examiné,,https://data.energystar.gov/Active-Specifications/ENERGY-STAR-Certified-Mini-Split-Heat-Pumps/akti-mt5s
Daikin,AURORA Multi,3MXTH24AVJU*,ductless,https://cdn.daikincloud.io/PIM/Assets/Documents/SM-SiUS122410EA.pdf,Manuel service PDF 2026,Modèles Multi explicitement couverts,Élevée,Document officiel trouvé et examiné,,https://data.energystar.gov/Active-Specifications/ENERGY-STAR-Certified-Mini-Split-Heat-Pumps/akti-mt5s
Daikin,AURORA Multi,4MXT36AVJU*,ductless,https://cdn.daikincloud.io/PIM/Assets/Documents/SM-SiUS122410EA.pdf,Manuel service PDF 2026,Modèles Multi explicitement couverts,Élevée,Document officiel trouvé et examiné,,https://data.energystar.gov/Active-Specifications/ENERGY-STAR-Certified-Mini-Split-Heat-Pumps/akti-mt5s
Daikin,AURORA Multi,4MXTH36AVJU*,ductless,https://cdn.daikincloud.io/PIM/Assets/Documents/SM-SiUS122410EA.pdf,Manuel service PDF 2026,Modèles Multi explicitement couverts,Élevée,Document officiel trouvé et examiné,,https://data.energystar.gov/Active-Specifications/ENERGY-STAR-Certified-Mini-Split-Heat-Pumps/akti-mt5s
Daikin,AURORA Multi,5MXT40AVJU*,ductless,https://cdn.daikincloud.io/PIM/Assets/Documents/SM-SiUS122410EA.pdf,Manuel service PDF 2026,Modèles Multi explicitement couverts,Élevée,Document officiel trouvé et examiné,,https://data.energystar.gov/Active-Specifications/ENERGY-STAR-Certified-Mini-Split-Heat-Pumps/akti-mt5s
Daikin,AURORA Multi,5MXTH40AVJU*,ductless,https://cdn.daikincloud.io/PIM/Assets/Documents/SM-SiUS122410EA.pdf,Manuel service PDF 2026,Modèles Multi explicitement couverts,Élevée,Document officiel trouvé et examiné,,https://data.energystar.gov/Active-Specifications/ENERGY-STAR-Certified-Mini-Split-Heat-Pumps/akti-mt5s
Daikin,AURORA,RXTH09AVJU*,ductless,https://daikincomfort.com/my-daikin-systems/owner-support-center?tab=user-manuals,Bibliothèque fabricant,Famille; PDF exact à sélectionner,Moyenne,Portail officiel trouvé et vérifié; PDF exact à sélectionner lorsque précisé,,https://data.energystar.gov/Active-Specifications/ENERGY-STAR-Certified-Mini-Split-Heat-Pumps/akti-mt5s
Daikin,AURORA,RXTH12AVJU*,ductless,https://daikincomfort.com/my-daikin-systems/owner-support-center?tab=user-manuals,Bibliothèque fabricant,Famille; PDF exact à sélectionner,Moyenne,Portail officiel trouvé et vérifié; PDF exact à sélectionner lorsque précisé,,https://data.energystar.gov/Active-Specifications/ENERGY-STAR-Certified-Mini-Split-Heat-Pumps/akti-mt5s
Daikin,AURORA,RXTH15AVJU*,ductless,https://daikincomfort.com/my-daikin-systems/owner-support-center?tab=user-manuals,Bibliothèque fabricant,Famille; PDF exact à sélectionner,Moyenne,Portail officiel trouvé et vérifié; PDF exact à sélectionner lorsque précisé,,https://data.energystar.gov/Active-Specifications/ENERGY-STAR-Certified-Mini-Split-Heat-Pumps/akti-mt5s
Daikin,AURORA,RXTH18AVJU*,ductless,https://daikincomfort.com/my-daikin-systems/owner-support-center?tab=user-manuals,Bibliothèque fabricant,Famille; PDF exact à sélectionner,Moyenne,Portail officiel trouvé et vérifié; PDF exact à sélectionner lorsque précisé,,https://data.energystar.gov/Active-Specifications/ENERGY-STAR-Certified-Mini-Split-Heat-Pumps/akti-mt5s
Daikin,AURORA,RXTH24AVJU*,ductless,https://daikincomfort.com/my-daikin-systems/owner-support-center?tab=user-manuals,Bibliothèque fabricant,Famille; PDF exact à sélectionner,Moyenne,Portail officiel trouvé et vérifié; PDF exact à sélectionner lorsque précisé,,https://data.energystar.gov/Active-Specifications/ENERGY-STAR-Certified-Mini-Split-Heat-Pumps/akti-mt5s
Daikin,DH5SE,DH5SEA1810A*,central,https://dwt-front-prod.daikincomfort.com/docs/default-source/dh5se/ss-dh5se-r32.pdf,Fiche technique PDF,Série et modèles,Élevée,Document officiel trouvé et examiné,,https://data.energystar.gov/Active-Specifications/ENERGY-STAR-Certified-Ducted-Heat-Pumps/3m3x-a2hy
Daikin,DH5SE,DH5SEA2410A*,central,https://dwt-front-prod.daikincomfort.com/docs/default-source/dh5se/ss-dh5se-r32.pdf,Fiche technique PDF,Série et modèles,Élevée,Document officiel trouvé et examiné,,https://data.energystar.gov/Active-Specifications/ENERGY-STAR-Certified-Ducted-Heat-Pumps/3m3x-a2hy
Daikin,DH5SE,DH5SEA3010A*,central,https://dwt-front-prod.daikincomfort.com/docs/default-source/dh5se/ss-dh5se-r32.pdf,Fiche technique PDF,Série et modèles,Élevée,Document officiel trouvé et examiné,,https://data.energystar.gov/Active-Specifications/ENERGY-STAR-Certified-Ducted-Heat-Pumps/3m3x-a2hy
Daikin,DH5SE,DH5SEA3610A*,central,https://dwt-front-prod.daikincomfort.com/docs/default-source/dh5se/ss-dh5se-r32.pdf,Fiche technique PDF,Série et modèles,Élevée,Document officiel trouvé et examiné,,https://data.energystar.gov/Active-Specifications/ENERGY-STAR-Certified-Ducted-Heat-Pumps/3m3x-a2hy
Daikin,DH5SE,DH5SEA4210A*,central,https://dwt-front-prod.daikincomfort.com/docs/default-source/dh5se/ss-dh5se-r32.pdf,Fiche technique PDF,Série et modèles,Élevée,Document officiel trouvé et examiné,,https://data.energystar.gov/Active-Specifications/ENERGY-STAR-Certified-Ducted-Heat-Pumps/3m3x-a2hy
Daikin,DH5SE,DH5SEA4810A*,central,https://dwt-front-prod.daikincomfort.com/docs/default-source/dh5se/ss-dh5se-r32.pdf,Fiche technique PDF,Série et modèles,Élevée,Document officiel trouvé et examiné,,https://data.energystar.gov/Active-Specifications/ENERGY-STAR-Certified-Ducted-Heat-Pumps/3m3x-a2hy
Daikin,DH5SE,DH5SEA6010A*,central,https://dwt-front-prod.daikincomfort.com/docs/default-source/dh5se/ss-dh5se-r32.pdf,Fiche technique PDF,Série et modèles,Élevée,Document officiel trouvé et examiné,,https://data.energystar.gov/Active-Specifications/ENERGY-STAR-Certified-Ducted-Heat-Pumps/3m3x-a2hy
Daikin,DH6VSA*M,DH6VSA121MA*,central,https://daikincomfort.com/docs/default-source/daikin-fit-multi-family/ss-dh6vs-mf-r32.pdf,Fiche technique PDF,Série et modèles,Élevée,Document officiel trouvé et examiné,,https://data.energystar.gov/Active-Specifications/ENERGY-STAR-Certified-Ducted-Heat-Pumps/3m3x-a2hy
Daikin,DH6VSA*M,DH6VSA181MA*,central,https://daikincomfort.com/docs/default-source/daikin-fit-multi-family/ss-dh6vs-mf-r32.pdf,Fiche technique PDF,Série et modèles,Élevée,Document officiel trouvé et examiné,,https://data.energystar.gov/Active-Specifications/ENERGY-STAR-Certified-Ducted-Heat-Pumps/3m3x-a2hy
Daikin,DH6VSA,DH6VSA1810A*,central,https://daikincomfort.com/products/heating-cooling/whole-home-systems/heat-pumps/daikin-fit-heat-pump---dh6vs,Page fabricant avec documents,Série,Élevée,Portail officiel trouvé et vérifié; PDF exact à sélectionner lorsque précisé,,https://data.energystar.gov/Active-Specifications/ENERGY-STAR-Certified-Ducted-Heat-Pumps/3m3x-a2hy
Daikin,DH7VSA,DH7VSA2410A*,central,https://daikincomfort.com/docs/default-source/daikin-fit-heat-pump---dh7vs/ss-dh7vs-r32.pdf,Fiche technique PDF,Série et modèles,Élevée,Document officiel trouvé et examiné,,https://data.energystar.gov/Active-Specifications/ENERGY-STAR-Certified-Ducted-Heat-Pumps/3m3x-a2hy
Daikin,DH7VSA,DH7VSA3610A*,central,https://daikincomfort.com/docs/default-source/daikin-fit-heat-pump---dh7vs/ss-dh7vs-r32.pdf,Fiche technique PDF,Série et modèles,Élevée,Document officiel trouvé et examiné,,https://data.energystar.gov/Active-Specifications/ENERGY-STAR-Certified-Ducted-Heat-Pumps/3m3x-a2hy
Daikin,Standard Multi,3MXM24AVJU8,ductless,https://daikincomfort.com/my-daikin-systems/owner-support-center?tab=user-manuals,Bibliothèque fabricant,Famille; PDF exact à sélectionner,Moyenne,Portail officiel trouvé et vérifié; PDF exact à sélectionner lorsque précisé,,https://data.energystar.gov/Active-Specifications/ENERGY-STAR-Certified-Mini-Split-Heat-Pumps/akti-mt5s
Daikin,Standard Multi,5MXM48AVJU*,ductless,https://cdn.daikincloud.io/PIM/Assets/Documents/SM-SiUS122410EA.pdf,Manuel service PDF 2026,Modèles Multi explicitement couverts,Élevée,Document officiel trouvé et examiné,,https://data.energystar.gov/Active-Specifications/ENERGY-STAR-Certified-Mini-Split-Heat-Pumps/akti-mt5s
Day & Night,D5C Series,D5CUHAH18AAK,central,https://www.dayandnightcomfort.com/en/us/products/,Portail fabricant ICP,Marque; documents par produit,Moyenne,Portail officiel trouvé et vérifié; PDF exact à sélectionner lorsque précisé,,https://data.energystar.gov/Active-Specifications/ENERGY-STAR-Certified-Ducted-Heat-Pumps/3m3x-a2hy
Day & Night,D5C Series,D5CUHAH24AAK,central,https://www.dayandnightcomfort.com/en/us/products/,Portail fabricant ICP,Marque; documents par produit,Moyenne,Portail officiel trouvé et vérifié; PDF exact à sélectionner lorsque précisé,,https://data.energystar.gov/Active-Specifications/ENERGY-STAR-Certified-Ducted-Heat-Pumps/3m3x-a2hy
Day & Night,D5C Series,D5CUHAH30AAK,central,https://www.dayandnightcomfort.com/en/us/products/,Portail fabricant ICP,Marque; documents par produit,Moyenne,Portail officiel trouvé et vérifié; PDF exact à sélectionner lorsque précisé,,https://data.energystar.gov/Active-Specifications/ENERGY-STAR-Certified-Ducted-Heat-Pumps/3m3x-a2hy
Day & Night,D5C Series,D5CUHAH36AAK,central,https://www.dayandnightcomfort.com/en/us/products/,Portail fabricant ICP,Marque; documents par produit,Moyenne,Portail officiel trouvé et vérifié; PDF exact à sélectionner lorsque précisé,,https://data.energystar.gov/Active-Specifications/ENERGY-STAR-Certified-Ducted-Heat-Pumps/3m3x-a2hy
Day & Night,D5C Series,D5CURAH18AAK,central,https://www.dayandnightcomfort.com/en/us/products/,Portail fabricant ICP,Marque; documents par produit,Moyenne,Portail officiel trouvé et vérifié; PDF exact à sélectionner lorsque précisé,,https://data.energystar.gov/Active-Specifications/ENERGY-STAR-Certified-Ducted-Heat-Pumps/3m3x-a2hy
Day & Night,D5C Series,D5CURAH24AAK,central,https://www.dayandnightcomfort.com/en/us/products/,Portail fabricant ICP,Marque; documents par produit,Moyenne,Portail officiel trouvé et vérifié; PDF exact à sélectionner lorsque précisé,,https://data.energystar.gov/Active-Specifications/ENERGY-STAR-Certified-Ducted-Heat-Pumps/3m3x-a2hy
Day & Night,D5C Series,D5CURAH30AAK,central,https://www.dayandnightcomfort.com/en/us/products/,Portail fabricant ICP,Marque; documents par produit,Moyenne,Portail officiel trouvé et vérifié; PDF exact à sélectionner lorsque précisé,,https://data.energystar.gov/Active-Specifications/ENERGY-STAR-Certified-Ducted-Heat-Pumps/3m3x-a2hy
Day & Night,D5C Series,D5CURAH36AAK,central,https://www.dayandnightcomfort.com/en/us/products/,Portail fabricant ICP,Marque; documents par produit,Moyenne,Portail officiel trouvé et vérifié; PDF exact à sélectionner lorsque précisé,,https://data.energystar.gov/Active-Specifications/ENERGY-STAR-Certified-Ducted-Heat-Pumps/3m3x-a2hy
DELLA,DC,048-TP-12K2V-24S-OUT,ductless,https://support.dellahome.com/hc/en-us/articles/39325504966043-Optima-Series-TP,Centre documentaire fabricant,Série et modèles,Élevée,Document officiel trouvé et examiné,,https://data.energystar.gov/Active-Specifications/ENERGY-STAR-Certified-Mini-Split-Heat-Pumps/akti-mt5s
DELLA,DC,048-TP-18K2V-23S-OUT,ductless,https://support.dellahome.com/hc/en-us/articles/39325504966043-Optima-Series-TP,Centre documentaire fabricant,Série et modèles,Élevée,Document officiel trouvé et examiné,,https://data.energystar.gov/Active-Specifications/ENERGY-STAR-Certified-Mini-Split-Heat-Pumps/akti-mt5s
DELLA,DC,048-TP-23K2V-23S-OUT,ductless,https://support.dellahome.com/hc/en-us/articles/39325504966043-Optima-Series-TP,Centre documentaire fabricant,Série et modèles,Élevée,Document officiel trouvé et examiné,,https://data.energystar.gov/Active-Specifications/ENERGY-STAR-Certified-Mini-Split-Heat-Pumps/akti-mt5s
DELLA,DC,048-TP-9K2V-24S-OUT,ductless,https://support.dellahome.com/hc/en-us/articles/39325504966043-Optima-Series-TP,Centre documentaire fabricant,Série et modèles,Élevée,Document officiel trouvé et examiné,,https://data.energystar.gov/Active-Specifications/ENERGY-STAR-Certified-Mini-Split-Heat-Pumps/akti-mt5s
DELLA,FC,048-TP-18K2V-23S-OUT,ductless,https://support.dellahome.com/hc/en-us/articles/39325504966043-Optima-Series-TP,Centre documentaire fabricant,Série et modèles,Élevée,Document officiel trouvé et examiné,,https://data.energystar.gov/Active-Specifications/ENERGY-STAR-Certified-Mini-Split-Heat-Pumps/akti-mt5s
DELLA,FC,048-TP-23K2V-23S-OUT,ductless,https://support.dellahome.com/hc/en-us/articles/39325504966043-Optima-Series-TP,Centre documentaire fabricant,Série et modèles,Élevée,Document officiel trouvé et examiné,,https://data.energystar.gov/Active-Specifications/ENERGY-STAR-Certified-Mini-Split-Heat-Pumps/akti-mt5s
DELLA,TC | TCQ,048-TCQ-MODU-1D2,ductless,https://support.dellahome.com/hc/en-us/categories/17851196497179-Product-Support,Centre documentaire fabricant,Modèle non apparié à une fiche exacte,Moyenne,Document officiel trouvé et examiné,,https://data.energystar.gov/Active-Specifications/ENERGY-STAR-Certified-Mini-Split-Heat-Pumps/akti-mt5s
DELLA,TC | TCQ,048-TCQ-MODU-1D3,ductless,https://support.dellahome.com/hc/en-us/categories/17851196497179-Product-Support,Centre documentaire fabricant,Modèle non apparié à une fiche exacte,Moyenne,Document officiel trouvé et examiné,,https://data.energystar.gov/Active-Specifications/ENERGY-STAR-Certified-Mini-Split-Heat-Pumps/akti-mt5s
DELLA,TC | TCQ,048-TCQ-MODU-1D4,ductless,https://support.dellahome.com/hc/en-us/categories/17851196497179-Product-Support,Centre documentaire fabricant,Modèle non apparié à une fiche exacte,Moyenne,Document officiel trouvé et examiné,,https://data.energystar.gov/Active-Specifications/ENERGY-STAR-Certified-Mini-Split-Heat-Pumps/akti-mt5s
DELLA,TC | TCQ,048-TCQ-MODU-1D5,ductless,https://support.dellahome.com/hc/en-us/categories/17851196497179-Product-Support,Centre documentaire fabricant,Modèle non apparié à une fiche exacte,Moyenne,Document officiel trouvé et examiné,,https://data.energystar.gov/Active-Specifications/ENERGY-STAR-Certified-Mini-Split-Heat-Pumps/akti-mt5s
DELLA,TLP,048-TLP-MODU-1D6,ductless,https://support.dellahome.com/hc/en-us/categories/17851196497179-Product-Support,Centre documentaire fabricant,Modèle non apparié à une fiche exacte,Moyenne,Document officiel trouvé et examiné,,https://data.energystar.gov/Active-Specifications/ENERGY-STAR-Certified-Mini-Split-Heat-Pumps/akti-mt5s
DELLA,TP,048-C-TP-12K1V-23S-OUT,ductless,https://support.dellahome.com/hc/en-us/articles/39325504966043-Optima-Series-TP,Centre documentaire fabricant,Série et modèles,Élevée,Document officiel trouvé et examiné,,https://data.energystar.gov/Active-Specifications/ENERGY-STAR-Certified-Mini-Split-Heat-Pumps/akti-mt5s
DELLA,TP,048-C-TP-12K2V-24S-OUT,ductless,https://support.dellahome.com/hc/en-us/articles/39325504966043-Optima-Series-TP,Centre documentaire fabricant,Série et modèles,Élevée,Document officiel trouvé et examiné,,https://data.energystar.gov/Active-Specifications/ENERGY-STAR-Certified-Mini-Split-Heat-Pumps/akti-mt5s
DELLA,TP,048-C-TP-18K2V-23S-OUT,ductless,https://support.dellahome.com/hc/en-us/articles/39325504966043-Optima-Series-TP,Centre documentaire fabricant,Série et modèles,Élevée,Document officiel trouvé et examiné,,https://data.energystar.gov/Active-Specifications/ENERGY-STAR-Certified-Mini-Split-Heat-Pumps/akti-mt5s
DELLA,TP,048-C-TP-23K2V-23S-OUT,ductless,https://support.dellahome.com/hc/en-us/articles/39325504966043-Optima-Series-TP,Centre documentaire fabricant,Série et modèles,Élevée,Document officiel trouvé et examiné,,https://data.energystar.gov/Active-Specifications/ENERGY-STAR-Certified-Mini-Split-Heat-Pumps/akti-mt5s
DELLA,TP,048-C-TP-9K1V-24S-OUT,ductless,https://support.dellahome.com/hc/en-us/articles/39325504966043-Optima-Series-TP,Centre documentaire fabricant,Série et modèles,Élevée,Document officiel trouvé et examiné,,https://data.energystar.gov/Active-Specifications/ENERGY-STAR-Certified-Mini-Split-Heat-Pumps/akti-mt5s
DELLA,TP,048-C-TP-9K2V-24S-OUT,ductless,https://support.dellahome.com/hc/en-us/articles/39325504966043-Optima-Series-TP,Centre documentaire fabricant,Série et modèles,Élevée,Document officiel trouvé et examiné,,https://data.energystar.gov/Active-Specifications/ENERGY-STAR-Certified-Mini-Split-Heat-Pumps/akti-mt5s
DELLA,TP,048-TP-12K1V-23S-OUT,ductless,https://support.dellahome.com/hc/en-us/articles/39325504966043-Optima-Series-TP,Centre documentaire fabricant,Série et modèles,Élevée,Document officiel trouvé et examiné,,https://data.energystar.gov/Active-Specifications/ENERGY-STAR-Certified-Mini-Split-Heat-Pumps/akti-mt5s
DELLA,TP,048-TP-12K2V-24S-OUT,ductless,https://support.dellahome.com/hc/en-us/articles/39325504966043-Optima-Series-TP,Centre documentaire fabricant,Série et modèles,Élevée,Document officiel trouvé et examiné,,https://data.energystar.gov/Active-Specifications/ENERGY-STAR-Certified-Mini-Split-Heat-Pumps/akti-mt5s
DELLA,TP,048-TP-18K2V-23S-OUT,ductless,https://support.dellahome.com/hc/en-us/articles/39325504966043-Optima-Series-TP,Centre documentaire fabricant,Série et modèles,Élevée,Document officiel trouvé et examiné,,https://data.energystar.gov/Active-Specifications/ENERGY-STAR-Certified-Mini-Split-Heat-Pumps/akti-mt5s
DELLA,TP,048-TP-23K2V-23S-OUT,ductless,https://support.dellahome.com/hc/en-us/articles/39325504966043-Optima-Series-TP,Centre documentaire fabricant,Série et modèles,Élevée,Document officiel trouvé et examiné,,https://data.energystar.gov/Active-Specifications/ENERGY-STAR-Certified-Mini-Split-Heat-Pumps/akti-mt5s
DELLA,TP,048-TP-9K1V-23S-OUT,ductless,https://support.dellahome.com/hc/en-us/articles/39325504966043-Optima-Series-TP,Centre documentaire fabricant,Série et modèles,Élevée,Document officiel trouvé et examiné,,https://data.energystar.gov/Active-Specifications/ENERGY-STAR-Certified-Mini-Split-Heat-Pumps/akti-mt5s
DELLA,TP,048-TP-9K1V-24S-OUT,ductless,https://support.dellahome.com/hc/en-us/articles/39325504966043-Optima-Series-TP,Centre documentaire fabricant,Série et modèles,Élevée,Document officiel trouvé et examiné,,https://data.energystar.gov/Active-Specifications/ENERGY-STAR-Certified-Mini-Split-Heat-Pumps/akti-mt5s
DELLA,TP,048-TP-9K2V-24S-OUT,ductless,https://support.dellahome.com/hc/en-us/articles/39325504966043-Optima-Series-TP,Centre documentaire fabricant,Série et modèles,Élevée,Document officiel trouvé et examiné,,https://data.energystar.gov/Active-Specifications/ENERGY-STAR-Certified-Mini-Split-Heat-Pumps/akti-mt5s
DELLA,TPH,048-C-TPH-12K2V-25S-OUT,ductless,https://support.dellahome.com/hc/en-us/articles/39325504966043-Optima-Series-TP,Centre documentaire fabricant,Série et modèles,Élevée,Document officiel trouvé et examiné,,https://data.energystar.gov/Active-Specifications/ENERGY-STAR-Certified-Mini-Split-Heat-Pumps/akti-mt5s
DELLA,TPH,048-C-TPH-18K2V-23S-OUT,ductless,https://support.dellahome.com/hc/en-us/articles/39325504966043-Optima-Series-TP,Centre documentaire fabricant,Série et modèles,Élevée,Document officiel trouvé et examiné,,https://data.energystar.gov/Active-Specifications/ENERGY-STAR-Certified-Mini-Split-Heat-Pumps/akti-mt5s
DELLA,TPH,048-C-TPH-24K2V-23S-OUT,ductless,https://support.dellahome.com/hc/en-us/articles/39325504966043-Optima-Series-TP,Centre documentaire fabricant,Série et modèles,Élevée,Document officiel trouvé et examiné,,https://data.energystar.gov/Active-Specifications/ENERGY-STAR-Certified-Mini-Split-Heat-Pumps/akti-mt5s
DELLA,TPH,048-C-TPH-9K2V-25S-OUT,ductless,https://support.dellahome.com/hc/en-us/articles/39325504966043-Optima-Series-TP,Centre documentaire fabricant,Série et modèles,Élevée,Document officiel trouvé et examiné,,https://data.energystar.gov/Active-Specifications/ENERGY-STAR-Certified-Mini-Split-Heat-Pumps/akti-mt5s
DELLA,TPH,048-TPH-12K2V-25S-OUT,ductless,https://support.dellahome.com/hc/en-us/articles/39325504966043-Optima-Series-TP,Centre documentaire fabricant,Série et modèles,Élevée,Document officiel trouvé et examiné,,https://data.energystar.gov/Active-Specifications/ENERGY-STAR-Certified-Mini-Split-Heat-Pumps/akti-mt5s
DELLA,TPH,048-TPH-18K2V-23S-OUT,ductless,https://support.dellahome.com/hc/en-us/articles/39325504966043-Optima-Series-TP,Centre documentaire fabricant,Série et modèles,Élevée,Document officiel trouvé et examiné,,https://data.energystar.gov/Active-Specifications/ENERGY-STAR-Certified-Mini-Split-Heat-Pumps/akti-mt5s
DELLA,TPH,048-TPH-24K2V-23S-OUT,ductless,https://support.dellahome.com/hc/en-us/articles/39325504966043-Optima-Series-TP,Centre documentaire fabricant,Série et modèles,Élevée,Document officiel trouvé et examiné,,https://data.energystar.gov/Active-Specifications/ENERGY-STAR-Certified-Mini-Split-Heat-Pumps/akti-mt5s
DELLA,TPH,048-TPH-9K2V-25S-OUT,ductless,https://support.dellahome.com/hc/en-us/articles/39325504966043-Optima-Series-TP,Centre documentaire fabricant,Série et modèles,Élevée,Document officiel trouvé et examiné,,https://data.energystar.gov/Active-Specifications/ENERGY-STAR-Certified-Mini-Split-Heat-Pumps/akti-mt5s
DELLA,TPH,048-TPH-MODU-1D3,ductless,https://support.dellahome.com/hc/en-us/articles/39325504966043-Optima-Series-TP,Centre documentaire fabricant,Série et modèles,Élevée,Document officiel trouvé et examiné,,https://data.energystar.gov/Active-Specifications/ENERGY-STAR-Certified-Mini-Split-Heat-Pumps/akti-mt5s
DELLA,TPH,048-TPH-MODU-1D4,ductless,https://support.dellahome.com/hc/en-us/articles/39325504966043-Optima-Series-TP,Centre documentaire fabricant,Série et modèles,Élevée,Document officiel trouvé et examiné,,https://data.energystar.gov/Active-Specifications/ENERGY-STAR-Certified-Mini-Split-Heat-Pumps/akti-mt5s
DELLA,TPH,048-TPH-MODU-1D5,ductless,https://support.dellahome.com/hc/en-us/articles/39325504966043-Optima-Series-TP,Centre documentaire fabricant,Série et modèles,Élevée,Document officiel trouvé et examiné,,https://data.energystar.gov/Active-Specifications/ENERGY-STAR-Certified-Mini-Split-Heat-Pumps/akti-mt5s
DELLA,TPH,048-TPH-MODU-1D6,ductless,https://support.dellahome.com/hc/en-us/articles/39325504966043-Optima-Series-TP,Centre documentaire fabricant,Série et modèles,Élevée,Document officiel trouvé et examiné,,https://data.energystar.gov/Active-Specifications/ENERGY-STAR-Certified-Mini-Split-Heat-Pumps/akti-mt5s
DENALI AIRE,HiULTRA,2DNMSHQCO12A,ductless,,,,Non établi,Aucune brochure publique suffisamment précise confirmée après recherche approfondie,Code exact recherché dans les sources fabricant et index publics; ne pas associer un PDF générique.,https://data.energystar.gov/Active-Specifications/ENERGY-STAR-Certified-Mini-Split-Heat-Pumps/akti-mt5s
DENALI AIRE,HiULTRA,2DNMSHQCO9A,ductless,,,,Non établi,Aucune brochure publique suffisamment précise confirmée après recherche approfondie,Code exact recherché dans les sources fabricant et index publics; ne pas associer un PDF générique.,https://data.energystar.gov/Active-Specifications/ENERGY-STAR-Certified-Mini-Split-Heat-Pumps/akti-mt5s
DIRECT AIR,DIRM Series | DIRM4 Series,DIRM4-36MAGICPRO20-OU,central,https://directairhvac.com/brochures/,Bibliothèque de brochures fabricant,Marque; brochures FR/EN par gamme,Moyenne,Portail officiel trouvé et vérifié; PDF exact à sélectionner lorsque précisé,,https://data.energystar.gov/Active-Specifications/ENERGY-STAR-Certified-Ducted-Heat-Pumps/3m3x-a2hy
DIRECT AIR,DIRM Series,DIRM4-18CS19-OU,central,https://directairhvac.com/brochures/,Bibliothèque de brochures fabricant,Marque; brochures FR/EN par gamme,Moyenne,Portail officiel trouvé et vérifié; PDF exact à sélectionner lorsque précisé,,https://data.energystar.gov/Active-Specifications/ENERGY-STAR-Certified-Ducted-Heat-Pumps/3m3x-a2hy
DIRECT AIR,DIRM Series,DIRM4-18DA25-3Z,ductless,https://directairhvac.com/brochures/,Bibliothèque de brochures fabricant,Marque; brochures FR/EN par gamme,Moyenne,Portail officiel trouvé et vérifié; PDF exact à sélectionner lorsque précisé,,https://data.energystar.gov/Active-Specifications/ENERGY-STAR-Certified-Mini-Split-Heat-Pumps/akti-mt5s
DIRECT AIR,DIRM Series,DIRM4-18HXPRO28-3Z,ductless,https://directairhvac.com/brochures/,Bibliothèque de brochures fabricant,Marque; brochures FR/EN par gamme,Moyenne,Portail officiel trouvé et vérifié; PDF exact à sélectionner lorsque précisé,,https://data.energystar.gov/Active-Specifications/ENERGY-STAR-Certified-Mini-Split-Heat-Pumps/akti-mt5s
DIRECT AIR,DIRM Series,DIRM4-18MAGICPRO20-OU,central,https://directairhvac.com/brochures/,Bibliothèque de brochures fabricant,Marque; brochures FR/EN par gamme,Moyenne,Portail officiel trouvé et vérifié; PDF exact à sélectionner lorsque précisé,,https://data.energystar.gov/Active-Specifications/ENERGY-STAR-Certified-Ducted-Heat-Pumps/3m3x-a2hy
DIRECT AIR,DIRM Series,DIRM4-24CS19-OU,central,https://directairhvac.com/brochures/,Bibliothèque de brochures fabricant,Marque; brochures FR/EN par gamme,Moyenne,Portail officiel trouvé et vérifié; PDF exact à sélectionner lorsque précisé,,https://data.energystar.gov/Active-Specifications/ENERGY-STAR-Certified-Ducted-Heat-Pumps/3m3x-a2hy
DIRECT AIR,DIRM Series,DIRM4-24MAGICPRO20-OU,central,https://directairhvac.com/brochures/,Bibliothèque de brochures fabricant,Marque; brochures FR/EN par gamme,Moyenne,Portail officiel trouvé et vérifié; PDF exact à sélectionner lorsque précisé,,https://data.energystar.gov/Active-Specifications/ENERGY-STAR-Certified-Ducted-Heat-Pumps/3m3x-a2hy
DIRECT AIR,DIRM Series,DIRM4-27DA25-4Z,ductless,https://directairhvac.com/brochures/,Bibliothèque de brochures fabricant,Marque; brochures FR/EN par gamme,Moyenne,Portail officiel trouvé et vérifié; PDF exact à sélectionner lorsque précisé,,https://data.energystar.gov/Active-Specifications/ENERGY-STAR-Certified-Mini-Split-Heat-Pumps/akti-mt5s
DIRECT AIR,DIRM Series,DIRM4-28HXPRO28-4Z,ductless,https://directairhvac.com/brochures/,Bibliothèque de brochures fabricant,Marque; brochures FR/EN par gamme,Moyenne,Portail officiel trouvé et vérifié; PDF exact à sélectionner lorsque précisé,,https://data.energystar.gov/Active-Specifications/ENERGY-STAR-Certified-Mini-Split-Heat-Pumps/akti-mt5s
DIRECT AIR,DIRM Series,DIRM4-30CS19-OU,central,https://directairhvac.com/brochures/,Bibliothèque de brochures fabricant,Marque; brochures FR/EN par gamme,Moyenne,Portail officiel trouvé et vérifié; PDF exact à sélectionner lorsque précisé,,https://data.energystar.gov/Active-Specifications/ENERGY-STAR-Certified-Ducted-Heat-Pumps/3m3x-a2hy
DIRECT AIR,DIRM Series,DIRM4-30MAGICPRO20-OU,central,https://directairhvac.com/brochures/,Bibliothèque de brochures fabricant,Marque; brochures FR/EN par gamme,Moyenne,Portail officiel trouvé et vérifié; PDF exact à sélectionner lorsque précisé,,https://data.energystar.gov/Active-Specifications/ENERGY-STAR-Certified-Ducted-Heat-Pumps/3m3x-a2hy
DIRECT AIR,DIRM Series,DIRM4-36CS19-OU,central,https://directairhvac.com/brochures/,Bibliothèque de brochures fabricant,Marque; brochures FR/EN par gamme,Moyenne,Portail officiel trouvé et vérifié; PDF exact à sélectionner lorsque précisé,,https://data.energystar.gov/Active-Specifications/ENERGY-STAR-Certified-Ducted-Heat-Pumps/3m3x-a2hy
DIRECT AIR,DIRM Series,DIRM4-36DA25-5Z,ductless,https://directairhvac.com/brochures/,Bibliothèque de brochures fabricant,Marque; brochures FR/EN par gamme,Moyenne,Portail officiel trouvé et vérifié; PDF exact à sélectionner lorsque précisé,,https://data.energystar.gov/Active-Specifications/ENERGY-STAR-Certified-Mini-Split-Heat-Pumps/akti-mt5s
DIRECT AIR,DIRM Series,DIRM4-36HXPRO28-5Z,ductless,https://directairhvac.com/brochures/,Bibliothèque de brochures fabricant,Marque; brochures FR/EN par gamme,Moyenne,Portail officiel trouvé et vérifié; PDF exact à sélectionner lorsque précisé,,https://data.energystar.gov/Active-Specifications/ENERGY-STAR-Certified-Mini-Split-Heat-Pumps/akti-mt5s
DIRECT AIR,DIRM Series,DIRM4-36MAGICPRO20-OU,central,https://directairhvac.com/brochures/,Bibliothèque de brochures fabricant,Marque; brochures FR/EN par gamme,Moyenne,Portail officiel trouvé et vérifié; PDF exact à sélectionner lorsque précisé,,https://data.energystar.gov/Active-Specifications/ENERGY-STAR-Certified-Ducted-Heat-Pumps/3m3x-a2hy
DIRECT AIR,DIRM Series,DIRM4-48CS19-OU,central,https://directairhvac.com/brochures/,Bibliothèque de brochures fabricant,Marque; brochures FR/EN par gamme,Moyenne,Portail officiel trouvé et vérifié; PDF exact à sélectionner lorsque précisé,,https://data.energystar.gov/Active-Specifications/ENERGY-STAR-Certified-Ducted-Heat-Pumps/3m3x-a2hy
DIRECT AIR,DIRM Series,DIRM4-48DA25-6Z,ductless,https://directairhvac.com/brochures/,Bibliothèque de brochures fabricant,Marque; brochures FR/EN par gamme,Moyenne,Portail officiel trouvé et vérifié; PDF exact à sélectionner lorsque précisé,,https://data.energystar.gov/Active-Specifications/ENERGY-STAR-Certified-Mini-Split-Heat-Pumps/akti-mt5s
DIRECT AIR,DIRM Series,DIRM4-48HXPRO28-6Z,ductless,https://directairhvac.com/brochures/,Bibliothèque de brochures fabricant,Marque; brochures FR/EN par gamme,Moyenne,Portail officiel trouvé et vérifié; PDF exact à sélectionner lorsque précisé,,https://data.energystar.gov/Active-Specifications/ENERGY-STAR-Certified-Mini-Split-Heat-Pumps/akti-mt5s
DIRECT AIR,DIRM Series,DIRM4-48MAGICPRO20-OU,central,https://directairhvac.com/brochures/,Bibliothèque de brochures fabricant,Marque; brochures FR/EN par gamme,Moyenne,Portail officiel trouvé et vérifié; PDF exact à sélectionner lorsque précisé,,https://data.energystar.gov/Active-Specifications/ENERGY-STAR-Certified-Ducted-Heat-Pumps/3m3x-a2hy
DIRECT AIR,DIRM Series,DIRM4-60CS19-OU,central,https://directairhvac.com/brochures/,Bibliothèque de brochures fabricant,Marque; brochures FR/EN par gamme,Moyenne,Portail officiel trouvé et vérifié; PDF exact à sélectionner lorsque précisé,,https://data.energystar.gov/Active-Specifications/ENERGY-STAR-Certified-Ducted-Heat-Pumps/3m3x-a2hy
DIRECT AIR,DIRM Series,DIRM4-60HXPRO28-6Z,ductless,https://directairhvac.com/brochures/,Bibliothèque de brochures fabricant,Marque; brochures FR/EN par gamme,Moyenne,Portail officiel trouvé et vérifié; PDF exact à sélectionner lorsque précisé,,https://data.energystar.gov/Active-Specifications/ENERGY-STAR-Certified-Mini-Split-Heat-Pumps/akti-mt5s
DIRECT AIR,DIRM Series,DIRM4-60MAGICPRO20-OU,central,https://directairhvac.com/brochures/,Bibliothèque de brochures fabricant,Marque; brochures FR/EN par gamme,Moyenne,Portail officiel trouvé et vérifié; PDF exact à sélectionner lorsque précisé,,https://data.energystar.gov/Active-Specifications/ENERGY-STAR-Certified-Ducted-Heat-Pumps/3m3x-a2hy
DIRECT AIR,HiULTRA,DIRH3-09HP21-DKO,ductless,https://directairhvac.com/brochures/,Bibliothèque de brochures fabricant,Marque; brochures FR/EN par gamme,Moyenne,Portail officiel trouvé et vérifié; PDF exact à sélectionner lorsque précisé,,https://data.energystar.gov/Active-Specifications/ENERGY-STAR-Certified-Mini-Split-Heat-Pumps/akti-mt5s
DIRECT AIR,HiULTRA,DIRH3-18HP21-DKO,ductless,https://directairhvac.com/brochures/,Bibliothèque de brochures fabricant,Marque; brochures FR/EN par gamme,Moyenne,Portail officiel trouvé et vérifié; PDF exact à sélectionner lorsque précisé,,https://data.energystar.gov/Active-Specifications/ENERGY-STAR-Certified-Mini-Split-Heat-Pumps/akti-mt5s
DIRECT AIR,HiULTRA,DIRH4-09HP25-DKO,ductless,https://directairhvac.com/brochures/,Bibliothèque de brochures fabricant,Marque; brochures FR/EN par gamme,Moyenne,Portail officiel trouvé et vérifié; PDF exact à sélectionner lorsque précisé,,https://data.energystar.gov/Active-Specifications/ENERGY-STAR-Certified-Mini-Split-Heat-Pumps/akti-mt5s
DIRECT AIR,HiULTRA,DIRH4-12HP25-DKO,ductless,https://directairhvac.com/brochures/,Bibliothèque de brochures fabricant,Marque; brochures FR/EN par gamme,Moyenne,Portail officiel trouvé et vérifié; PDF exact à sélectionner lorsque précisé,,https://data.energystar.gov/Active-Specifications/ENERGY-STAR-Certified-Mini-Split-Heat-Pumps/akti-mt5s
DIRECT AIR,HiULTRA,DIRH4-18HP25-DKO,ductless,https://directairhvac.com/brochures/,Bibliothèque de brochures fabricant,Marque; brochures FR/EN par gamme,Moyenne,Portail officiel trouvé et vérifié; PDF exact à sélectionner lorsque précisé,,https://data.energystar.gov/Active-Specifications/ENERGY-STAR-Certified-Mini-Split-Heat-Pumps/akti-mt5s
DIRECT AIR,HiULTRA,DIRH4-24HP25-DKO,ductless,https://directairhvac.com/brochures/,Bibliothèque de brochures fabricant,Marque; brochures FR/EN par gamme,Moyenne,Portail officiel trouvé et vérifié; PDF exact à sélectionner lorsque précisé,,https://data.energystar.gov/Active-Specifications/ENERGY-STAR-Certified-Mini-Split-Heat-Pumps/akti-mt5s
Ducane,7HP14F SERIES,7HP14F24P-**A,central,https://www.ducanehvac.com/,Portail fabricant,Marque; documents par produit,Moyenne,Portail officiel trouvé et vérifié; PDF exact à sélectionner lorsque précisé,,https://data.energystar.gov/Active-Specifications/ENERGY-STAR-Certified-Ducted-Heat-Pumps/3m3x-a2hy
Ducane,7HP14F SERIES,7HP14F30P-**A,central,https://www.ducanehvac.com/,Portail fabricant,Marque; documents par produit,Moyenne,Portail officiel trouvé et vérifié; PDF exact à sélectionner lorsque précisé,,https://data.energystar.gov/Active-Specifications/ENERGY-STAR-Certified-Ducted-Heat-Pumps/3m3x-a2hy
Ducane,7HP14F SERIES,7HP14F36P-**A,central,https://www.ducanehvac.com/,Portail fabricant,Marque; documents par produit,Moyenne,Portail officiel trouvé et vérifié; PDF exact à sélectionner lorsque précisé,,https://data.energystar.gov/Active-Specifications/ENERGY-STAR-Certified-Ducted-Heat-Pumps/3m3x-a2hy
Ducane,7HP19V SERIES,7HP19V36P-**A,central,https://www.ducanehvac.com/,Portail fabricant,Marque; documents par produit,Moyenne,Portail officiel trouvé et vérifié; PDF exact à sélectionner lorsque précisé,,https://data.energystar.gov/Active-Specifications/ENERGY-STAR-Certified-Ducted-Heat-Pumps/3m3x-a2hy
Ducane,7HP19V SERIES,7HP19V60P-**A,central,https://www.ducanehvac.com/,Portail fabricant,Marque; documents par produit,Moyenne,Portail officiel trouvé et vérifié; PDF exact à sélectionner lorsque précisé,,https://data.energystar.gov/Active-Specifications/ENERGY-STAR-Certified-Ducted-Heat-Pumps/3m3x-a2hy
Ducane,7SCP18V Series,7SCP18V24P-**A,central,https://www.ducanehvac.com/,Portail fabricant,Marque; documents par produit,Moyenne,Portail officiel trouvé et vérifié; PDF exact à sélectionner lorsque précisé,,https://data.energystar.gov/Active-Specifications/ENERGY-STAR-Certified-Ducted-Heat-Pumps/3m3x-a2hy
Ducane,7SCP18V Series,7SCP18V36P-**A,central,https://www.ducanehvac.com/,Portail fabricant,Marque; documents par produit,Moyenne,Portail officiel trouvé et vérifié; PDF exact à sélectionner lorsque précisé,,https://data.energystar.gov/Active-Specifications/ENERGY-STAR-Certified-Ducted-Heat-Pumps/3m3x-a2hy
Ducane,7SCP18V Series,7SCP18V60P-**A,central,https://www.ducanehvac.com/,Portail fabricant,Marque; documents par produit,Moyenne,Portail officiel trouvé et vérifié; PDF exact à sélectionner lorsque précisé,,https://data.energystar.gov/Active-Specifications/ENERGY-STAR-Certified-Ducted-Heat-Pumps/3m3x-a2hy
Ducane,7SHP15V Series,7SHP15V18P-**A,central,https://www.ducanehvac.com/,Portail fabricant,Marque; documents par produit,Moyenne,Portail officiel trouvé et vérifié; PDF exact à sélectionner lorsque précisé,,https://data.energystar.gov/Active-Specifications/ENERGY-STAR-Certified-Ducted-Heat-Pumps/3m3x-a2hy
Ducane,7SHP15V Series,7SHP15V24P-**A,central,https://www.ducanehvac.com/,Portail fabricant,Marque; documents par produit,Moyenne,Portail officiel trouvé et vérifié; PDF exact à sélectionner lorsque précisé,,https://data.energystar.gov/Active-Specifications/ENERGY-STAR-Certified-Ducted-Heat-Pumps/3m3x-a2hy
Ducane,7SHP15V Series,7SHP15V30P-**A,central,https://www.ducanehvac.com/,Portail fabricant,Marque; documents par produit,Moyenne,Portail officiel trouvé et vérifié; PDF exact à sélectionner lorsque précisé,,https://data.energystar.gov/Active-Specifications/ENERGY-STAR-Certified-Ducted-Heat-Pumps/3m3x-a2hy
DUOHOME,DOT-D24HNR8-EA01(J0),DOT-D24HNR8-EA01(J0),central,,,,Non établi,Aucune brochure publique suffisamment précise confirmée après recherche approfondie,Code exact recherché dans les sources fabricant et index publics; ne pas associer un PDF générique.,https://data.energystar.gov/Active-Specifications/ENERGY-STAR-Certified-Ducted-Heat-Pumps/3m3x-a2hy
DUOHOME,DOT-D36HNR8-EA01(J0),DOT-D36HNR8-EA01(J0),central,,,,Non établi,Aucune brochure publique suffisamment précise confirmée après recherche approfondie,Code exact recherché dans les sources fabricant et index publics; ne pas associer un PDF générique.,https://data.energystar.gov/Active-Specifications/ENERGY-STAR-Certified-Ducted-Heat-Pumps/3m3x-a2hy
DUOHOME,DOT-D48HNR8-GA01(J0),DOT-D48HNR8-GA01(J0),central,,,,Non établi,Aucune brochure publique suffisamment précise confirmée après recherche approfondie,Code exact recherché dans les sources fabricant et index publics; ne pas associer un PDF générique.,https://data.energystar.gov/Active-Specifications/ENERGY-STAR-Certified-Ducted-Heat-Pumps/3m3x-a2hy
DUOHOME,DOT-D60HNR8-GA01(J0),DOT-D60HNR8-GA01(J0),central,,,,Non établi,Aucune brochure publique suffisamment précise confirmée après recherche approfondie,Code exact recherché dans les sources fabricant et index publics; ne pas associer un PDF générique.,https://data.energystar.gov/Active-Specifications/ENERGY-STAR-Certified-Ducted-Heat-Pumps/3m3x-a2hy
DuraSTAR,DRU Series,DRU1H18S2A,central,,,,Non établi,Aucune brochure publique suffisamment précise confirmée après recherche approfondie,Code exact recherché dans les sources fabricant et index publics; ne pas associer un PDF générique.,https://data.energystar.gov/Active-Specifications/ENERGY-STAR-Certified-Ducted-Heat-Pumps/3m3x-a2hy
DuraSTAR,DRU Series,DRU1H24S2A,central,,,,Non établi,Aucune brochure publique suffisamment précise confirmée après recherche approfondie,Code exact recherché dans les sources fabricant et index publics; ne pas associer un PDF générique.,https://data.energystar.gov/Active-Specifications/ENERGY-STAR-Certified-Ducted-Heat-Pumps/3m3x-a2hy
DuraSTAR,DRU Series,DRU1H30S2A,central,,,,Non établi,Aucune brochure publique suffisamment précise confirmée après recherche approfondie,Code exact recherché dans les sources fabricant et index publics; ne pas associer un PDF générique.,https://data.energystar.gov/Active-Specifications/ENERGY-STAR-Certified-Ducted-Heat-Pumps/3m3x-a2hy
DuraSTAR,DRU Series,DRU1H36S2A,central,,,,Non établi,Aucune brochure publique suffisamment précise confirmée après recherche approfondie,Code exact recherché dans les sources fabricant et index publics; ne pas associer un PDF générique.,https://data.energystar.gov/Active-Specifications/ENERGY-STAR-Certified-Ducted-Heat-Pumps/3m3x-a2hy
DuraSTAR,DRU Series,DRU1H42S2A,central,,,,Non établi,Aucune brochure publique suffisamment précise confirmée après recherche approfondie,Code exact recherché dans les sources fabricant et index publics; ne pas associer un PDF générique.,https://data.energystar.gov/Active-Specifications/ENERGY-STAR-Certified-Ducted-Heat-Pumps/3m3x-a2hy
DuraSTAR,DRU Series,DRU1H49S2A,central,,,,Non établi,Aucune brochure publique suffisamment précise confirmée après recherche approfondie,Code exact recherché dans les sources fabricant et index publics; ne pas associer un PDF générique.,https://data.energystar.gov/Active-Specifications/ENERGY-STAR-Certified-Ducted-Heat-Pumps/3m3x-a2hy
DuraSTAR,DRU Series,DRU1U18S2A,central,,,,Non établi,Aucune brochure publique suffisamment précise confirmée après recherche approfondie,Code exact recherché dans les sources fabricant et index publics; ne pas associer un PDF générique.,https://data.energystar.gov/Active-Specifications/ENERGY-STAR-Certified-Ducted-Heat-Pumps/3m3x-a2hy
DuraSTAR,DRU Series,DRU1U24S2A,central,,,,Non établi,Aucune brochure publique suffisamment précise confirmée après recherche approfondie,Code exact recherché dans les sources fabricant et index publics; ne pas associer un PDF générique.,https://data.energystar.gov/Active-Specifications/ENERGY-STAR-Certified-Ducted-Heat-Pumps/3m3x-a2hy
DuraSTAR,DRU Series,DRU1U30S2A,central,,,,Non établi,Aucune brochure publique suffisamment précise confirmée après recherche approfondie,Code exact recherché dans les sources fabricant et index publics; ne pas associer un PDF générique.,https://data.energystar.gov/Active-Specifications/ENERGY-STAR-Certified-Ducted-Heat-Pumps/3m3x-a2hy
DuraSTAR,DRU Series,DRU1U36S2A,central,,,,Non établi,Aucune brochure publique suffisamment précise confirmée après recherche approfondie,Code exact recherché dans les sources fabricant et index publics; ne pas associer un PDF générique.,https://data.energystar.gov/Active-Specifications/ENERGY-STAR-Certified-Ducted-Heat-Pumps/3m3x-a2hy
DuraSTAR,DRU Series,DRU1U48S2A,central,,,,Non établi,Aucune brochure publique suffisamment précise confirmée après recherche approfondie,Code exact recherché dans les sources fabricant et index publics; ne pas associer un PDF générique.,https://data.energystar.gov/Active-Specifications/ENERGY-STAR-Certified-Ducted-Heat-Pumps/3m3x-a2hy
DuraSTAR,DRU Series,DRU1U60S2A,central,,,,Non établi,Aucune brochure publique suffisamment précise confirmée après recherche approfondie,Code exact recherché dans les sources fabricant et index publics; ne pas associer un PDF générique.,https://data.energystar.gov/Active-Specifications/ENERGY-STAR-Certified-Ducted-Heat-Pumps/3m3x-a2hy
ECO AIR,EDMO Series,EDMO-18E-3GX,ductless,,,,Non établi,Aucune brochure publique suffisamment précise confirmée après recherche approfondie,Code exact recherché dans les sources fabricant et index publics; ne pas associer un PDF générique.,https://data.energystar.gov/Active-Specifications/ENERGY-STAR-Certified-Mini-Split-Heat-Pumps/akti-mt5s
ECO AIR,EDMO Series,EDMO-18H-3GX,ductless,,,,Non établi,Aucune brochure publique suffisamment précise confirmée après recherche approfondie,Code exact recherché dans les sources fabricant et index publics; ne pas associer un PDF générique.,https://data.energystar.gov/Active-Specifications/ENERGY-STAR-Certified-Mini-Split-Heat-Pumps/akti-mt5s
ECO AIR,EDMO Series,EDMO-27E-4GX,ductless,,,,Non établi,Aucune brochure publique suffisamment précise confirmée après recherche approfondie,Code exact recherché dans les sources fabricant et index publics; ne pas associer un PDF générique.,https://data.energystar.gov/Active-Specifications/ENERGY-STAR-Certified-Mini-Split-Heat-Pumps/akti-mt5s
ECO AIR,EDMO Series,EDMO-27H-4GX,ductless,,,,Non établi,Aucune brochure publique suffisamment précise confirmée après recherche approfondie,Code exact recherché dans les sources fabricant et index publics; ne pas associer un PDF générique.,https://data.energystar.gov/Active-Specifications/ENERGY-STAR-Certified-Mini-Split-Heat-Pumps/akti-mt5s
ECO AIR,EDMO Series,EDMO-36E-5GX,ductless,,,,Non établi,Aucune brochure publique suffisamment précise confirmée après recherche approfondie,Code exact recherché dans les sources fabricant et index publics; ne pas associer un PDF générique.,https://data.energystar.gov/Active-Specifications/ENERGY-STAR-Certified-Mini-Split-Heat-Pumps/akti-mt5s
ECO AIR,EDMO Series,EDMO-36H-5GX,ductless,,,,Non établi,Aucune brochure publique suffisamment précise confirmée après recherche approfondie,Code exact recherché dans les sources fabricant et index publics; ne pas associer un PDF générique.,https://data.energystar.gov/Active-Specifications/ENERGY-STAR-Certified-Mini-Split-Heat-Pumps/akti-mt5s
ECO AIR,EDMO Series,EDMO-48E-6GX,ductless,,,,Non établi,Aucune brochure publique suffisamment précise confirmée après recherche approfondie,Code exact recherché dans les sources fabricant et index publics; ne pas associer un PDF générique.,https://data.energystar.gov/Active-Specifications/ENERGY-STAR-Certified-Mini-Split-Heat-Pumps/akti-mt5s
ECO AIR,EDMO Series,EDMO-48H-6GX,ductless,,,,Non établi,Aucune brochure publique suffisamment précise confirmée après recherche approfondie,Code exact recherché dans les sources fabricant et index publics; ne pas associer un PDF générique.,https://data.energystar.gov/Active-Specifications/ENERGY-STAR-Certified-Mini-Split-Heat-Pumps/akti-mt5s
ECO AIR,EDMO Series,EDMO-53H-6GX,ductless,,,,Non établi,Aucune brochure publique suffisamment précise confirmée après recherche approfondie,Code exact recherché dans les sources fabricant et index publics; ne pas associer un PDF générique.,https://data.energystar.gov/Active-Specifications/ENERGY-STAR-Certified-Mini-Split-Heat-Pumps/akti-mt5s
ECOER,TDi Select 2,EODA17H-2436AD*,central,,,,Non établi,Aucune brochure publique suffisamment précise confirmée après recherche approfondie,Code exact recherché dans les sources fabricant et index publics; ne pas associer un PDF générique.,https://data.energystar.gov/Active-Specifications/ENERGY-STAR-Certified-Ducted-Heat-Pumps/3m3x-a2hy
ECOER,TDi Select 2,EODA17H-4860AD*,central,,,,Non établi,Aucune brochure publique suffisamment précise confirmée après recherche approfondie,Code exact recherché dans les sources fabricant et index publics; ne pas associer un PDF générique.,https://data.energystar.gov/Active-Specifications/ENERGY-STAR-Certified-Ducted-Heat-Pumps/3m3x-a2hy
Elios,ESH Series,ESHBA30C2AN*,ductless,,,,Non établi,Aucune brochure publique suffisamment précise confirmée après recherche approfondie,Code exact recherché dans les sources fabricant et index publics; ne pas associer un PDF générique.,https://data.energystar.gov/Active-Specifications/ENERGY-STAR-Certified-Mini-Split-Heat-Pumps/akti-mt5s
Elios,ESH Series,ESHBA36C2AN*,ductless,,,,Non établi,Aucune brochure publique suffisamment précise confirmée après recherche approfondie,Code exact recherché dans les sources fabricant et index publics; ne pas associer un PDF générique.,https://data.energystar.gov/Active-Specifications/ENERGY-STAR-Certified-Mini-Split-Heat-Pumps/akti-mt5s
Elios,ESH Series,ESHMA15C2AN1,ductless,,,,Non établi,Aucune brochure publique suffisamment précise confirmée après recherche approfondie,Code exact recherché dans les sources fabricant et index publics; ne pas associer un PDF générique.,https://data.energystar.gov/Active-Specifications/ENERGY-STAR-Certified-Mini-Split-Heat-Pumps/akti-mt5s
EMI,MHS Series,MHSD118DACFC,central,,,,Non établi,Aucune brochure publique suffisamment précise confirmée après recherche approfondie,Code exact recherché dans les sources fabricant et index publics; ne pas associer un PDF générique.,https://data.energystar.gov/Active-Specifications/ENERGY-STAR-Certified-Ducted-Heat-Pumps/3m3x-a2hy
EMI,MHS Series,MHSD124DACFC,central,,,,Non établi,Aucune brochure publique suffisamment précise confirmée après recherche approfondie,Code exact recherché dans les sources fabricant et index publics; ne pas associer un PDF générique.,https://data.energystar.gov/Active-Specifications/ENERGY-STAR-Certified-Ducted-Heat-Pumps/3m3x-a2hy
EMI,MHS Series,MHSD130DACFC,central,,,,Non établi,Aucune brochure publique suffisamment précise confirmée après recherche approfondie,Code exact recherché dans les sources fabricant et index publics; ne pas associer un PDF générique.,https://data.energystar.gov/Active-Specifications/ENERGY-STAR-Certified-Ducted-Heat-Pumps/3m3x-a2hy
EMI,MHS Series,MHSD136DACFC,central,,,,Non établi,Aucune brochure publique suffisamment précise confirmée après recherche approfondie,Code exact recherché dans les sources fabricant et index publics; ne pas associer un PDF générique.,https://data.energystar.gov/Active-Specifications/ENERGY-STAR-Certified-Ducted-Heat-Pumps/3m3x-a2hy
Endura,Endura Flex,HBEFL-OD12,ductless,,,,Non établi,Aucune brochure publique suffisamment précise confirmée après recherche approfondie,Code exact recherché dans les sources fabricant et index publics; ne pas associer un PDF générique.,https://data.energystar.gov/Active-Specifications/ENERGY-STAR-Certified-Mini-Split-Heat-Pumps/akti-mt5s
Endura,Endura Flex,HBEFL-OD18,ductless,,,,Non établi,Aucune brochure publique suffisamment précise confirmée après recherche approfondie,Code exact recherché dans les sources fabricant et index publics; ne pas associer un PDF générique.,https://data.energystar.gov/Active-Specifications/ENERGY-STAR-Certified-Mini-Split-Heat-Pumps/akti-mt5s
Endura,HB Endura Flex Multi,HBEFLM2-OD18,ductless,,,,Non établi,Aucune brochure publique suffisamment précise confirmée après recherche approfondie,Code exact recherché dans les sources fabricant et index publics; ne pas associer un PDF générique.,https://data.energystar.gov/Active-Specifications/ENERGY-STAR-Certified-Mini-Split-Heat-Pumps/akti-mt5s
Endura,HB Endura Flex Multi,HBEFLM3-OD27,ductless,,,,Non établi,Aucune brochure publique suffisamment précise confirmée après recherche approfondie,Code exact recherché dans les sources fabricant et index publics; ne pas associer un PDF générique.,https://data.energystar.gov/Active-Specifications/ENERGY-STAR-Certified-Mini-Split-Heat-Pumps/akti-mt5s
Endura,HB Endura Flex Multi,HBEFLM4-OD36,ductless,,,,Non établi,Aucune brochure publique suffisamment précise confirmée après recherche approfondie,Code exact recherché dans les sources fabricant et index publics; ne pas associer un PDF générique.,https://data.energystar.gov/Active-Specifications/ENERGY-STAR-Certified-Mini-Split-Heat-Pumps/akti-mt5s
Endura,HB Endura Flex Multi,HBEFLM5-OD42,ductless,,,,Non établi,Aucune brochure publique suffisamment précise confirmée après recherche approfondie,Code exact recherché dans les sources fabricant et index publics; ne pas associer un PDF générique.,https://data.energystar.gov/Active-Specifications/ENERGY-STAR-Certified-Mini-Split-Heat-Pumps/akti-mt5s
Endura,HB Endura Fusion Series,HBEFU-24R454B,central,,,,Non établi,Aucune brochure publique suffisamment précise confirmée après recherche approfondie,Code exact recherché dans les sources fabricant et index publics; ne pas associer un PDF générique.,https://data.energystar.gov/Active-Specifications/ENERGY-STAR-Certified-Ducted-Heat-Pumps/3m3x-a2hy
Endura,HB Endura Fusion Series,HBEFU-36R454B,central,,,,Non établi,Aucune brochure publique suffisamment précise confirmée après recherche approfondie,Code exact recherché dans les sources fabricant et index publics; ne pas associer un PDF générique.,https://data.energystar.gov/Active-Specifications/ENERGY-STAR-Certified-Ducted-Heat-Pumps/3m3x-a2hy
Endura,HB Endura Fusion Series,HBEFU-48R454B,central,,,,Non établi,Aucune brochure publique suffisamment précise confirmée après recherche approfondie,Code exact recherché dans les sources fabricant et index publics; ne pas associer un PDF générique.,https://data.energystar.gov/Active-Specifications/ENERGY-STAR-Certified-Ducted-Heat-Pumps/3m3x-a2hy
Endura,HB Endura Fusion Series,HBEFU-60R454B,central,,,,Non établi,Aucune brochure publique suffisamment précise confirmée après recherche approfondie,Code exact recherché dans les sources fabricant et index publics; ne pas associer un PDF générique.,https://data.energystar.gov/Active-Specifications/ENERGY-STAR-Certified-Ducted-Heat-Pumps/3m3x-a2hy
Endura,HB Endura Fusion-Coil,HBEFU-24R454B,central,,,,Non établi,Aucune brochure publique suffisamment précise confirmée après recherche approfondie,Code exact recherché dans les sources fabricant et index publics; ne pas associer un PDF générique.,https://data.energystar.gov/Active-Specifications/ENERGY-STAR-Certified-Ducted-Heat-Pumps/3m3x-a2hy
Endura,HB Endura Fusion-Coil,HBEFU-36R454B,central,,,,Non établi,Aucune brochure publique suffisamment précise confirmée après recherche approfondie,Code exact recherché dans les sources fabricant et index publics; ne pas associer un PDF générique.,https://data.energystar.gov/Active-Specifications/ENERGY-STAR-Certified-Ducted-Heat-Pumps/3m3x-a2hy
Endura,HB Endura Fusion-Coil,HBEFU-48R454B,central,,,,Non établi,Aucune brochure publique suffisamment précise confirmée après recherche approfondie,Code exact recherché dans les sources fabricant et index publics; ne pas associer un PDF générique.,https://data.energystar.gov/Active-Specifications/ENERGY-STAR-Certified-Ducted-Heat-Pumps/3m3x-a2hy
Endura,HB Endura Fusion-Coil,HBEFU-60R454B,central,,,,Non établi,Aucune brochure publique suffisamment précise confirmée après recherche approfondie,Code exact recherché dans les sources fabricant et index publics; ne pas associer un PDF générique.,https://data.energystar.gov/Active-Specifications/ENERGY-STAR-Certified-Ducted-Heat-Pumps/3m3x-a2hy
Endura,HB Endura Masterpak-X,HBEMPX-36U3RAHM,central,,,,Non établi,Aucune brochure publique suffisamment précise confirmée après recherche approfondie,Code exact recherché dans les sources fabricant et index publics; ne pas associer un PDF générique.,https://data.energystar.gov/Active-Specifications/ENERGY-STAR-Certified-Ducted-Heat-Pumps/3m3x-a2hy
EVCON,LX SERIES,RH630E2S11,central,,,,Non établi,Aucune brochure publique suffisamment précise confirmée après recherche approfondie,Code exact recherché dans les sources fabricant et index publics; ne pas associer un PDF générique.,https://data.energystar.gov/Active-Specifications/ENERGY-STAR-Certified-Ducted-Heat-Pumps/3m3x-a2hy
EVCON,LX SERIES,XH624E2S11,central,,,,Non établi,Aucune brochure publique suffisamment précise confirmée après recherche approfondie,Code exact recherché dans les sources fabricant et index publics; ne pas associer un PDF générique.,https://data.energystar.gov/Active-Specifications/ENERGY-STAR-Certified-Ducted-Heat-Pumps/3m3x-a2hy
EVCON,LX SERIES,XH636E2S11,central,,,,Non établi,Aucune brochure publique suffisamment précise confirmée après recherche approfondie,Code exact recherché dans les sources fabricant et index publics; ne pas associer un PDF générique.,https://data.energystar.gov/Active-Specifications/ENERGY-STAR-Certified-Ducted-Heat-Pumps/3m3x-a2hy
EVCON,LX SERIES,XH648E2S11,central,,,,Non établi,Aucune brochure publique suffisamment précise confirmée après recherche approfondie,Code exact recherché dans les sources fabricant et index publics; ne pas associer un PDF générique.,https://data.energystar.gov/Active-Specifications/ENERGY-STAR-Certified-Ducted-Heat-Pumps/3m3x-a2hy
EVCON,LX SERIES,XH660E2S11,central,,,,Non établi,Aucune brochure publique suffisamment précise confirmée après recherche approfondie,Code exact recherché dans les sources fabricant et index publics; ne pas associer un PDF générique.,https://data.energystar.gov/Active-Specifications/ENERGY-STAR-Certified-Ducted-Heat-Pumps/3m3x-a2hy
EVO AIR,EVOAIR A SERIES,EVO-TP-12ABTUO,ductless,,,,Non établi,Aucune brochure publique suffisamment précise confirmée après recherche approfondie,Code exact recherché dans les sources fabricant et index publics; ne pas associer un PDF générique.,https://data.energystar.gov/Active-Specifications/ENERGY-STAR-Certified-Mini-Split-Heat-Pumps/akti-mt5s
EVO AIR,EVOAIR B SERIES,EVO-TP-18ABTUO,ductless,,,,Non établi,Aucune brochure publique suffisamment précise confirmée après recherche approfondie,Code exact recherché dans les sources fabricant et index publics; ne pas associer un PDF générique.,https://data.energystar.gov/Active-Specifications/ENERGY-STAR-Certified-Mini-Split-Heat-Pumps/akti-mt5s
EVO AIR,EVOAIR B SERIES,EVO-TP-18BBTUO,ductless,,,,Non établi,Aucune brochure publique suffisamment précise confirmée après recherche approfondie,Code exact recherché dans les sources fabricant et index publics; ne pas associer un PDF générique.,https://data.energystar.gov/Active-Specifications/ENERGY-STAR-Certified-Mini-Split-Heat-Pumps/akti-mt5s
ForestAir,Split AHU,FA-H24-VKCE/OD-454,central,,,,Non établi,Aucune brochure publique suffisamment précise confirmée après recherche approfondie,Code exact recherché dans les sources fabricant et index publics; ne pas associer un PDF générique.,https://data.energystar.gov/Active-Specifications/ENERGY-STAR-Certified-Ducted-Heat-Pumps/3m3x-a2hy
ForestAir,Split AHU,FA-H36-VKCE/OD-454,central,,,,Non établi,Aucune brochure publique suffisamment précise confirmée après recherche approfondie,Code exact recherché dans les sources fabricant et index publics; ne pas associer un PDF générique.,https://data.energystar.gov/Active-Specifications/ENERGY-STAR-Certified-Ducted-Heat-Pumps/3m3x-a2hy
ForestAir,Split AHU,FA-H48-VKCE/OD-454,central,,,,Non établi,Aucune brochure publique suffisamment précise confirmée après recherche approfondie,Code exact recherché dans les sources fabricant et index publics; ne pas associer un PDF générique.,https://data.energystar.gov/Active-Specifications/ENERGY-STAR-Certified-Ducted-Heat-Pumps/3m3x-a2hy
ForestAir,Split AHU,FA-H60-VKCE/OD-454,central,,,,Non établi,Aucune brochure publique suffisamment précise confirmée après recherche approfondie,Code exact recherché dans les sources fabricant et index publics; ne pas associer un PDF générique.,https://data.energystar.gov/Active-Specifications/ENERGY-STAR-Certified-Ducted-Heat-Pumps/3m3x-a2hy
Franklin,MSH Series,MSH123F32MCAA,ductless,,,,Non établi,Aucune brochure publique suffisamment précise confirmée après recherche approfondie,Code exact recherché dans les sources fabricant et index publics; ne pas associer un PDF générique.,https://data.energystar.gov/Active-Specifications/ENERGY-STAR-Certified-Mini-Split-Heat-Pumps/akti-mt5s
Franklin,MSH Series,MSH183F32MCAA,ductless,,,,Non établi,Aucune brochure publique suffisamment précise confirmée après recherche approfondie,Code exact recherché dans les sources fabricant et index publics; ne pas associer un PDF générique.,https://data.energystar.gov/Active-Specifications/ENERGY-STAR-Certified-Mini-Split-Heat-Pumps/akti-mt5s
Franklin,MST Series,MST183F32MHAA,ductless,,,,Non établi,Aucune brochure publique suffisamment précise confirmée après recherche approfondie,Code exact recherché dans les sources fabricant et index publics; ne pas associer un PDF générique.,https://data.energystar.gov/Active-Specifications/ENERGY-STAR-Certified-Mini-Split-Heat-Pumps/akti-mt5s
Franklin,MST Series,MST273F32MHAA,ductless,,,,Non établi,Aucune brochure publique suffisamment précise confirmée après recherche approfondie,Code exact recherché dans les sources fabricant et index publics; ne pas associer un PDF générique.,https://data.energystar.gov/Active-Specifications/ENERGY-STAR-Certified-Mini-Split-Heat-Pumps/akti-mt5s
Fraser-Johnston,HMH7,HMH72B341,central,https://spring.yorknow.com/documentsearch/,Portail documentaire officiel JCI/York,Plateforme JCI; rechercher le SKU,Moyenne,Portail officiel trouvé et vérifié; PDF exact à sélectionner lorsque précisé,,https://data.energystar.gov/Active-Specifications/ENERGY-STAR-Certified-Ducted-Heat-Pumps/3m3x-a2hy
Fraser-Johnston,LX SERIES,HH824E2S11,central,https://spring.yorknow.com/documentsearch/,Portail documentaire officiel JCI/York,Plateforme JCI; rechercher le SKU,Moyenne,Portail officiel trouvé et vérifié; PDF exact à sélectionner lorsque précisé,,https://data.energystar.gov/Active-Specifications/ENERGY-STAR-Certified-Ducted-Heat-Pumps/3m3x-a2hy
Fraser-Johnston,LX SERIES,HH824E2S12,central,https://spring.yorknow.com/documentsearch/,Portail documentaire officiel JCI/York,Plateforme JCI; rechercher le SKU,Moyenne,Portail officiel trouvé et vérifié; PDF exact à sélectionner lorsque précisé,,https://data.energystar.gov/Active-Specifications/ENERGY-STAR-Certified-Ducted-Heat-Pumps/3m3x-a2hy
Fraser-Johnston,LX SERIES,HH836E2S11,central,https://spring.yorknow.com/documentsearch/,Portail documentaire officiel JCI/York,Plateforme JCI; rechercher le SKU,Moyenne,Portail officiel trouvé et vérifié; PDF exact à sélectionner lorsque précisé,,https://data.energystar.gov/Active-Specifications/ENERGY-STAR-Certified-Ducted-Heat-Pumps/3m3x-a2hy
Fraser-Johnston,LX SERIES,HH836E2S12,central,https://spring.yorknow.com/documentsearch/,Portail documentaire officiel JCI/York,Plateforme JCI; rechercher le SKU,Moyenne,Portail officiel trouvé et vérifié; PDF exact à sélectionner lorsque précisé,,https://data.energystar.gov/Active-Specifications/ENERGY-STAR-Certified-Ducted-Heat-Pumps/3m3x-a2hy
Fraser-Johnston,LX SERIES,HH860E2S11,central,https://spring.yorknow.com/documentsearch/,Portail documentaire officiel JCI/York,Plateforme JCI; rechercher le SKU,Moyenne,Portail officiel trouvé et vérifié; PDF exact à sélectionner lorsque précisé,,https://data.energystar.gov/Active-Specifications/ENERGY-STAR-Certified-Ducted-Heat-Pumps/3m3x-a2hy
Fraser-Johnston,LX SERIES,HH860E2S12,central,https://spring.yorknow.com/documentsearch/,Portail documentaire officiel JCI/York,Plateforme JCI; rechercher le SKU,Moyenne,Portail officiel trouvé et vérifié; PDF exact à sélectionner lorsque précisé,,https://data.energystar.gov/Active-Specifications/ENERGY-STAR-Certified-Ducted-Heat-Pumps/3m3x-a2hy
Fraser-Johnston,LX SERIES,XH518E2S11,central,https://spring.yorknow.com/documentsearch/,Portail documentaire officiel JCI/York,Plateforme JCI; rechercher le SKU,Moyenne,Portail officiel trouvé et vérifié; PDF exact à sélectionner lorsque précisé,,https://data.energystar.gov/Active-Specifications/ENERGY-STAR-Certified-Ducted-Heat-Pumps/3m3x-a2hy
Fraser-Johnston,LX SERIES,XH524E2S11,central,https://spring.yorknow.com/documentsearch/,Portail documentaire officiel JCI/York,Plateforme JCI; rechercher le SKU,Moyenne,Portail officiel trouvé et vérifié; PDF exact à sélectionner lorsque précisé,,https://data.energystar.gov/Active-Specifications/ENERGY-STAR-Certified-Ducted-Heat-Pumps/3m3x-a2hy
Fraser-Johnston,LX SERIES,XH536E2S11,central,https://spring.yorknow.com/documentsearch/,Portail documentaire officiel JCI/York,Plateforme JCI; rechercher le SKU,Moyenne,Portail officiel trouvé et vérifié; PDF exact à sélectionner lorsque précisé,,https://data.energystar.gov/Active-Specifications/ENERGY-STAR-Certified-Ducted-Heat-Pumps/3m3x-a2hy
Fraser-Johnston,LX SERIES,XH548E2S11,central,https://spring.yorknow.com/documentsearch/,Portail documentaire officiel JCI/York,Plateforme JCI; rechercher le SKU,Moyenne,Portail officiel trouvé et vérifié; PDF exact à sélectionner lorsque précisé,,https://data.energystar.gov/Active-Specifications/ENERGY-STAR-Certified-Ducted-Heat-Pumps/3m3x-a2hy
Fraser-Johnston,LX SERIES,XH560E2S11,central,https://spring.yorknow.com/documentsearch/,Portail documentaire officiel JCI/York,Plateforme JCI; rechercher le SKU,Moyenne,Portail officiel trouvé et vérifié; PDF exact à sélectionner lorsque précisé,,https://data.energystar.gov/Active-Specifications/ENERGY-STAR-Certified-Ducted-Heat-Pumps/3m3x-a2hy
Fraser-Johnston,LX SERIES,XH618E2S11,central,https://spring.yorknow.com/documentsearch/,Portail documentaire officiel JCI/York,Plateforme JCI; rechercher le SKU,Moyenne,Portail officiel trouvé et vérifié; PDF exact à sélectionner lorsque précisé,,https://data.energystar.gov/Active-Specifications/ENERGY-STAR-Certified-Ducted-Heat-Pumps/3m3x-a2hy
Fraser-Johnston,LX SERIES,XH624E2S11,central,https://spring.yorknow.com/documentsearch/,Portail documentaire officiel JCI/York,Plateforme JCI; rechercher le SKU,Moyenne,Portail officiel trouvé et vérifié; PDF exact à sélectionner lorsque précisé,,https://data.energystar.gov/Active-Specifications/ENERGY-STAR-Certified-Ducted-Heat-Pumps/3m3x-a2hy
Fraser-Johnston,LX SERIES,XH630E2S11,central,https://spring.yorknow.com/documentsearch/,Portail documentaire officiel JCI/York,Plateforme JCI; rechercher le SKU,Moyenne,Portail officiel trouvé et vérifié; PDF exact à sélectionner lorsque précisé,,https://data.energystar.gov/Active-Specifications/ENERGY-STAR-Certified-Ducted-Heat-Pumps/3m3x-a2hy
Fraser-Johnston,LX SERIES,XH636E2S11,central,https://spring.yorknow.com/documentsearch/,Portail documentaire officiel JCI/York,Plateforme JCI; rechercher le SKU,Moyenne,Portail officiel trouvé et vérifié; PDF exact à sélectionner lorsque précisé,,https://data.energystar.gov/Active-Specifications/ENERGY-STAR-Certified-Ducted-Heat-Pumps/3m3x-a2hy
Fraser-Johnston,LX SERIES,XH648E2S11,central,https://spring.yorknow.com/documentsearch/,Portail documentaire officiel JCI/York,Plateforme JCI; rechercher le SKU,Moyenne,Portail officiel trouvé et vérifié; PDF exact à sélectionner lorsque précisé,,https://data.energystar.gov/Active-Specifications/ENERGY-STAR-Certified-Ducted-Heat-Pumps/3m3x-a2hy
Fraser-Johnston,LX SERIES,XH660E2S11,central,https://spring.yorknow.com/documentsearch/,Portail documentaire officiel JCI/York,Plateforme JCI; rechercher le SKU,Moyenne,Portail officiel trouvé et vérifié; PDF exact à sélectionner lorsque précisé,,https://data.energystar.gov/Active-Specifications/ENERGY-STAR-Certified-Ducted-Heat-Pumps/3m3x-a2hy
Fraser-Johnston,LX SERIES,XH936E2C11,central,https://spring.yorknow.com/documentsearch/,Portail documentaire officiel JCI/York,Plateforme JCI; rechercher le SKU,Moyenne,Portail officiel trouvé et vérifié; PDF exact à sélectionner lorsque précisé,,https://data.energystar.gov/Active-Specifications/ENERGY-STAR-Certified-Ducted-Heat-Pumps/3m3x-a2hy
Fraser-Johnston,LX SERIES,XH960E2C11,central,https://spring.yorknow.com/documentsearch/,Portail documentaire officiel JCI/York,Plateforme JCI; rechercher le SKU,Moyenne,Portail officiel trouvé et vérifié; PDF exact à sélectionner lorsque précisé,,https://data.energystar.gov/Active-Specifications/ENERGY-STAR-Certified-Ducted-Heat-Pumps/3m3x-a2hy
Fraser-Johnston,PH9,PH9E36N00D21,central,https://spring.yorknow.com/documentsearch/,Portail documentaire officiel JCI/York,Plateforme JCI; rechercher le SKU,Moyenne,Portail officiel trouvé et vérifié; PDF exact à sélectionner lorsque précisé,,https://data.energystar.gov/Active-Specifications/ENERGY-STAR-Certified-Ducted-Heat-Pumps/3m3x-a2hy
Fraser-Johnston,PH9,PH9E60N00D21,central,https://spring.yorknow.com/documentsearch/,Portail documentaire officiel JCI/York,Plateforme JCI; rechercher le SKU,Moyenne,Portail officiel trouvé et vérifié; PDF exact à sélectionner lorsque précisé,,https://data.energystar.gov/Active-Specifications/ENERGY-STAR-Certified-Ducted-Heat-Pumps/3m3x-a2hy
Fraser-Johnston,PL5,PL5E60N00D21,central,https://spring.yorknow.com/documentsearch/,Portail documentaire officiel JCI/York,Plateforme JCI; rechercher le SKU,Moyenne,Portail officiel trouvé et vérifié; PDF exact à sélectionner lorsque précisé,,https://data.energystar.gov/Active-Specifications/ENERGY-STAR-Certified-Ducted-Heat-Pumps/3m3x-a2hy
Fraser-Johnston,XD5,XD524E2D11,central,https://spring.yorknow.com/documentsearch/,Portail documentaire officiel JCI/York,Plateforme JCI; rechercher le SKU,Moyenne,Portail officiel trouvé et vérifié; PDF exact à sélectionner lorsque précisé,,https://data.energystar.gov/Active-Specifications/ENERGY-STAR-Certified-Ducted-Heat-Pumps/3m3x-a2hy
Fraser-Johnston,XD5,XD536E2D11,central,https://spring.yorknow.com/documentsearch/,Portail documentaire officiel JCI/York,Plateforme JCI; rechercher le SKU,Moyenne,Portail officiel trouvé et vérifié; PDF exact à sélectionner lorsque précisé,,https://data.energystar.gov/Active-Specifications/ENERGY-STAR-Certified-Ducted-Heat-Pumps/3m3x-a2hy
Fraser-Johnston,XD5,XD560E2D11,central,https://spring.yorknow.com/documentsearch/,Portail documentaire officiel JCI/York,Plateforme JCI; rechercher le SKU,Moyenne,Portail officiel trouvé et vérifié; PDF exact à sélectionner lorsque précisé,,https://data.energystar.gov/Active-Specifications/ENERGY-STAR-Certified-Ducted-Heat-Pumps/3m3x-a2hy
Fraser-Johnston,XDV,XDV36E2D11,central,https://spring.yorknow.com/documentsearch/,Portail documentaire officiel JCI/York,Plateforme JCI; rechercher le SKU,Moyenne,Portail officiel trouvé et vérifié; PDF exact à sélectionner lorsque précisé,,https://data.energystar.gov/Active-Specifications/ENERGY-STAR-Certified-Ducted-Heat-Pumps/3m3x-a2hy
Fraser-Johnston,XDV,XDV60E2D11,central,https://spring.yorknow.com/documentsearch/,Portail documentaire officiel JCI/York,Plateforme JCI; rechercher le SKU,Moyenne,Portail officiel trouvé et vérifié; PDF exact à sélectionner lorsque précisé,,https://data.energystar.gov/Active-Specifications/ENERGY-STAR-Certified-Ducted-Heat-Pumps/3m3x-a2hy
Friedrich,F Series | F-Series,FRP14AY42AJ2N,central,,,,Non établi,Aucune brochure publique suffisamment précise confirmée après recherche approfondie,Code exact recherché dans les sources fabricant et index publics; ne pas associer un PDF générique.,https://data.energystar.gov/Active-Specifications/ENERGY-STAR-Certified-Ducted-Heat-Pumps/3m3x-a2hy
Friedrich,F-SERIES | F-Series,FRP14AY42AJ2N,central,,,,Non établi,Aucune brochure publique suffisamment précise confirmée après recherche approfondie,Code exact recherché dans les sources fabricant et index publics; ne pas associer un PDF générique.,https://data.energystar.gov/Active-Specifications/ENERGY-STAR-Certified-Ducted-Heat-Pumps/3m3x-a2hy
Friedrich,F-Series Plus,FRP17AY24AJVC,central,,,,Non établi,Aucune brochure publique suffisamment précise confirmée après recherche approfondie,Code exact recherché dans les sources fabricant et index publics; ne pas associer un PDF générique.,https://data.energystar.gov/Active-Specifications/ENERGY-STAR-Certified-Ducted-Heat-Pumps/3m3x-a2hy
Friedrich,F-Series Plus,FRP17AY36AJVC,central,,,,Non établi,Aucune brochure publique suffisamment précise confirmée après recherche approfondie,Code exact recherché dans les sources fabricant et index publics; ne pas associer un PDF générique.,https://data.energystar.gov/Active-Specifications/ENERGY-STAR-Certified-Ducted-Heat-Pumps/3m3x-a2hy
Friedrich,F-Series Plus,FRP17AY48AJVC,central,,,,Non établi,Aucune brochure publique suffisamment précise confirmée après recherche approfondie,Code exact recherché dans les sources fabricant et index publics; ne pas associer un PDF générique.,https://data.energystar.gov/Active-Specifications/ENERGY-STAR-Certified-Ducted-Heat-Pumps/3m3x-a2hy
Friedrich,F-Series Plus,FRP17AY60AJVC,central,,,,Non établi,Aucune brochure publique suffisamment précise confirmée après recherche approfondie,Code exact recherché dans les sources fabricant et index publics; ne pas associer un PDF générique.,https://data.energystar.gov/Active-Specifications/ENERGY-STAR-Certified-Ducted-Heat-Pumps/3m3x-a2hy
Fujitsu,AIRSTAGE H series,AOUH09KMAS1,ductless,https://www.fujitsugeneral.com/us/resources/pdf/support/downloads/pdf-fcus-support-ctlg-626fg2028-2026-03.pdf,Catalogue technique PDF,Famille 2026,Élevée,Document officiel trouvé et examiné,,https://data.energystar.gov/Active-Specifications/ENERGY-STAR-Certified-Mini-Split-Heat-Pumps/akti-mt5s
Fujitsu,AIRSTAGE H series,AOUH09KPAS1,ductless,https://www.fujitsugeneral.com/us/resources/pdf/support/downloads/pdf-fcus-support-ctlg-626fg2028-2026-03.pdf,Catalogue technique PDF,Famille 2026,Élevée,Document officiel trouvé et examiné,,https://data.energystar.gov/Active-Specifications/ENERGY-STAR-Certified-Mini-Split-Heat-Pumps/akti-mt5s
Fujitsu,AIRSTAGE H series,AOUH12KMAS1,ductless,https://www.fujitsugeneral.com/us/resources/pdf/support/downloads/pdf-fcus-support-ctlg-626fg2028-2026-03.pdf,Catalogue technique PDF,Famille 2026,Élevée,Document officiel trouvé et examiné,,https://data.energystar.gov/Active-Specifications/ENERGY-STAR-Certified-Mini-Split-Heat-Pumps/akti-mt5s
Fujitsu,AIRSTAGE H series,AOUH12KPAS1,ductless,https://www.fujitsugeneral.com/us/resources/pdf/support/downloads/pdf-fcus-support-ctlg-626fg2028-2026-03.pdf,Catalogue technique PDF,Famille 2026,Élevée,Document officiel trouvé et examiné,,https://data.energystar.gov/Active-Specifications/ENERGY-STAR-Certified-Mini-Split-Heat-Pumps/akti-mt5s
Fujitsu,AIRSTAGE H series,AOUH18KPAS1,ductless,https://www.fujitsugeneral.com/us/resources/pdf/support/downloads/pdf-fcus-support-ctlg-626fg2028-2026-03.pdf,Catalogue technique PDF,Famille 2026,Élevée,Document officiel trouvé et examiné,,https://data.energystar.gov/Active-Specifications/ENERGY-STAR-Certified-Mini-Split-Heat-Pumps/akti-mt5s
Fujitsu,AIRSTAGE H series,AOUH24KPAS1,ductless,https://www.fujitsugeneral.com/us/resources/pdf/support/downloads/pdf-fcus-support-ctlg-626fg2028-2026-03.pdf,Catalogue technique PDF,Famille 2026,Élevée,Document officiel trouvé et examiné,,https://data.energystar.gov/Active-Specifications/ENERGY-STAR-Certified-Mini-Split-Heat-Pumps/akti-mt5s
Fujitsu,AIRSTAGE H-Series,AOUH09KTAP1,ductless,https://www.fujitsugeneral.com/us/resources/pdf/support/downloads/pdf-fcus-support-ctlg-626fg2028-2026-03.pdf,Catalogue technique PDF,Famille 2026,Élevée,Document officiel trouvé et examiné,,https://data.energystar.gov/Active-Specifications/ENERGY-STAR-Certified-Mini-Split-Heat-Pumps/akti-mt5s
Fujitsu,AIRSTAGE H-Series,AOUH09KZAH1,ductless,https://www.fujitsugeneral.com/us/resources/pdf/support/downloads/pdf-fcus-support-ctlg-626fg2028-2026-03.pdf,Catalogue technique PDF,Famille 2026,Élevée,Document officiel trouvé et examiné,,https://data.energystar.gov/Active-Specifications/ENERGY-STAR-Certified-Mini-Split-Heat-Pumps/akti-mt5s
Fujitsu,AIRSTAGE H-Series,AOUH12KTAP1,ductless,https://www.fujitsugeneral.com/us/resources/pdf/support/downloads/pdf-fcus-support-ctlg-626fg2028-2026-03.pdf,Catalogue technique PDF,Famille 2026,Élevée,Document officiel trouvé et examiné,,https://data.energystar.gov/Active-Specifications/ENERGY-STAR-Certified-Mini-Split-Heat-Pumps/akti-mt5s
Fujitsu,AIRSTAGE H-Series,AOUH12KZAH1,ductless,https://www.fujitsugeneral.com/us/resources/pdf/support/downloads/pdf-fcus-support-ctlg-626fg2028-2026-03.pdf,Catalogue technique PDF,Famille 2026,Élevée,Document officiel trouvé et examiné,,https://data.energystar.gov/Active-Specifications/ENERGY-STAR-Certified-Mini-Split-Heat-Pumps/akti-mt5s
Fujitsu,AIRSTAGE H-Series,AOUH15KTAP1,ductless,https://www.fujitsugeneral.com/us/resources/pdf/support/downloads/pdf-fcus-support-ctlg-626fg2028-2026-03.pdf,Catalogue technique PDF,Famille 2026,Élevée,Document officiel trouvé et examiné,,https://data.energystar.gov/Active-Specifications/ENERGY-STAR-Certified-Mini-Split-Heat-Pumps/akti-mt5s
Fujitsu,AIRSTAGE H-Series,AOUH15KZAH1,ductless,https://www.fujitsugeneral.com/us/resources/pdf/support/downloads/pdf-fcus-support-ctlg-626fg2028-2026-03.pdf,Catalogue technique PDF,Famille 2026,Élevée,Document officiel trouvé et examiné,,https://data.energystar.gov/Active-Specifications/ENERGY-STAR-Certified-Mini-Split-Heat-Pumps/akti-mt5s
Fujitsu,AIRSTAGE H-Series,AOUH18KZAH1,ductless,https://www.fujitsugeneral.com/us/resources/pdf/support/downloads/pdf-fcus-support-ctlg-626fg2028-2026-03.pdf,Catalogue technique PDF,Famille 2026,Élevée,Document officiel trouvé et examiné,,https://data.energystar.gov/Active-Specifications/ENERGY-STAR-Certified-Mini-Split-Heat-Pumps/akti-mt5s
Fujitsu,AIRSTAGE H-Series,AOUH24KZAH1,ductless,https://www.fujitsugeneral.com/us/resources/pdf/support/downloads/pdf-fcus-support-ctlg-626fg2028-2026-03.pdf,Catalogue technique PDF,Famille 2026,Élevée,Document officiel trouvé et examiné,,https://data.energystar.gov/Active-Specifications/ENERGY-STAR-Certified-Mini-Split-Heat-Pumps/akti-mt5s
Fujitsu,AIRSTAGE H-Series,AOUH30KPAS1,ductless,https://www.fujitsugeneral.com/us/resources/pdf/support/downloads/pdf-fcus-support-ctlg-626fg2028-2026-03.pdf,Catalogue technique PDF,Famille 2026,Élevée,Document officiel trouvé et examiné,,https://data.energystar.gov/Active-Specifications/ENERGY-STAR-Certified-Mini-Split-Heat-Pumps/akti-mt5s
Fujitsu,AIRSTAGE H-Series,AOUH36KPAS1,ductless,https://www.fujitsugeneral.com/us/resources/pdf/support/downloads/pdf-fcus-support-ctlg-626fg2028-2026-03.pdf,Catalogue technique PDF,Famille 2026,Élevée,Document officiel trouvé et examiné,,https://data.energystar.gov/Active-Specifications/ENERGY-STAR-Certified-Mini-Split-Heat-Pumps/akti-mt5s
Fujitsu,J-7,AOUK036MSAN7,ductless,https://www.fujitsugeneral.com/us/products/vrf/pr/j7/index.html,Page fabricant,Série,Élevée,Portail officiel trouvé et vérifié; PDF exact à sélectionner lorsque précisé,,https://data.energystar.gov/Active-Specifications/ENERGY-STAR-Certified-Mini-Split-Heat-Pumps/akti-mt5s
Fujitsu,J-7,AOUK048MSAN7,ductless,https://www.fujitsugeneral.com/us/products/vrf/pr/j7/index.html,Page fabricant,Série,Élevée,Portail officiel trouvé et vérifié; PDF exact à sélectionner lorsque précisé,,https://data.energystar.gov/Active-Specifications/ENERGY-STAR-Certified-Mini-Split-Heat-Pumps/akti-mt5s
Fujitsu,J-7,AOUK060MSAN7,ductless,https://www.fujitsugeneral.com/us/products/vrf/pr/j7/index.html,Page fabricant,Série,Élevée,Portail officiel trouvé et vérifié; PDF exact à sélectionner lorsque précisé,,https://data.energystar.gov/Active-Specifications/ENERGY-STAR-Certified-Mini-Split-Heat-Pumps/akti-mt5s
GE Appliances,Altitude Single,1G09AD2BE**,ductless,https://www.geapplianceshvacandwater.ca/content/pdf/26-U2201_GE_Ductless_homeowner_brochure.pdf,Brochure PDF fabricant Canada,"Gammes Altitude, Endure et multi-zone",Élevée,Document officiel trouvé et examiné,,https://data.energystar.gov/Active-Specifications/ENERGY-STAR-Certified-Mini-Split-Heat-Pumps/akti-mt5s
GE Appliances,Altitude Single,1G12AD2BE**,ductless,https://www.geapplianceshvacandwater.ca/content/pdf/26-U2201_GE_Ductless_homeowner_brochure.pdf,Brochure PDF fabricant Canada,"Gammes Altitude, Endure et multi-zone",Élevée,Document officiel trouvé et examiné,,https://data.energystar.gov/Active-Specifications/ENERGY-STAR-Certified-Mini-Split-Heat-Pumps/akti-mt5s
GE Appliances,Altitude Single,1G18AD2BE**,ductless,https://www.geapplianceshvacandwater.ca/content/pdf/26-U2201_GE_Ductless_homeowner_brochure.pdf,Brochure PDF fabricant Canada,"Gammes Altitude, Endure et multi-zone",Élevée,Document officiel trouvé et examiné,,https://data.energystar.gov/Active-Specifications/ENERGY-STAR-Certified-Mini-Split-Heat-Pumps/akti-mt5s
GE Appliances,Connect 2026,NS15H18HA5***,central,https://www.geapplianceshvacandwater.ca/content/pdf/26-U2201_GE_Ductless_homeowner_brochure.pdf,Brochure PDF fabricant Canada,"Gammes Altitude, Endure et multi-zone",Élevée,Document officiel trouvé et examiné,,https://data.energystar.gov/Active-Specifications/ENERGY-STAR-Certified-Ducted-Heat-Pumps/3m3x-a2hy
GE Appliances,Connect 2026,NS15H24HA5***,central,https://www.geapplianceshvacandwater.ca/content/pdf/26-U2201_GE_Ductless_homeowner_brochure.pdf,Brochure PDF fabricant Canada,"Gammes Altitude, Endure et multi-zone",Élevée,Document officiel trouvé et examiné,,https://data.energystar.gov/Active-Specifications/ENERGY-STAR-Certified-Ducted-Heat-Pumps/3m3x-a2hy
GE Appliances,Connect 2026,NS15H30HA5***,central,https://www.geapplianceshvacandwater.ca/content/pdf/26-U2201_GE_Ductless_homeowner_brochure.pdf,Brochure PDF fabricant Canada,"Gammes Altitude, Endure et multi-zone",Élevée,Document officiel trouvé et examiné,,https://data.energystar.gov/Active-Specifications/ENERGY-STAR-Certified-Ducted-Heat-Pumps/3m3x-a2hy
GE Appliances,Connect,NS18H24HA5***,central,https://www.geapplianceshvacandwater.ca/content/pdf/26-U2201_GE_Ductless_homeowner_brochure.pdf,Brochure PDF fabricant Canada,"Gammes Altitude, Endure et multi-zone",Élevée,Document officiel trouvé et examiné,,https://data.energystar.gov/Active-Specifications/ENERGY-STAR-Certified-Ducted-Heat-Pumps/3m3x-a2hy
GE Appliances,Connect,NS18H36HA5***,central,https://www.geapplianceshvacandwater.ca/content/pdf/26-U2201_GE_Ductless_homeowner_brochure.pdf,Brochure PDF fabricant Canada,"Gammes Altitude, Endure et multi-zone",Élevée,Document officiel trouvé et examiné,,https://data.energystar.gov/Active-Specifications/ENERGY-STAR-Certified-Ducted-Heat-Pumps/3m3x-a2hy
GE Appliances,Connect,NS18H60HA5***,central,https://www.geapplianceshvacandwater.ca/content/pdf/26-U2201_GE_Ductless_homeowner_brochure.pdf,Brochure PDF fabricant Canada,"Gammes Altitude, Endure et multi-zone",Élevée,Document officiel trouvé et examiné,,https://data.energystar.gov/Active-Specifications/ENERGY-STAR-Certified-Ducted-Heat-Pumps/3m3x-a2hy
GE Appliances,Endure Single,1G09ED2BE**,ductless,https://www.geapplianceshvacandwater.ca/content/pdf/26-U2201_GE_Ductless_homeowner_brochure.pdf,Brochure PDF fabricant Canada,"Gammes Altitude, Endure et multi-zone",Élevée,Document officiel trouvé et examiné,,https://data.energystar.gov/Active-Specifications/ENERGY-STAR-Certified-Mini-Split-Heat-Pumps/akti-mt5s
GE Appliances,Endure Single,1G12ED2BE**,ductless,https://www.geapplianceshvacandwater.ca/content/pdf/26-U2201_GE_Ductless_homeowner_brochure.pdf,Brochure PDF fabricant Canada,"Gammes Altitude, Endure et multi-zone",Élevée,Document officiel trouvé et examiné,,https://data.energystar.gov/Active-Specifications/ENERGY-STAR-Certified-Mini-Split-Heat-Pumps/akti-mt5s
GE Appliances,Endure Single,1G18ED2BE**,ductless,https://www.geapplianceshvacandwater.ca/content/pdf/26-U2201_GE_Ductless_homeowner_brochure.pdf,Brochure PDF fabricant Canada,"Gammes Altitude, Endure et multi-zone",Élevée,Document officiel trouvé et examiné,,https://data.energystar.gov/Active-Specifications/ENERGY-STAR-Certified-Mini-Split-Heat-Pumps/akti-mt5s
GE Appliances,MRV 7S,MWHQ036NC2AA*,ductless,https://www.geapplianceshvacandwater.ca/content/pdf/26-U2201_GE_Ductless_homeowner_brochure.pdf,Brochure PDF fabricant Canada,"Gammes Altitude, Endure et multi-zone",Élevée,Document officiel trouvé et examiné,,https://data.energystar.gov/Active-Specifications/ENERGY-STAR-Certified-Mini-Split-Heat-Pumps/akti-mt5s
GE Appliances,MRV 7S,MWHQ048NC2AA*,ductless,https://www.geapplianceshvacandwater.ca/content/pdf/26-U2201_GE_Ductless_homeowner_brochure.pdf,Brochure PDF fabricant Canada,"Gammes Altitude, Endure et multi-zone",Élevée,Document officiel trouvé et examiné,,https://data.energystar.gov/Active-Specifications/ENERGY-STAR-Certified-Mini-Split-Heat-Pumps/akti-mt5s
GE Appliances,MRV 7S,MWHQ060NC2AA*,ductless,https://www.geapplianceshvacandwater.ca/content/pdf/26-U2201_GE_Ductless_homeowner_brochure.pdf,Brochure PDF fabricant Canada,"Gammes Altitude, Endure et multi-zone",Élevée,Document officiel trouvé et examiné,,https://data.energystar.gov/Active-Specifications/ENERGY-STAR-Certified-Mini-Split-Heat-Pumps/akti-mt5s
GE,NS16H SERIES,NS16H24SA5-**A,central,,,,Non établi,Aucune brochure publique suffisamment précise confirmée après recherche approfondie,Code exact recherché dans les sources fabricant et index publics; ne pas associer un PDF générique.,https://data.energystar.gov/Active-Specifications/ENERGY-STAR-Certified-Ducted-Heat-Pumps/3m3x-a2hy
GE,NS16H SERIES,NS16H30SA5-**A,central,,,,Non établi,Aucune brochure publique suffisamment précise confirmée après recherche approfondie,Code exact recherché dans les sources fabricant et index publics; ne pas associer un PDF générique.,https://data.energystar.gov/Active-Specifications/ENERGY-STAR-Certified-Ducted-Heat-Pumps/3m3x-a2hy
GE,NS19H SERIES,NS19H36MA5-**A,central,,,,Non établi,Aucune brochure publique suffisamment précise confirmée après recherche approfondie,Code exact recherché dans les sources fabricant et index publics; ne pas associer un PDF générique.,https://data.energystar.gov/Active-Specifications/ENERGY-STAR-Certified-Ducted-Heat-Pumps/3m3x-a2hy
GE,NS19H SERIES,NS19H60MA5-**A,central,,,,Non établi,Aucune brochure publique suffisamment précise confirmée après recherche approfondie,Code exact recherché dans les sources fabricant et index publics; ne pas associer un PDF générique.,https://data.energystar.gov/Active-Specifications/ENERGY-STAR-Certified-Ducted-Heat-Pumps/3m3x-a2hy
GE,NS21H SERIES,NS21H36MA5-**A,central,,,,Non établi,Aucune brochure publique suffisamment précise confirmée après recherche approfondie,Code exact recherché dans les sources fabricant et index publics; ne pas associer un PDF générique.,https://data.energystar.gov/Active-Specifications/ENERGY-STAR-Certified-Ducted-Heat-Pumps/3m3x-a2hy
Goodman,20 Series,2GMXTH18BVJN,ductless,https://www.goodmanmfg.com/support/literature-library,Bibliothèque fabricant,Série non appariée à un PDF exact,Moyenne,Portail officiel trouvé et vérifié; PDF exact à sélectionner lorsque précisé,,https://data.energystar.gov/Active-Specifications/ENERGY-STAR-Certified-Mini-Split-Heat-Pumps/akti-mt5s
Goodman,20 Series,GRXTH12BVJN,ductless,https://www.goodmanmfg.com/support/literature-library,Bibliothèque fabricant,Série non appariée à un PDF exact,Moyenne,Portail officiel trouvé et vérifié; PDF exact à sélectionner lorsque précisé,,https://data.energystar.gov/Active-Specifications/ENERGY-STAR-Certified-Mini-Split-Heat-Pumps/akti-mt5s
Goodman,20 Series,GRXTH18BVJN,ductless,https://www.goodmanmfg.com/support/literature-library,Bibliothèque fabricant,Série non appariée à un PDF exact,Moyenne,Portail officiel trouvé et vérifié; PDF exact à sélectionner lorsque précisé,,https://data.energystar.gov/Active-Specifications/ENERGY-STAR-Certified-Mini-Split-Heat-Pumps/akti-mt5s
Goodman,GLZS5B,GLZS5BA1810A*,central,https://www.goodmanmfg.com/support/literature-library,Bibliothèque fabricant,Série,Élevée,Portail officiel trouvé et vérifié; PDF exact à sélectionner lorsque précisé,,https://data.energystar.gov/Active-Specifications/ENERGY-STAR-Certified-Ducted-Heat-Pumps/3m3x-a2hy
Goodman,GLZS5B,GLZS5BA2410A*,central,https://www.goodmanmfg.com/support/literature-library,Bibliothèque fabricant,Série,Élevée,Portail officiel trouvé et vérifié; PDF exact à sélectionner lorsque précisé,,https://data.energystar.gov/Active-Specifications/ENERGY-STAR-Certified-Ducted-Heat-Pumps/3m3x-a2hy
Goodman,GLZS5B,GLZS5BA3010A*,central,https://www.goodmanmfg.com/support/literature-library,Bibliothèque fabricant,Série,Élevée,Portail officiel trouvé et vérifié; PDF exact à sélectionner lorsque précisé,,https://data.energystar.gov/Active-Specifications/ENERGY-STAR-Certified-Ducted-Heat-Pumps/3m3x-a2hy
Goodman,GLZS5B,GLZS5BA3610A*,central,https://www.goodmanmfg.com/support/literature-library,Bibliothèque fabricant,Série,Élevée,Portail officiel trouvé et vérifié; PDF exact à sélectionner lorsque précisé,,https://data.energystar.gov/Active-Specifications/ENERGY-STAR-Certified-Ducted-Heat-Pumps/3m3x-a2hy
Goodman,GLZS5B,GLZS5BA4210A*,central,https://www.goodmanmfg.com/support/literature-library,Bibliothèque fabricant,Série,Élevée,Portail officiel trouvé et vérifié; PDF exact à sélectionner lorsque précisé,,https://data.energystar.gov/Active-Specifications/ENERGY-STAR-Certified-Ducted-Heat-Pumps/3m3x-a2hy
Goodman,GLZS5B,GLZS5BA4810A*,central,https://www.goodmanmfg.com/support/literature-library,Bibliothèque fabricant,Série,Élevée,Portail officiel trouvé et vérifié; PDF exact à sélectionner lorsque précisé,,https://data.energystar.gov/Active-Specifications/ENERGY-STAR-Certified-Ducted-Heat-Pumps/3m3x-a2hy
Goodman,GLZS5B,GLZS5BA6010A*,central,https://www.goodmanmfg.com/support/literature-library,Bibliothèque fabricant,Série,Élevée,Portail officiel trouvé et vérifié; PDF exact à sélectionner lorsque précisé,,https://data.energystar.gov/Active-Specifications/ENERGY-STAR-Certified-Ducted-Heat-Pumps/3m3x-a2hy
Goodman,GZV6SA*M,GZV6SA121MA*,central,https://www.goodmanmfg.com/support/literature-library,Bibliothèque fabricant,Série,Élevée,Portail officiel trouvé et vérifié; PDF exact à sélectionner lorsque précisé,,https://data.energystar.gov/Active-Specifications/ENERGY-STAR-Certified-Ducted-Heat-Pumps/3m3x-a2hy
Goodman,GZV6SA*M,GZV6SA181MA*,central,https://www.goodmanmfg.com/support/literature-library,Bibliothèque fabricant,Série,Élevée,Portail officiel trouvé et vérifié; PDF exact à sélectionner lorsque précisé,,https://data.energystar.gov/Active-Specifications/ENERGY-STAR-Certified-Ducted-Heat-Pumps/3m3x-a2hy
Goodman,GZV6SA,GZV6SA1810A*,central,https://www.goodmanmfg.com/support/literature-library,Bibliothèque fabricant,Série,Élevée,Portail officiel trouvé et vérifié; PDF exact à sélectionner lorsque précisé,,https://data.energystar.gov/Active-Specifications/ENERGY-STAR-Certified-Ducted-Heat-Pumps/3m3x-a2hy
Goodman,GZV7SA,GZV7SA2410A*,central,https://apps.goodmanmfg.com/brochures/files/68ee64f3ed182SS-GZV7S-R32.pdf,Fiche technique PDF,Série et modèles,Élevée,Document officiel trouvé et examiné,,https://data.energystar.gov/Active-Specifications/ENERGY-STAR-Certified-Ducted-Heat-Pumps/3m3x-a2hy
Goodman,GZV7SA,GZV7SA3610A*,central,https://apps.goodmanmfg.com/brochures/files/68ee64f3ed182SS-GZV7S-R32.pdf,Fiche technique PDF,Série et modèles,Élevée,Document officiel trouvé et examiné,,https://data.energystar.gov/Active-Specifications/ENERGY-STAR-Certified-Ducted-Heat-Pumps/3m3x-a2hy
Goodman,MSH Series,MSH123G32MCAA,ductless,https://www.goodmanmfg.com/support/literature-library,Bibliothèque fabricant,Série non appariée à un PDF exact,Moyenne,Portail officiel trouvé et vérifié; PDF exact à sélectionner lorsque précisé,,https://data.energystar.gov/Active-Specifications/ENERGY-STAR-Certified-Mini-Split-Heat-Pumps/akti-mt5s
Goodman,MSH Series,MSH183G32MCAA,ductless,https://www.goodmanmfg.com/support/literature-library,Bibliothèque fabricant,Série non appariée à un PDF exact,Moyenne,Portail officiel trouvé et vérifié; PDF exact à sélectionner lorsque précisé,,https://data.energystar.gov/Active-Specifications/ENERGY-STAR-Certified-Mini-Split-Heat-Pumps/akti-mt5s
Goodman,MST Series,MST183G32MHAA,ductless,https://www.goodmanmfg.com/support/literature-library,Bibliothèque fabricant,Série non appariée à un PDF exact,Moyenne,Portail officiel trouvé et vérifié; PDF exact à sélectionner lorsque précisé,,https://data.energystar.gov/Active-Specifications/ENERGY-STAR-Certified-Mini-Split-Heat-Pumps/akti-mt5s
Goodman,MST Series,MST273G32MHAA,ductless,https://www.goodmanmfg.com/support/literature-library,Bibliothèque fabricant,Série non appariée à un PDF exact,Moyenne,Portail officiel trouvé et vérifié; PDF exact à sélectionner lorsque précisé,,https://data.energystar.gov/Active-Specifications/ENERGY-STAR-Certified-Mini-Split-Heat-Pumps/akti-mt5s
Grandaire,D5C Series,D5CUHAH18AAK,central,https://www.shareddocs.com/hvac/,Bibliothèque documentaire OEM Carrier/ICP,Marque privée ICP; rechercher le SKU,Faible,Portail officiel trouvé et vérifié; PDF exact à sélectionner lorsque précisé,,https://data.energystar.gov/Active-Specifications/ENERGY-STAR-Certified-Ducted-Heat-Pumps/3m3x-a2hy
Grandaire,D5C Series,D5CUHAH24AAK,central,https://www.shareddocs.com/hvac/,Bibliothèque documentaire OEM Carrier/ICP,Marque privée ICP; rechercher le SKU,Faible,Portail officiel trouvé et vérifié; PDF exact à sélectionner lorsque précisé,,https://data.energystar.gov/Active-Specifications/ENERGY-STAR-Certified-Ducted-Heat-Pumps/3m3x-a2hy
Grandaire,D5C Series,D5CUHAH30AAK,central,https://www.shareddocs.com/hvac/,Bibliothèque documentaire OEM Carrier/ICP,Marque privée ICP; rechercher le SKU,Faible,Portail officiel trouvé et vérifié; PDF exact à sélectionner lorsque précisé,,https://data.energystar.gov/Active-Specifications/ENERGY-STAR-Certified-Ducted-Heat-Pumps/3m3x-a2hy
Grandaire,D5C Series,D5CUHAH36AAK,central,https://www.shareddocs.com/hvac/,Bibliothèque documentaire OEM Carrier/ICP,Marque privée ICP; rechercher le SKU,Faible,Portail officiel trouvé et vérifié; PDF exact à sélectionner lorsque précisé,,https://data.energystar.gov/Active-Specifications/ENERGY-STAR-Certified-Ducted-Heat-Pumps/3m3x-a2hy
Grandaire,D5C Series,D5CURAH18AAK,central,https://www.shareddocs.com/hvac/,Bibliothèque documentaire OEM Carrier/ICP,Marque privée ICP; rechercher le SKU,Faible,Portail officiel trouvé et vérifié; PDF exact à sélectionner lorsque précisé,,https://data.energystar.gov/Active-Specifications/ENERGY-STAR-Certified-Ducted-Heat-Pumps/3m3x-a2hy
Grandaire,D5C Series,D5CURAH24AAK,central,https://www.shareddocs.com/hvac/,Bibliothèque documentaire OEM Carrier/ICP,Marque privée ICP; rechercher le SKU,Faible,Portail officiel trouvé et vérifié; PDF exact à sélectionner lorsque précisé,,https://data.energystar.gov/Active-Specifications/ENERGY-STAR-Certified-Ducted-Heat-Pumps/3m3x-a2hy
Grandaire,D5C Series,D5CURAH30AAK,central,https://www.shareddocs.com/hvac/,Bibliothèque documentaire OEM Carrier/ICP,Marque privée ICP; rechercher le SKU,Faible,Portail officiel trouvé et vérifié; PDF exact à sélectionner lorsque précisé,,https://data.energystar.gov/Active-Specifications/ENERGY-STAR-Certified-Ducted-Heat-Pumps/3m3x-a2hy
Grandaire,D5C Series,D5CURAH36AAK,central,https://www.shareddocs.com/hvac/,Bibliothèque documentaire OEM Carrier/ICP,Marque privée ICP; rechercher le SKU,Faible,Portail officiel trouvé et vérifié; PDF exact à sélectionner lorsque précisé,,https://data.energystar.gov/Active-Specifications/ENERGY-STAR-Certified-Ducted-Heat-Pumps/3m3x-a2hy
Grandaire,W5H Series,W5H9V18AKAAA,central,https://www.shareddocs.com/hvac/,Bibliothèque documentaire OEM Carrier/ICP,Marque privée ICP; rechercher le SKU,Faible,Portail officiel trouvé et vérifié; PDF exact à sélectionner lorsque précisé,,https://data.energystar.gov/Active-Specifications/ENERGY-STAR-Certified-Ducted-Heat-Pumps/3m3x-a2hy
Grandaire,W5H Series,W5H9V24AKAAA,central,https://www.shareddocs.com/hvac/,Bibliothèque documentaire OEM Carrier/ICP,Marque privée ICP; rechercher le SKU,Faible,Portail officiel trouvé et vérifié; PDF exact à sélectionner lorsque précisé,,https://data.energystar.gov/Active-Specifications/ENERGY-STAR-Certified-Ducted-Heat-Pumps/3m3x-a2hy
Grandaire,W5H Series,W5H9V30AKAAA,central,https://www.shareddocs.com/hvac/,Bibliothèque documentaire OEM Carrier/ICP,Marque privée ICP; rechercher le SKU,Faible,Portail officiel trouvé et vérifié; PDF exact à sélectionner lorsque précisé,,https://data.energystar.gov/Active-Specifications/ENERGY-STAR-Certified-Ducted-Heat-Pumps/3m3x-a2hy
Grandaire,W5H Series,W5H9V36AKAAA,central,https://www.shareddocs.com/hvac/,Bibliothèque documentaire OEM Carrier/ICP,Marque privée ICP; rechercher le SKU,Faible,Portail officiel trouvé et vérifié; PDF exact à sélectionner lorsque précisé,,https://data.energystar.gov/Active-Specifications/ENERGY-STAR-Certified-Ducted-Heat-Pumps/3m3x-a2hy
Grandaire,W5H Series,W5H9V48AKAAA,central,https://www.shareddocs.com/hvac/,Bibliothèque documentaire OEM Carrier/ICP,Marque privée ICP; rechercher le SKU,Faible,Portail officiel trouvé et vérifié; PDF exact à sélectionner lorsque précisé,,https://data.energystar.gov/Active-Specifications/ENERGY-STAR-Certified-Ducted-Heat-Pumps/3m3x-a2hy
Grandaire,W5H Series,W5H9V60AKAAA,central,https://www.shareddocs.com/hvac/,Bibliothèque documentaire OEM Carrier/ICP,Marque privée ICP; rechercher le SKU,Faible,Portail officiel trouvé et vérifié; PDF exact à sélectionner lorsque précisé,,https://data.energystar.gov/Active-Specifications/ENERGY-STAR-Certified-Ducted-Heat-Pumps/3m3x-a2hy
GREE,Charmo,GWH12ATCXB-A6DNA1A/O,ductless,https://www.greecomfort.com/our-products/,Bibliothèque produit fabricant,Série non appariée à un PDF exact,Moyenne,Portail officiel trouvé et vérifié; PDF exact à sélectionner lorsque précisé,,https://data.energystar.gov/Active-Specifications/ENERGY-STAR-Certified-Mini-Split-Heat-Pumps/akti-mt5s
GREE,Charmo,GWH12ATCXB-D6DNA1A/O,ductless,https://www.greecomfort.com/our-products/,Bibliothèque produit fabricant,Série non appariée à un PDF exact,Moyenne,Portail officiel trouvé et vérifié; PDF exact à sélectionner lorsque précisé,,https://data.energystar.gov/Active-Specifications/ENERGY-STAR-Certified-Mini-Split-Heat-Pumps/akti-mt5s
GREE,Charmo,GWH12ATDXE-D6DNA5C/O,ductless,https://www.greecomfort.com/our-products/,Bibliothèque produit fabricant,Série non appariée à un PDF exact,Moyenne,Portail officiel trouvé et vérifié; PDF exact à sélectionner lorsque précisé,,https://data.energystar.gov/Active-Specifications/ENERGY-STAR-Certified-Mini-Split-Heat-Pumps/akti-mt5s
GREE,FLEXX High-efficiency Series,GUD36W/A-D(U),central,https://www.greecomfort.com/assets/our-products/flexx/documents/flexx-sales-brochure-a.pdf,Brochure PDF,Série,Élevée,Document officiel trouvé et examiné,,https://data.energystar.gov/Active-Specifications/ENERGY-STAR-Certified-Ducted-Heat-Pumps/3m3x-a2hy
GREE,Free match | M-Series,GS6M60HP230V1MO,ductless,https://www.greecomfort.com/assets/our-products/multi-r32/documents/multi-r32-submittal-60mbh-a.pdf,Submittal PDF,Série; exact MUL60,Élevée,Document officiel trouvé et examiné,,https://data.energystar.gov/Active-Specifications/ENERGY-STAR-Certified-Mini-Split-Heat-Pumps/akti-mt5s
GREE,Free match | M-Series,GWHD(60)ND6MO,ductless,https://www.greecomfort.com/assets/our-products/multi-r32/documents/multi-r32-submittal-60mbh-a.pdf,Submittal PDF,Série; exact MUL60,Élevée,Document officiel trouvé et examiné,,https://data.energystar.gov/Active-Specifications/ENERGY-STAR-Certified-Mini-Split-Heat-Pumps/akti-mt5s
GREE,Free match | M-Series,MUL60HP230V1R32AO,ductless,https://www.greecomfort.com/assets/our-products/multi-r32/documents/multi-r32-submittal-60mbh-a.pdf,Submittal PDF,Série; exact MUL60,Élevée,Document officiel trouvé et examiné,,https://data.energystar.gov/Active-Specifications/ENERGY-STAR-Certified-Mini-Split-Heat-Pumps/akti-mt5s
GREE,Glovia,GWH09BDCXE-D6DNA1C/O,ductless,https://www.greecomfort.com/our-products/,Bibliothèque produit fabricant,Série non appariée à un PDF exact,Moyenne,Portail officiel trouvé et vérifié; PDF exact à sélectionner lorsque précisé,,https://data.energystar.gov/Active-Specifications/ENERGY-STAR-Certified-Mini-Split-Heat-Pumps/akti-mt5s
GREE,Glovia,GWH12BDCXE-D6DNA1C/O,ductless,https://www.greecomfort.com/our-products/,Bibliothèque produit fabricant,Série non appariée à un PDF exact,Moyenne,Portail officiel trouvé et vérifié; PDF exact à sélectionner lorsque précisé,,https://data.energystar.gov/Active-Specifications/ENERGY-STAR-Certified-Mini-Split-Heat-Pumps/akti-mt5s
GREE,Glovia,GWH18BDDXF-D6DNA1A/O,ductless,https://www.greecomfort.com/our-products/,Bibliothèque produit fabricant,Série non appariée à un PDF exact,Moyenne,Portail officiel trouvé et vérifié; PDF exact à sélectionner lorsque précisé,,https://data.energystar.gov/Active-Specifications/ENERGY-STAR-Certified-Mini-Split-Heat-Pumps/akti-mt5s
GREE,Glovia,GWH24BDEXF-D6DNA1A/O,ductless,https://www.greecomfort.com/our-products/,Bibliothèque produit fabricant,Série non appariée à un PDF exact,Moyenne,Portail officiel trouvé et vérifié; PDF exact à sélectionner lorsque précisé,,https://data.energystar.gov/Active-Specifications/ENERGY-STAR-Certified-Mini-Split-Heat-Pumps/akti-mt5s
GREE,Multi Zone Outdoor,WLWHD(18)ND3PO,ductless,https://truenorthbygree.ca/wp-content/uploads/2025/12/TrueNorth-Multi-zone-Brochure-20251211-FR_Web.pdf,Brochure PDF officielle régionale,Multi-zone 18 à 42k exacts,Élevée,Document officiel trouvé et examiné,,https://data.energystar.gov/Active-Specifications/ENERGY-STAR-Certified-Mini-Split-Heat-Pumps/akti-mt5s
GREE,Multi Zone Outdoor,WLWHD(24)ND3MO,ductless,https://truenorthbygree.ca/wp-content/uploads/2025/12/TrueNorth-Multi-zone-Brochure-20251211-FR_Web.pdf,Brochure PDF officielle régionale,Multi-zone 18 à 42k exacts,Élevée,Document officiel trouvé et examiné,,https://data.energystar.gov/Active-Specifications/ENERGY-STAR-Certified-Mini-Split-Heat-Pumps/akti-mt5s
GREE,Multi Zone Outdoor,WLWHD(30)ND3MO,ductless,https://truenorthbygree.ca/wp-content/uploads/2025/12/TrueNorth-Multi-zone-Brochure-20251211-FR_Web.pdf,Brochure PDF officielle régionale,Multi-zone 18 à 42k exacts,Élevée,Document officiel trouvé et examiné,,https://data.energystar.gov/Active-Specifications/ENERGY-STAR-Certified-Mini-Split-Heat-Pumps/akti-mt5s
GREE,Multi Zone Outdoor,WLWHD(36)ND3MO,ductless,https://truenorthbygree.ca/wp-content/uploads/2025/12/TrueNorth-Multi-zone-Brochure-20251211-FR_Web.pdf,Brochure PDF officielle régionale,Multi-zone 18 à 42k exacts,Élevée,Document officiel trouvé et examiné,,https://data.energystar.gov/Active-Specifications/ENERGY-STAR-Certified-Mini-Split-Heat-Pumps/akti-mt5s
GREE,Multi Zone Outdoor,WLWHD(42)ND3MO,ductless,https://truenorthbygree.ca/wp-content/uploads/2025/12/TrueNorth-Multi-zone-Brochure-20251211-FR_Web.pdf,Brochure PDF officielle régionale,Multi-zone 18 à 42k exacts,Élevée,Document officiel trouvé et examiné,,https://data.energystar.gov/Active-Specifications/ENERGY-STAR-Certified-Mini-Split-Heat-Pumps/akti-mt5s
GREE,Pular,GWH12AGDXF-D6DNA2B/O,ductless,https://www.greecomfort.com/our-products/,Bibliothèque produit fabricant,Série non appariée à un PDF exact,Moyenne,Portail officiel trouvé et vérifié; PDF exact à sélectionner lorsque précisé,,https://data.energystar.gov/Active-Specifications/ENERGY-STAR-Certified-Mini-Split-Heat-Pumps/akti-mt5s
GREE,Shimo,GWH09ATCXB-D6DNA4D/O,ductless,https://www.greecomfort.com/our-products/,Bibliothèque produit fabricant,Série non appariée à un PDF exact,Moyenne,Portail officiel trouvé et vérifié; PDF exact à sélectionner lorsque précisé,,https://data.energystar.gov/Active-Specifications/ENERGY-STAR-Certified-Mini-Split-Heat-Pumps/akti-mt5s
GREE,Shimo,GWH18ATDXD-D6DNA4F/O,ductless,https://www.greecomfort.com/our-products/,Bibliothèque produit fabricant,Série non appariée à un PDF exact,Moyenne,Portail officiel trouvé et vérifié; PDF exact à sélectionner lorsque précisé,,https://data.energystar.gov/Active-Specifications/ENERGY-STAR-Certified-Mini-Split-Heat-Pumps/akti-mt5s
GREE,Ultra Heat GMV6 Mini,KUV-36UHO,ductless,https://www.greecomfort.com/our-products/,Bibliothèque produit fabricant,Série non appariée à un PDF exact,Moyenne,Portail officiel trouvé et vérifié; PDF exact à sélectionner lorsque précisé,,https://data.energystar.gov/Active-Specifications/ENERGY-STAR-Certified-Mini-Split-Heat-Pumps/akti-mt5s
Guardian,ECO,GRC12CN23STG1,ductless,https://www.yorknow.com/residential-systems/ductless-mini-split.html,Portail officiel JCI/York,Modèles GRC/GRD listés,Moyenne,Portail officiel trouvé et vérifié; PDF exact à sélectionner lorsque précisé,,https://data.energystar.gov/Active-Specifications/ENERGY-STAR-Certified-Mini-Split-Heat-Pumps/akti-mt5s
Guardian,ECO,GRC18CN23STG1,ductless,https://www.yorknow.com/residential-systems/ductless-mini-split.html,Portail officiel JCI/York,Modèles GRC/GRD listés,Moyenne,Portail officiel trouvé et vérifié; PDF exact à sélectionner lorsque précisé,,https://data.energystar.gov/Active-Specifications/ENERGY-STAR-Certified-Mini-Split-Heat-Pumps/akti-mt5s
Guardian,ECO,GRC24CN23STG1,ductless,https://www.yorknow.com/residential-systems/ductless-mini-split.html,Portail officiel JCI/York,Modèles GRC/GRD listés,Moyenne,Portail officiel trouvé et vérifié; PDF exact à sélectionner lorsque précisé,,https://data.energystar.gov/Active-Specifications/ENERGY-STAR-Certified-Mini-Split-Heat-Pumps/akti-mt5s
Guardian,ECO,GRC36CN23STG1,ductless,https://www.yorknow.com/residential-systems/ductless-mini-split.html,Portail officiel JCI/York,Modèles GRC/GRD listés,Moyenne,Portail officiel trouvé et vérifié; PDF exact à sélectionner lorsque précisé,,https://data.energystar.gov/Active-Specifications/ENERGY-STAR-Certified-Mini-Split-Heat-Pumps/akti-mt5s
Guardian,ECO,GRD12CN15STG1,ductless,https://www.yorknow.com/residential-systems/ductless-mini-split.html,Portail officiel JCI/York,Modèles GRC/GRD listés,Moyenne,Portail officiel trouvé et vérifié; PDF exact à sélectionner lorsque précisé,,https://data.energystar.gov/Active-Specifications/ENERGY-STAR-Certified-Mini-Split-Heat-Pumps/akti-mt5s
Guardian,LX SERIES,RH630E2S11,central,https://www.guardianhomecomfort.com/residential-equipment/ductless-heat-pumps,Portail fabricant,Modèle non apparié à un PDF exact,Moyenne,Portail officiel trouvé et vérifié; PDF exact à sélectionner lorsque précisé,,https://data.energystar.gov/Active-Specifications/ENERGY-STAR-Certified-Ducted-Heat-Pumps/3m3x-a2hy
Guardian,LX SERIES,XH624E2S11,central,https://www.guardianhomecomfort.com/residential-equipment/ductless-heat-pumps,Portail fabricant,Modèle non apparié à un PDF exact,Moyenne,Portail officiel trouvé et vérifié; PDF exact à sélectionner lorsque précisé,,https://data.energystar.gov/Active-Specifications/ENERGY-STAR-Certified-Ducted-Heat-Pumps/3m3x-a2hy
Guardian,LX SERIES,XH636E2S11,central,https://www.guardianhomecomfort.com/residential-equipment/ductless-heat-pumps,Portail fabricant,Modèle non apparié à un PDF exact,Moyenne,Portail officiel trouvé et vérifié; PDF exact à sélectionner lorsque précisé,,https://data.energystar.gov/Active-Specifications/ENERGY-STAR-Certified-Ducted-Heat-Pumps/3m3x-a2hy
Guardian,LX SERIES,XH648E2S11,central,https://www.guardianhomecomfort.com/residential-equipment/ductless-heat-pumps,Portail fabricant,Modèle non apparié à un PDF exact,Moyenne,Portail officiel trouvé et vérifié; PDF exact à sélectionner lorsque précisé,,https://data.energystar.gov/Active-Specifications/ENERGY-STAR-Certified-Ducted-Heat-Pumps/3m3x-a2hy
Guardian,LX SERIES,XH660E2S11,central,https://www.guardianhomecomfort.com/residential-equipment/ductless-heat-pumps,Portail fabricant,Modèle non apparié à un PDF exact,Moyenne,Portail officiel trouvé et vérifié; PDF exact à sélectionner lorsque précisé,,https://data.energystar.gov/Active-Specifications/ENERGY-STAR-Certified-Ducted-Heat-Pumps/3m3x-a2hy
Guardian,M series,GRC09CN23STG1,ductless,https://www.yorknow.com/residential-systems/ductless-mini-split.html,Portail officiel JCI/York,Modèles GRC/GRD listés,Moyenne,Portail officiel trouvé et vérifié; PDF exact à sélectionner lorsque précisé,,https://data.energystar.gov/Active-Specifications/ENERGY-STAR-Certified-Mini-Split-Heat-Pumps/akti-mt5s
Guardian,M series,GRD09CN15STG1,ductless,https://www.yorknow.com/residential-systems/ductless-mini-split.html,Portail officiel JCI/York,Modèles GRC/GRD listés,Moyenne,Portail officiel trouvé et vérifié; PDF exact à sélectionner lorsque précisé,,https://data.energystar.gov/Active-Specifications/ENERGY-STAR-Certified-Mini-Split-Heat-Pumps/akti-mt5s
Haier,Arctic Single,1Q09RT2BE**,ductless,https://www.geapplianceshvacandwater.ca/ductless-heating-cooling,Portail fabricant Canada,Gamme Haier/GE; documents par produit,Moyenne,Portail officiel trouvé et vérifié; PDF exact à sélectionner lorsque précisé,,https://data.energystar.gov/Active-Specifications/ENERGY-STAR-Certified-Mini-Split-Heat-Pumps/akti-mt5s
Haier,Arctic Single,1Q12RT2BE**,ductless,https://www.geapplianceshvacandwater.ca/ductless-heating-cooling,Portail fabricant Canada,Gamme Haier/GE; documents par produit,Moyenne,Portail officiel trouvé et vérifié; PDF exact à sélectionner lorsque précisé,,https://data.energystar.gov/Active-Specifications/ENERGY-STAR-Certified-Mini-Split-Heat-Pumps/akti-mt5s
Haier,Arctic Single,1Q18RT2BE**,ductless,https://www.geapplianceshvacandwater.ca/ductless-heating-cooling,Portail fabricant Canada,Gamme Haier/GE; documents par produit,Moyenne,Portail officiel trouvé et vérifié; PDF exact à sélectionner lorsque précisé,,https://data.energystar.gov/Active-Specifications/ENERGY-STAR-Certified-Mini-Split-Heat-Pumps/akti-mt5s
Haier,Connect 2026,QS15H18HA5***,central,https://www.geapplianceshvacandwater.ca/ductless-heating-cooling,Portail fabricant Canada,Gamme Haier/GE; documents par produit,Moyenne,Portail officiel trouvé et vérifié; PDF exact à sélectionner lorsque précisé,,https://data.energystar.gov/Active-Specifications/ENERGY-STAR-Certified-Ducted-Heat-Pumps/3m3x-a2hy
Haier,Connect 2026,QS15H24HA5***,central,https://www.geapplianceshvacandwater.ca/ductless-heating-cooling,Portail fabricant Canada,Gamme Haier/GE; documents par produit,Moyenne,Portail officiel trouvé et vérifié; PDF exact à sélectionner lorsque précisé,,https://data.energystar.gov/Active-Specifications/ENERGY-STAR-Certified-Ducted-Heat-Pumps/3m3x-a2hy
Haier,Connect 2026,QS15H30HA5***,central,https://www.geapplianceshvacandwater.ca/ductless-heating-cooling,Portail fabricant Canada,Gamme Haier/GE; documents par produit,Moyenne,Portail officiel trouvé et vérifié; PDF exact à sélectionner lorsque précisé,,https://data.energystar.gov/Active-Specifications/ENERGY-STAR-Certified-Ducted-Heat-Pumps/3m3x-a2hy
Haier,Flexfit Single,1Q09FF2BE**,ductless,https://www.geapplianceshvacandwater.ca/ductless-heating-cooling,Portail fabricant Canada,Gamme Haier/GE; documents par produit,Moyenne,Portail officiel trouvé et vérifié; PDF exact à sélectionner lorsque précisé,,https://data.energystar.gov/Active-Specifications/ENERGY-STAR-Certified-Mini-Split-Heat-Pumps/akti-mt5s
Haier,Flexfit Single,1Q12FF2BE**,ductless,https://www.geapplianceshvacandwater.ca/ductless-heating-cooling,Portail fabricant Canada,Gamme Haier/GE; documents par produit,Moyenne,Portail officiel trouvé et vérifié; PDF exact à sélectionner lorsque précisé,,https://data.energystar.gov/Active-Specifications/ENERGY-STAR-Certified-Mini-Split-Heat-Pumps/akti-mt5s
Haier,Flexfit Single,1Q18FF2BE**,ductless,https://www.geapplianceshvacandwater.ca/ductless-heating-cooling,Portail fabricant Canada,Gamme Haier/GE; documents par produit,Moyenne,Portail officiel trouvé et vérifié; PDF exact à sélectionner lorsque précisé,,https://data.energystar.gov/Active-Specifications/ENERGY-STAR-Certified-Mini-Split-Heat-Pumps/akti-mt5s
HAXXAIR,Ultra-Coil,HVHDZ-24V2D,central,,,,Non établi,Aucune brochure publique suffisamment précise confirmée après recherche approfondie,Code exact recherché dans les sources fabricant et index publics; ne pas associer un PDF générique.,https://data.energystar.gov/Active-Specifications/ENERGY-STAR-Certified-Ducted-Heat-Pumps/3m3x-a2hy
HAXXAIR,Ultra-Coil,HVHDZ-36V2D,central,,,,Non établi,Aucune brochure publique suffisamment précise confirmée après recherche approfondie,Code exact recherché dans les sources fabricant et index publics; ne pas associer un PDF générique.,https://data.energystar.gov/Active-Specifications/ENERGY-STAR-Certified-Ducted-Heat-Pumps/3m3x-a2hy
HAXXAIR,Ultra-Coil,HVHDZ-48V2D,central,,,,Non établi,Aucune brochure publique suffisamment précise confirmée après recherche approfondie,Code exact recherché dans les sources fabricant et index publics; ne pas associer un PDF générique.,https://data.energystar.gov/Active-Specifications/ENERGY-STAR-Certified-Ducted-Heat-Pumps/3m3x-a2hy
HAXXAIR,Ultra-Coil,HVHDZ-60V2D,central,,,,Non établi,Aucune brochure publique suffisamment précise confirmée après recherche approfondie,Code exact recherché dans les sources fabricant et index publics; ne pas associer un PDF générique.,https://data.energystar.gov/Active-Specifications/ENERGY-STAR-Certified-Ducted-Heat-Pumps/3m3x-a2hy
Heil,D5C Series,D5CUHAH18AAK,central,https://www.shareddocs.com/hvac/docs/1011/Public/05/DLS-045-HL-00.pdf,Brochure PDF de marque,Familles D5CUHAH/D5CURAH,Élevée,Document officiel trouvé et examiné,,https://data.energystar.gov/Active-Specifications/ENERGY-STAR-Certified-Ducted-Heat-Pumps/3m3x-a2hy
Heil,D5C Series,D5CUHAH24AAK,central,https://www.shareddocs.com/hvac/docs/1011/Public/05/DLS-045-HL-00.pdf,Brochure PDF de marque,Familles D5CUHAH/D5CURAH,Élevée,Document officiel trouvé et examiné,,https://data.energystar.gov/Active-Specifications/ENERGY-STAR-Certified-Ducted-Heat-Pumps/3m3x-a2hy
Heil,D5C Series,D5CUHAH30AAK,central,https://www.shareddocs.com/hvac/docs/1011/Public/05/DLS-045-HL-00.pdf,Brochure PDF de marque,Familles D5CUHAH/D5CURAH,Élevée,Document officiel trouvé et examiné,,https://data.energystar.gov/Active-Specifications/ENERGY-STAR-Certified-Ducted-Heat-Pumps/3m3x-a2hy
Heil,D5C Series,D5CUHAH36AAK,central,https://www.shareddocs.com/hvac/docs/1011/Public/05/DLS-045-HL-00.pdf,Brochure PDF de marque,Familles D5CUHAH/D5CURAH,Élevée,Document officiel trouvé et examiné,,https://data.energystar.gov/Active-Specifications/ENERGY-STAR-Certified-Ducted-Heat-Pumps/3m3x-a2hy
Heil,D5C Series,D5CURAH18AAK,central,https://www.shareddocs.com/hvac/docs/1011/Public/05/DLS-045-HL-00.pdf,Brochure PDF de marque,Familles D5CUHAH/D5CURAH,Élevée,Document officiel trouvé et examiné,,https://data.energystar.gov/Active-Specifications/ENERGY-STAR-Certified-Ducted-Heat-Pumps/3m3x-a2hy
Heil,D5C Series,D5CURAH24AAK,central,https://www.shareddocs.com/hvac/docs/1011/Public/05/DLS-045-HL-00.pdf,Brochure PDF de marque,Familles D5CUHAH/D5CURAH,Élevée,Document officiel trouvé et examiné,,https://data.energystar.gov/Active-Specifications/ENERGY-STAR-Certified-Ducted-Heat-Pumps/3m3x-a2hy
Heil,D5C Series,D5CURAH30AAK,central,https://www.shareddocs.com/hvac/docs/1011/Public/05/DLS-045-HL-00.pdf,Brochure PDF de marque,Familles D5CUHAH/D5CURAH,Élevée,Document officiel trouvé et examiné,,https://data.energystar.gov/Active-Specifications/ENERGY-STAR-Certified-Ducted-Heat-Pumps/3m3x-a2hy
Heil,D5C Series,D5CURAH36AAK,central,https://www.shareddocs.com/hvac/docs/1011/Public/05/DLS-045-HL-00.pdf,Brochure PDF de marque,Familles D5CUHAH/D5CURAH,Élevée,Document officiel trouvé et examiné,,https://data.energystar.gov/Active-Specifications/ENERGY-STAR-Certified-Ducted-Heat-Pumps/3m3x-a2hy
Hessaire,ES,H12FB1,ductless,,,,Non établi,Aucune brochure publique suffisamment précise confirmée après recherche approfondie,Code exact recherché dans les sources fabricant et index publics; ne pas associer un PDF générique.,https://data.energystar.gov/Active-Specifications/ENERGY-STAR-Certified-Mini-Split-Heat-Pumps/akti-mt5s
Hessaire,ES,H18FB2,ductless,,,,Non établi,Aucune brochure publique suffisamment précise confirmée après recherche approfondie,Code exact recherché dans les sources fabricant et index publics; ne pas associer un PDF générique.,https://data.energystar.gov/Active-Specifications/ENERGY-STAR-Certified-Mini-Split-Heat-Pumps/akti-mt5s
Hessaire,ES,H18TT2,ductless,,,,Non établi,Aucune brochure publique suffisamment précise confirmée après recherche approfondie,Code exact recherché dans les sources fabricant et index publics; ne pas associer un PDF générique.,https://data.energystar.gov/Active-Specifications/ENERGY-STAR-Certified-Mini-Split-Heat-Pumps/akti-mt5s
Hessaire,ES,H24FB2,ductless,,,,Non établi,Aucune brochure publique suffisamment précise confirmée après recherche approfondie,Code exact recherché dans les sources fabricant et index publics; ne pas associer un PDF générique.,https://data.energystar.gov/Active-Specifications/ENERGY-STAR-Certified-Mini-Split-Heat-Pumps/akti-mt5s
Hisense,Hi Uni-Coil,AUW-36U3TW1(JCH),central,https://www.hisensecomfort.com/professionals/,Portail documentaire fabricant,Modèle non apparié à un PDF exact,Moyenne,Portail officiel trouvé et vérifié; PDF exact à sélectionner lorsque précisé,,https://data.energystar.gov/Active-Specifications/ENERGY-STAR-Certified-Ducted-Heat-Pumps/3m3x-a2hy
Hisense,Hi Uni-Coil,AUW-48U3TH1(JCH),central,https://www.hisensecomfort.com/professionals/,Portail documentaire fabricant,Modèle non apparié à un PDF exact,Moyenne,Portail officiel trouvé et vérifié; PDF exact à sélectionner lorsque précisé,,https://data.energystar.gov/Active-Specifications/ENERGY-STAR-Certified-Ducted-Heat-Pumps/3m3x-a2hy
Hisense,HI-EDGE,AO-09U3R25E,ductless,https://www.hisensecomfort.com/professionals/upload/accessory/20254/R454B%20Hi%20PRO%20Wall%20Mount%209K.pdf,Submittal PDF fabricant,Hi-Pro 9K; autres capacités à confirmer,Moyenne,Document officiel trouvé et examiné,,https://data.energystar.gov/Active-Specifications/ENERGY-STAR-Certified-Mini-Split-Heat-Pumps/akti-mt5s
Hisense,HI-EDGE,AO-09U3R26E2,ductless,https://www.hisensecomfort.com/professionals/upload/accessory/20254/R454B%20Hi%20PRO%20Wall%20Mount%209K.pdf,Submittal PDF fabricant,Hi-Pro 9K; autres capacités à confirmer,Moyenne,Document officiel trouvé et examiné,,https://data.energystar.gov/Active-Specifications/ENERGY-STAR-Certified-Mini-Split-Heat-Pumps/akti-mt5s
Hisense,HI-EDGE,AO-18U3R25E,ductless,https://www.hisensecomfort.com/professionals/upload/accessory/20254/R454B%20Hi%20PRO%20Wall%20Mount%209K.pdf,Submittal PDF fabricant,Hi-Pro 9K; autres capacités à confirmer,Moyenne,Document officiel trouvé et examiné,,https://data.energystar.gov/Active-Specifications/ENERGY-STAR-Certified-Mini-Split-Heat-Pumps/akti-mt5s
Hisense,HI-EDGE,AO-18U3R26E2,ductless,https://www.hisensecomfort.com/professionals/upload/accessory/20254/R454B%20Hi%20PRO%20Wall%20Mount%209K.pdf,Submittal PDF fabricant,Hi-Pro 9K; autres capacités à confirmer,Moyenne,Document officiel trouvé et examiné,,https://data.energystar.gov/Active-Specifications/ENERGY-STAR-Certified-Mini-Split-Heat-Pumps/akti-mt5s
Hisense,HI-EDGE,AO-30U3R25E,ductless,https://www.hisensecomfort.com/professionals/upload/accessory/20254/R454B%20Hi%20PRO%20Wall%20Mount%209K.pdf,Submittal PDF fabricant,Hi-Pro 9K; autres capacités à confirmer,Moyenne,Document officiel trouvé et examiné,,https://data.energystar.gov/Active-Specifications/ENERGY-STAR-Certified-Mini-Split-Heat-Pumps/akti-mt5s
Hisense,HI-EDGE,AO-30U3R26E2,ductless,https://www.hisensecomfort.com/professionals/upload/accessory/20254/R454B%20Hi%20PRO%20Wall%20Mount%209K.pdf,Submittal PDF fabricant,Hi-Pro 9K; autres capacités à confirmer,Moyenne,Document officiel trouvé et examiné,,https://data.energystar.gov/Active-Specifications/ENERGY-STAR-Certified-Mini-Split-Heat-Pumps/akti-mt5s
Hisense,HI-PAK,AR-36U3RAHM5,central,https://www.hisensecomfort.com/professionals/,Portail documentaire fabricant,Modèle non apparié à un PDF exact,Moyenne,Portail officiel trouvé et vérifié; PDF exact à sélectionner lorsque précisé,,https://data.energystar.gov/Active-Specifications/ENERGY-STAR-Certified-Ducted-Heat-Pumps/3m3x-a2hy
Hisense,Hi-PRO,AO-09U3T25P,ductless,https://www.hisensecomfort.com/professionals/upload/accessory/20254/R454B%20Hi%20PRO%20Wall%20Mount%209K.pdf,Submittal PDF fabricant,Hi-Pro 9K; autres capacités à confirmer,Moyenne,Document officiel trouvé et examiné,,https://data.energystar.gov/Active-Specifications/ENERGY-STAR-Certified-Mini-Split-Heat-Pumps/akti-mt5s
Hisense,Hi-PRO,AO-09U3T26P2,ductless,https://www.hisensecomfort.com/professionals/upload/accessory/20254/R454B%20Hi%20PRO%20Wall%20Mount%209K.pdf,Submittal PDF fabricant,Hi-Pro 9K; autres capacités à confirmer,Moyenne,Document officiel trouvé et examiné,,https://data.energystar.gov/Active-Specifications/ENERGY-STAR-Certified-Mini-Split-Heat-Pumps/akti-mt5s
Hisense,Hi-PRO,AO-12U3T25P,ductless,https://www.hisensecomfort.com/professionals/upload/accessory/20254/R454B%20Hi%20PRO%20Wall%20Mount%209K.pdf,Submittal PDF fabricant,Hi-Pro 9K; autres capacités à confirmer,Moyenne,Document officiel trouvé et examiné,,https://data.energystar.gov/Active-Specifications/ENERGY-STAR-Certified-Mini-Split-Heat-Pumps/akti-mt5s
Hisense,Hi-PRO,AO-12U3T26P2,ductless,https://www.hisensecomfort.com/professionals/upload/accessory/20254/R454B%20Hi%20PRO%20Wall%20Mount%209K.pdf,Submittal PDF fabricant,Hi-Pro 9K; autres capacités à confirmer,Moyenne,Document officiel trouvé et examiné,,https://data.energystar.gov/Active-Specifications/ENERGY-STAR-Certified-Mini-Split-Heat-Pumps/akti-mt5s
Hisense,Hi-PRO,AO-15U3T25P,ductless,https://www.hisensecomfort.com/professionals/upload/accessory/20254/R454B%20Hi%20PRO%20Wall%20Mount%209K.pdf,Submittal PDF fabricant,Hi-Pro 9K; autres capacités à confirmer,Moyenne,Document officiel trouvé et examiné,,https://data.energystar.gov/Active-Specifications/ENERGY-STAR-Certified-Mini-Split-Heat-Pumps/akti-mt5s
Hisense,Hi-PRO,AO-15U3T26P2,ductless,https://www.hisensecomfort.com/professionals/upload/accessory/20254/R454B%20Hi%20PRO%20Wall%20Mount%209K.pdf,Submittal PDF fabricant,Hi-Pro 9K; autres capacités à confirmer,Moyenne,Document officiel trouvé et examiné,,https://data.energystar.gov/Active-Specifications/ENERGY-STAR-Certified-Mini-Split-Heat-Pumps/akti-mt5s
Hisense,Hi-Pro,AS-09UW3TBW00,ductless,https://www.hisensecomfort.com/professionals/upload/accessory/20254/R454B%20Hi%20PRO%20Wall%20Mount%209K.pdf,Submittal PDF fabricant,Hi-Pro 9K; autres capacités à confirmer,Moyenne,Document officiel trouvé et examiné,,https://data.energystar.gov/Active-Specifications/ENERGY-STAR-Certified-Mini-Split-Heat-Pumps/akti-mt5s
Hisense,Hi-Pro,AS-12UW3TBW00,ductless,https://www.hisensecomfort.com/professionals/upload/accessory/20254/R454B%20Hi%20PRO%20Wall%20Mount%209K.pdf,Submittal PDF fabricant,Hi-Pro 9K; autres capacités à confirmer,Moyenne,Document officiel trouvé et examiné,,https://data.energystar.gov/Active-Specifications/ENERGY-STAR-Certified-Mini-Split-Heat-Pumps/akti-mt5s
Hisense,Hi-Pro,AS-15UW3TBW00,ductless,https://www.hisensecomfort.com/professionals/upload/accessory/20254/R454B%20Hi%20PRO%20Wall%20Mount%209K.pdf,Submittal PDF fabricant,Hi-Pro 9K; autres capacités à confirmer,Moyenne,Document officiel trouvé et examiné,,https://data.energystar.gov/Active-Specifications/ENERGY-STAR-Certified-Mini-Split-Heat-Pumps/akti-mt5s
Hisense,Hi-ULTRA,AO-09U3T25U,ductless,https://www.hisensecomfort.com/professionals/upload/accessory/20254/R454B%20Hi%20PRO%20Wall%20Mount%209K.pdf,Submittal PDF fabricant,Hi-Pro 9K; autres capacités à confirmer,Moyenne,Document officiel trouvé et examiné,,https://data.energystar.gov/Active-Specifications/ENERGY-STAR-Certified-Mini-Split-Heat-Pumps/akti-mt5s
Hisense,Hi-ULTRA,AO-09U3T26U2,ductless,https://www.hisensecomfort.com/professionals/upload/accessory/20254/R454B%20Hi%20PRO%20Wall%20Mount%209K.pdf,Submittal PDF fabricant,Hi-Pro 9K; autres capacités à confirmer,Moyenne,Document officiel trouvé et examiné,,https://data.energystar.gov/Active-Specifications/ENERGY-STAR-Certified-Mini-Split-Heat-Pumps/akti-mt5s
Hisense,Hi-ULTRA,AO-12U3T25U,ductless,https://www.hisensecomfort.com/professionals/upload/accessory/20254/R454B%20Hi%20PRO%20Wall%20Mount%209K.pdf,Submittal PDF fabricant,Hi-Pro 9K; autres capacités à confirmer,Moyenne,Document officiel trouvé et examiné,,https://data.energystar.gov/Active-Specifications/ENERGY-STAR-Certified-Mini-Split-Heat-Pumps/akti-mt5s
Hisense,Hi-ULTRA,AO-12U3T26U2,ductless,https://www.hisensecomfort.com/professionals/upload/accessory/20254/R454B%20Hi%20PRO%20Wall%20Mount%209K.pdf,Submittal PDF fabricant,Hi-Pro 9K; autres capacités à confirmer,Moyenne,Document officiel trouvé et examiné,,https://data.energystar.gov/Active-Specifications/ENERGY-STAR-Certified-Mini-Split-Heat-Pumps/akti-mt5s
Hisense,Hi-ULTRA,AO-18U3T25U,ductless,https://www.hisensecomfort.com/professionals/upload/accessory/20254/R454B%20Hi%20PRO%20Wall%20Mount%209K.pdf,Submittal PDF fabricant,Hi-Pro 9K; autres capacités à confirmer,Moyenne,Document officiel trouvé et examiné,,https://data.energystar.gov/Active-Specifications/ENERGY-STAR-Certified-Mini-Split-Heat-Pumps/akti-mt5s
Hisense,Hi-ULTRA,AO-18U3T26U2,ductless,https://www.hisensecomfort.com/professionals/upload/accessory/20254/R454B%20Hi%20PRO%20Wall%20Mount%209K.pdf,Submittal PDF fabricant,Hi-Pro 9K; autres capacités à confirmer,Moyenne,Document officiel trouvé et examiné,,https://data.energystar.gov/Active-Specifications/ENERGY-STAR-Certified-Mini-Split-Heat-Pumps/akti-mt5s
Hisense,Hi-ULTRA,AO-24U3T25U,ductless,https://www.hisensecomfort.com/professionals/upload/accessory/20254/R454B%20Hi%20PRO%20Wall%20Mount%209K.pdf,Submittal PDF fabricant,Hi-Pro 9K; autres capacités à confirmer,Moyenne,Document officiel trouvé et examiné,,https://data.energystar.gov/Active-Specifications/ENERGY-STAR-Certified-Mini-Split-Heat-Pumps/akti-mt5s
Hisense,Hi-ULTRA,AO-24U3T26U2,ductless,https://www.hisensecomfort.com/professionals/upload/accessory/20254/R454B%20Hi%20PRO%20Wall%20Mount%209K.pdf,Submittal PDF fabricant,Hi-Pro 9K; autres capacités à confirmer,Moyenne,Document officiel trouvé et examiné,,https://data.energystar.gov/Active-Specifications/ENERGY-STAR-Certified-Mini-Split-Heat-Pumps/akti-mt5s
Hisense,HiULTRA,AS-09UW1TXU00,ductless,https://www.hisensecomfort.com/professionals/upload/accessory/20254/R454B%20Hi%20PRO%20Wall%20Mount%209K.pdf,Submittal PDF fabricant,Hi-Pro 9K; autres capacités à confirmer,Moyenne,Document officiel trouvé et examiné,,https://data.energystar.gov/Active-Specifications/ENERGY-STAR-Certified-Mini-Split-Heat-Pumps/akti-mt5s
Hisense,HiULTRA,AS-12UW1TXU00,ductless,https://www.hisensecomfort.com/professionals/upload/accessory/20254/R454B%20Hi%20PRO%20Wall%20Mount%209K.pdf,Submittal PDF fabricant,Hi-Pro 9K; autres capacités à confirmer,Moyenne,Document officiel trouvé et examiné,,https://data.energystar.gov/Active-Specifications/ENERGY-STAR-Certified-Mini-Split-Heat-Pumps/akti-mt5s
Hisense,HiULTRA,AS-30UW3RKZ00,ductless,https://www.hisensecomfort.com/professionals/upload/accessory/20254/R454B%20Hi%20PRO%20Wall%20Mount%209K.pdf,Submittal PDF fabricant,Hi-Pro 9K; autres capacités à confirmer,Moyenne,Document officiel trouvé et examiné,,https://data.energystar.gov/Active-Specifications/ENERGY-STAR-Certified-Mini-Split-Heat-Pumps/akti-mt5s
Hisense,HiULTRA,AST-09UW3RGU00,ductless,https://www.hisensecomfort.com/professionals/,Portail documentaire fabricant,Modèle non apparié à un PDF exact,Moyenne,Portail officiel trouvé et vérifié; PDF exact à sélectionner lorsque précisé,,https://data.energystar.gov/Active-Specifications/ENERGY-STAR-Certified-Mini-Split-Heat-Pumps/akti-mt5s
Hisense,HiULTRA,AST-09UW3TXU00,ductless,https://www.hisensecomfort.com/professionals/,Portail documentaire fabricant,Modèle non apparié à un PDF exact,Moyenne,Portail officiel trouvé et vérifié; PDF exact à sélectionner lorsque précisé,,https://data.energystar.gov/Active-Specifications/ENERGY-STAR-Certified-Mini-Split-Heat-Pumps/akti-mt5s
Hisense,HiULTRA,AST-12UW3TXU00,ductless,https://www.hisensecomfort.com/professionals/,Portail documentaire fabricant,Modèle non apparié à un PDF exact,Moyenne,Portail officiel trouvé et vérifié; PDF exact à sélectionner lorsque précisé,,https://data.energystar.gov/Active-Specifications/ENERGY-STAR-Certified-Mini-Split-Heat-Pumps/akti-mt5s
Hisense,HiULTRA,AST-18UW3RXW00,ductless,https://www.hisensecomfort.com/professionals/,Portail documentaire fabricant,Modèle non apparié à un PDF exact,Moyenne,Portail officiel trouvé et vérifié; PDF exact à sélectionner lorsque précisé,,https://data.energystar.gov/Active-Specifications/ENERGY-STAR-Certified-Mini-Split-Heat-Pumps/akti-mt5s
Hisense,HiULTRA,AST-24UW3TKW00,ductless,https://www.hisensecomfort.com/professionals/,Portail documentaire fabricant,Modèle non apparié à un PDF exact,Moyenne,Portail officiel trouvé et vérifié; PDF exact à sélectionner lorsque précisé,,https://data.energystar.gov/Active-Specifications/ENERGY-STAR-Certified-Mini-Split-Heat-Pumps/akti-mt5s
Hisense,SmartSense,AO-09U3R26SS,ductless,https://www.hisensecomfort.com/professionals/upload/accessory/20254/R454B%20Hi%20PRO%20Wall%20Mount%209K.pdf,Submittal PDF fabricant,Hi-Pro 9K; autres capacités à confirmer,Moyenne,Document officiel trouvé et examiné,,https://data.energystar.gov/Active-Specifications/ENERGY-STAR-Certified-Mini-Split-Heat-Pumps/akti-mt5s
Hisense,SmartSense,AO-18U3R26SS,ductless,https://www.hisensecomfort.com/professionals/upload/accessory/20254/R454B%20Hi%20PRO%20Wall%20Mount%209K.pdf,Submittal PDF fabricant,Hi-Pro 9K; autres capacités à confirmer,Moyenne,Document officiel trouvé et examiné,,https://data.energystar.gov/Active-Specifications/ENERGY-STAR-Certified-Mini-Split-Heat-Pumps/akti-mt5s
Hitachi,airCore700 LAC,PAS-36BUFASDQ1-LAC,ductless,,,,Non établi,Aucune brochure publique suffisamment précise confirmée après recherche approfondie,Code exact recherché dans les sources fabricant et index publics; ne pas associer un PDF générique.,https://data.energystar.gov/Active-Specifications/ENERGY-STAR-Certified-Mini-Split-Heat-Pumps/akti-mt5s
Hitachi,airCore700,PAS-36BUFASDQ1,ductless,,,,Non établi,Aucune brochure publique suffisamment précise confirmée après recherche approfondie,Code exact recherché dans les sources fabricant et index publics; ne pas associer un PDF générique.,https://data.energystar.gov/Active-Specifications/ENERGY-STAR-Certified-Mini-Split-Heat-Pumps/akti-mt5s
HOMCOM,M series,823-089V80WT,ductless,,,,Non établi,Aucune brochure publique suffisamment précise confirmée après recherche approfondie,Code exact recherché dans les sources fabricant et index publics; ne pas associer un PDF générique.,https://data.energystar.gov/Active-Specifications/ENERGY-STAR-Certified-Mini-Split-Heat-Pumps/akti-mt5s
HOMCOM,M series,823-089V81WT,ductless,,,,Non établi,Aucune brochure publique suffisamment précise confirmée après recherche approfondie,Code exact recherché dans les sources fabricant et index publics; ne pas associer un PDF générique.,https://data.energystar.gov/Active-Specifications/ENERGY-STAR-Certified-Mini-Split-Heat-Pumps/akti-mt5s
HOMCOM,M series,823-089V82WT,ductless,,,,Non établi,Aucune brochure publique suffisamment précise confirmée après recherche approfondie,Code exact recherché dans les sources fabricant et index publics; ne pas associer un PDF générique.,https://data.energystar.gov/Active-Specifications/ENERGY-STAR-Certified-Mini-Split-Heat-Pumps/akti-mt5s
HOMCOM,M series,823-093V80WT,ductless,,,,Non établi,Aucune brochure publique suffisamment précise confirmée après recherche approfondie,Code exact recherché dans les sources fabricant et index publics; ne pas associer un PDF générique.,https://data.energystar.gov/Active-Specifications/ENERGY-STAR-Certified-Mini-Split-Heat-Pumps/akti-mt5s
HOMCOM,M series,823-093V82WT,ductless,,,,Non établi,Aucune brochure publique suffisamment précise confirmée après recherche approfondie,Code exact recherché dans les sources fabricant et index publics; ne pas associer un PDF générique.,https://data.energystar.gov/Active-Specifications/ENERGY-STAR-Certified-Mini-Split-Heat-Pumps/akti-mt5s
HOMCOM,M series,823-093V83WT,ductless,,,,Non établi,Aucune brochure publique suffisamment précise confirmée après recherche approfondie,Code exact recherché dans les sources fabricant et index publics; ne pas associer un PDF générique.,https://data.energystar.gov/Active-Specifications/ENERGY-STAR-Certified-Mini-Split-Heat-Pumps/akti-mt5s
iFFALCON,BreezeIN R32 23S,F09SBH23BQC,ductless,,,,Non établi,Aucune brochure publique suffisamment précise confirmée après recherche approfondie,Code exact recherché dans les sources fabricant et index publics; ne pas associer un PDF générique.,https://data.energystar.gov/Active-Specifications/ENERGY-STAR-Certified-Mini-Split-Heat-Pumps/akti-mt5s
iFFALCON,BreezeIN R32 23S,F09SBH23XQC,ductless,,,,Non établi,Aucune brochure publique suffisamment précise confirmée après recherche approfondie,Code exact recherché dans les sources fabricant et index publics; ne pas associer un PDF générique.,https://data.energystar.gov/Active-Specifications/ENERGY-STAR-Certified-Mini-Split-Heat-Pumps/akti-mt5s
iFFALCON,BreezeIN R32 23S,F12SBH23BQC,ductless,,,,Non établi,Aucune brochure publique suffisamment précise confirmée après recherche approfondie,Code exact recherché dans les sources fabricant et index publics; ne pas associer un PDF générique.,https://data.energystar.gov/Active-Specifications/ENERGY-STAR-Certified-Mini-Split-Heat-Pumps/akti-mt5s
iFFALCON,BreezeIN R32 23S,F12SBH24XQC,ductless,,,,Non établi,Aucune brochure publique suffisamment précise confirmée après recherche approfondie,Code exact recherché dans les sources fabricant et index publics; ne pas associer un PDF générique.,https://data.energystar.gov/Active-Specifications/ENERGY-STAR-Certified-Mini-Split-Heat-Pumps/akti-mt5s
iFFALCON,BreezeIN R32 23S,F18SBH23XQC,ductless,,,,Non établi,Aucune brochure publique suffisamment précise confirmée après recherche approfondie,Code exact recherché dans les sources fabricant et index publics; ne pas associer un PDF générique.,https://data.energystar.gov/Active-Specifications/ENERGY-STAR-Certified-Mini-Split-Heat-Pumps/akti-mt5s
iFFALCON,BreezeIN R32 23S,F24SBH23XQC,ductless,,,,Non établi,Aucune brochure publique suffisamment précise confirmée après recherche approfondie,Code exact recherché dans les sources fabricant et index publics; ne pas associer un PDF générique.,https://data.energystar.gov/Active-Specifications/ENERGY-STAR-Certified-Mini-Split-Heat-Pumps/akti-mt5s
iFFALCON,free matcht 24S R32,F18FMH24XQC,ductless,,,,Non établi,Aucune brochure publique suffisamment précise confirmée après recherche approfondie,Code exact recherché dans les sources fabricant et index publics; ne pas associer un PDF générique.,https://data.energystar.gov/Active-Specifications/ENERGY-STAR-Certified-Mini-Split-Heat-Pumps/akti-mt5s
iFFALCON,free matcht 24S R32,F27FMH24XQC,ductless,,,,Non établi,Aucune brochure publique suffisamment précise confirmée après recherche approfondie,Code exact recherché dans les sources fabricant et index publics; ne pas associer un PDF générique.,https://data.energystar.gov/Active-Specifications/ENERGY-STAR-Certified-Mini-Split-Heat-Pumps/akti-mt5s
iFFALCON,free matcht 24S R32,F36FMH22XQC,ductless,,,,Non établi,Aucune brochure publique suffisamment précise confirmée après recherche approfondie,Code exact recherché dans les sources fabricant et index publics; ne pas associer un PDF générique.,https://data.energystar.gov/Active-Specifications/ENERGY-STAR-Certified-Mini-Split-Heat-Pumps/akti-mt5s
iFFALCON,free matcht 24S R32,F42FMH22XQC,ductless,,,,Non établi,Aucune brochure publique suffisamment précise confirmée après recherche approfondie,Code exact recherché dans les sources fabricant et index publics; ne pas associer un PDF générique.,https://data.energystar.gov/Active-Specifications/ENERGY-STAR-Certified-Mini-Split-Heat-Pumps/akti-mt5s
Innova Srl,AIO P Series,APE10*3*2,central,https://innova.co/documentation/,Bibliothèque fabricant,Gamme AIO All-In-One,Élevée,Portail officiel trouvé et vérifié; PDF exact à sélectionner lorsque précisé,,https://data.energystar.gov/Active-Specifications/ENERGY-STAR-Certified-Ducted-Heat-Pumps/3m3x-a2hy
Innova Srl,AIO P Series,APE10N3H2,central,https://innova.co/documentation/,Bibliothèque fabricant,Gamme AIO All-In-One,Élevée,Portail officiel trouvé et vérifié; PDF exact à sélectionner lorsque précisé,,https://data.energystar.gov/Active-Specifications/ENERGY-STAR-Certified-Ducted-Heat-Pumps/3m3x-a2hy
Innova Srl,AIO P Series,APE10N4H2,central,https://innova.co/documentation/,Bibliothèque fabricant,Gamme AIO All-In-One,Élevée,Portail officiel trouvé et vérifié; PDF exact à sélectionner lorsque précisé,,https://data.energystar.gov/Active-Specifications/ENERGY-STAR-Certified-Ducted-Heat-Pumps/3m3x-a2hy
Innova Srl,AIO P Series,APE10R3H2,central,https://innova.co/documentation/,Bibliothèque fabricant,Gamme AIO All-In-One,Élevée,Portail officiel trouvé et vérifié; PDF exact à sélectionner lorsque précisé,,https://data.energystar.gov/Active-Specifications/ENERGY-STAR-Certified-Ducted-Heat-Pumps/3m3x-a2hy
Innova Srl,AIO P Series,APE10R4H2,central,https://innova.co/documentation/,Bibliothèque fabricant,Gamme AIO All-In-One,Élevée,Portail officiel trouvé et vérifié; PDF exact à sélectionner lorsque précisé,,https://data.energystar.gov/Active-Specifications/ENERGY-STAR-Certified-Ducted-Heat-Pumps/3m3x-a2hy
Innova Srl,AIO P Series,APK10*3*2,central,https://innova.co/documentation/,Bibliothèque fabricant,Gamme AIO All-In-One,Élevée,Portail officiel trouvé et vérifié; PDF exact à sélectionner lorsque précisé,,https://data.energystar.gov/Active-Specifications/ENERGY-STAR-Certified-Ducted-Heat-Pumps/3m3x-a2hy
Innova Srl,AIO P Series,APK10N3H2,central,https://innova.co/documentation/,Bibliothèque fabricant,Gamme AIO All-In-One,Élevée,Portail officiel trouvé et vérifié; PDF exact à sélectionner lorsque précisé,,https://data.energystar.gov/Active-Specifications/ENERGY-STAR-Certified-Ducted-Heat-Pumps/3m3x-a2hy
Innova Srl,AIO P Series,APK10N4H2,central,https://innova.co/documentation/,Bibliothèque fabricant,Gamme AIO All-In-One,Élevée,Portail officiel trouvé et vérifié; PDF exact à sélectionner lorsque précisé,,https://data.energystar.gov/Active-Specifications/ENERGY-STAR-Certified-Ducted-Heat-Pumps/3m3x-a2hy
Innova Srl,AIO P Series,APK10R3H2,central,https://innova.co/documentation/,Bibliothèque fabricant,Gamme AIO All-In-One,Élevée,Portail officiel trouvé et vérifié; PDF exact à sélectionner lorsque précisé,,https://data.energystar.gov/Active-Specifications/ENERGY-STAR-Certified-Ducted-Heat-Pumps/3m3x-a2hy
Innova Srl,AIO P Series,APK10R4H2,central,https://innova.co/documentation/,Bibliothèque fabricant,Gamme AIO All-In-One,Élevée,Portail officiel trouvé et vérifié; PDF exact à sélectionner lorsque précisé,,https://data.energystar.gov/Active-Specifications/ENERGY-STAR-Certified-Ducted-Heat-Pumps/3m3x-a2hy
Innova Srl,AIO P Series,APP10*3*1,central,https://innova.co/documentation/,Bibliothèque fabricant,Gamme AIO All-In-One,Élevée,Portail officiel trouvé et vérifié; PDF exact à sélectionner lorsque précisé,,https://data.energystar.gov/Active-Specifications/ENERGY-STAR-Certified-Ducted-Heat-Pumps/3m3x-a2hy
Innova Srl,AIO P Series,APP10*3*2,central,https://innova.co/documentation/,Bibliothèque fabricant,Gamme AIO All-In-One,Élevée,Portail officiel trouvé et vérifié; PDF exact à sélectionner lorsque précisé,,https://data.energystar.gov/Active-Specifications/ENERGY-STAR-Certified-Ducted-Heat-Pumps/3m3x-a2hy
Innova Srl,AIO P Series,APP10N3H1,central,https://innova.co/documentation/,Bibliothèque fabricant,Gamme AIO All-In-One,Élevée,Portail officiel trouvé et vérifié; PDF exact à sélectionner lorsque précisé,,https://data.energystar.gov/Active-Specifications/ENERGY-STAR-Certified-Ducted-Heat-Pumps/3m3x-a2hy
Innova Srl,AIO P Series,APP10N3H2,central,https://innova.co/documentation/,Bibliothèque fabricant,Gamme AIO All-In-One,Élevée,Portail officiel trouvé et vérifié; PDF exact à sélectionner lorsque précisé,,https://data.energystar.gov/Active-Specifications/ENERGY-STAR-Certified-Ducted-Heat-Pumps/3m3x-a2hy
Innova Srl,AIO P Series,APP10N4H1,central,https://innova.co/documentation/,Bibliothèque fabricant,Gamme AIO All-In-One,Élevée,Portail officiel trouvé et vérifié; PDF exact à sélectionner lorsque précisé,,https://data.energystar.gov/Active-Specifications/ENERGY-STAR-Certified-Ducted-Heat-Pumps/3m3x-a2hy
Innova Srl,AIO P Series,APP10N4H2,central,https://innova.co/documentation/,Bibliothèque fabricant,Gamme AIO All-In-One,Élevée,Portail officiel trouvé et vérifié; PDF exact à sélectionner lorsque précisé,,https://data.energystar.gov/Active-Specifications/ENERGY-STAR-Certified-Ducted-Heat-Pumps/3m3x-a2hy
Innova Srl,AIO P Series,APP10R3H1,central,https://innova.co/documentation/,Bibliothèque fabricant,Gamme AIO All-In-One,Élevée,Portail officiel trouvé et vérifié; PDF exact à sélectionner lorsque précisé,,https://data.energystar.gov/Active-Specifications/ENERGY-STAR-Certified-Ducted-Heat-Pumps/3m3x-a2hy
Innova Srl,AIO P Series,APP10R3H2,central,https://innova.co/documentation/,Bibliothèque fabricant,Gamme AIO All-In-One,Élevée,Portail officiel trouvé et vérifié; PDF exact à sélectionner lorsque précisé,,https://data.energystar.gov/Active-Specifications/ENERGY-STAR-Certified-Ducted-Heat-Pumps/3m3x-a2hy
Innova Srl,AIO P Series,APP10R4H1,central,https://innova.co/documentation/,Bibliothèque fabricant,Gamme AIO All-In-One,Élevée,Portail officiel trouvé et vérifié; PDF exact à sélectionner lorsque précisé,,https://data.energystar.gov/Active-Specifications/ENERGY-STAR-Certified-Ducted-Heat-Pumps/3m3x-a2hy
Innova Srl,AIO P Series,APP10R4H2,central,https://innova.co/documentation/,Bibliothèque fabricant,Gamme AIO All-In-One,Élevée,Portail officiel trouvé et vérifié; PDF exact à sélectionner lorsque précisé,,https://data.energystar.gov/Active-Specifications/ENERGY-STAR-Certified-Ducted-Heat-Pumps/3m3x-a2hy
Innovair,Corvus,PXV36H2A*,central,https://innovair.com/wp-content/uploads/2025/06/Innovair-CORVUS-Package-Uniter-Submittals-125A.pdf,Submittal PDF,Modèle exact,Élevée,Document officiel trouvé et examiné,,https://data.energystar.gov/Active-Specifications/ENERGY-STAR-Certified-Ducted-Heat-Pumps/3m3x-a2hy
Innovair,MOS Series,MOS18H2BH0A,central,https://innovair.com/wp-content/uploads/2026/03/Innovair-M4-Floor-Ceiling-Heat-Pump-System-Submittals_0326A-1.pdf,Submittal PDF 2026,MOS18,Élevée,Document officiel trouvé et examiné,,https://data.energystar.gov/Active-Specifications/ENERGY-STAR-Certified-Ducted-Heat-Pumps/3m3x-a2hy
Innovair,MOS Series,MOS24H2BH0A,central,,,,Non établi,Aucune brochure publique suffisamment précise confirmée après recherche approfondie,Code exact recherché dans les sources fabricant et index publics; ne pas associer un PDF générique.,https://data.energystar.gov/Active-Specifications/ENERGY-STAR-Certified-Ducted-Heat-Pumps/3m3x-a2hy
Innovair,Q4+,QOS09H1BM5A,ductless,https://innovair.com/wp-content/uploads/2024/11/Innovair-Q4-Heat-Pump-Mni-Split-Brochure-10.24B.pdf,Brochure PDF,Série et modèles Q4,Élevée,Document officiel trouvé et examiné,,https://data.energystar.gov/Active-Specifications/ENERGY-STAR-Certified-Mini-Split-Heat-Pumps/akti-mt5s
Innovair,Q4+,QOS09H2BH0A,ductless,https://innovair.com/wp-content/uploads/2024/11/Innovair-Q4-Heat-Pump-Mni-Split-Brochure-10.24B.pdf,Brochure PDF,Série et modèles Q4,Élevée,Document officiel trouvé et examiné,,https://data.energystar.gov/Active-Specifications/ENERGY-STAR-Certified-Mini-Split-Heat-Pumps/akti-mt5s
Innovair,Q4+,QOS12H1BM5A,ductless,https://innovair.com/wp-content/uploads/2024/11/Innovair-Q4-Heat-Pump-Mni-Split-Brochure-10.24B.pdf,Brochure PDF,Série et modèles Q4,Élevée,Document officiel trouvé et examiné,,https://data.energystar.gov/Active-Specifications/ENERGY-STAR-Certified-Mini-Split-Heat-Pumps/akti-mt5s
Innovair,Q4+,QOS12H2BH0A,ductless,https://innovair.com/wp-content/uploads/2024/11/Innovair-Q4-Heat-Pump-Mni-Split-Brochure-10.24B.pdf,Brochure PDF,Série et modèles Q4,Élevée,Document officiel trouvé et examiné,,https://data.energystar.gov/Active-Specifications/ENERGY-STAR-Certified-Mini-Split-Heat-Pumps/akti-mt5s
Innovair,Q4+,QOS12H2BM0A,ductless,https://innovair.com/wp-content/uploads/2024/11/Innovair-Q4-Heat-Pump-Mni-Split-Brochure-10.24B.pdf,Brochure PDF,Série et modèles Q4,Élevée,Document officiel trouvé et examiné,,https://data.energystar.gov/Active-Specifications/ENERGY-STAR-Certified-Mini-Split-Heat-Pumps/akti-mt5s
Innovair,Q4+,QOS18H2BH0A,ductless,https://innovair.com/wp-content/uploads/2024/11/Innovair-Q4-Heat-Pump-Mni-Split-Brochure-10.24B.pdf,Brochure PDF,Série et modèles Q4,Élevée,Document officiel trouvé et examiné,,https://data.energystar.gov/Active-Specifications/ENERGY-STAR-Certified-Mini-Split-Heat-Pumps/akti-mt5s
Innovair,Q4+,QOS18H2BM0A,ductless,https://innovair.com/wp-content/uploads/2024/11/Innovair-Q4-Heat-Pump-Mni-Split-Brochure-10.24B.pdf,Brochure PDF,Série et modèles Q4,Élevée,Document officiel trouvé et examiné,,https://data.energystar.gov/Active-Specifications/ENERGY-STAR-Certified-Mini-Split-Heat-Pumps/akti-mt5s
Innovair,Q4+,QOS24H2BH0A,ductless,https://innovair.com/wp-content/uploads/2024/11/Innovair-Q4-Heat-Pump-Mni-Split-Brochure-10.24B.pdf,Brochure PDF,Série et modèles Q4,Élevée,Document officiel trouvé et examiné,,https://data.energystar.gov/Active-Specifications/ENERGY-STAR-Certified-Mini-Split-Heat-Pumps/akti-mt5s
Innovair,Q4+,QOS24H2BM0A,ductless,https://innovair.com/wp-content/uploads/2024/11/Innovair-Q4-Heat-Pump-Mni-Split-Brochure-10.24B.pdf,Brochure PDF,Série et modèles Q4,Élevée,Document officiel trouvé et examiné,,https://data.energystar.gov/Active-Specifications/ENERGY-STAR-Certified-Mini-Split-Heat-Pumps/akti-mt5s
Innovair,Titan,TPV24H2XA,central,https://innovair.com/wp-content/uploads/2026/06/Innovair-Titan-Inverter-Package-Unit-Submittals-0626C.pdf,Submittal PDF fabricant,TPV24/36/48/60 exacts,Élevée,Document officiel trouvé et examiné,,https://data.energystar.gov/Active-Specifications/ENERGY-STAR-Certified-Ducted-Heat-Pumps/3m3x-a2hy
Innovair,Titan,TPV36H2XA,central,https://innovair.com/wp-content/uploads/2026/06/Innovair-Titan-Inverter-Package-Unit-Submittals-0626C.pdf,Submittal PDF fabricant,TPV24/36/48/60 exacts,Élevée,Document officiel trouvé et examiné,,https://data.energystar.gov/Active-Specifications/ENERGY-STAR-Certified-Ducted-Heat-Pumps/3m3x-a2hy
Innovair,Titan,TPV48H2XA,central,https://innovair.com/wp-content/uploads/2026/06/Innovair-Titan-Inverter-Package-Unit-Submittals-0626C.pdf,Submittal PDF fabricant,TPV24/36/48/60 exacts,Élevée,Document officiel trouvé et examiné,,https://data.energystar.gov/Active-Specifications/ENERGY-STAR-Certified-Ducted-Heat-Pumps/3m3x-a2hy
Innovair,Titan,TPV60H2XA,central,https://innovair.com/wp-content/uploads/2026/06/Innovair-Titan-Inverter-Package-Unit-Submittals-0626C.pdf,Submittal PDF fabricant,TPV24/36/48/60 exacts,Élevée,Document officiel trouvé et examiné,,https://data.energystar.gov/Active-Specifications/ENERGY-STAR-Certified-Ducted-Heat-Pumps/3m3x-a2hy
Invertercool,R32 Heat Pump,COH17S-36AD*,central,,,,Non établi,Aucune brochure publique suffisamment précise confirmée après recherche approfondie,Code exact recherché dans les sources fabricant et index publics; ne pas associer un PDF générique.,https://data.energystar.gov/Active-Specifications/ENERGY-STAR-Certified-Ducted-Heat-Pumps/3m3x-a2hy
Invertercool,R32 Heat Pump,COH17S-60AD*,central,,,,Non établi,Aucune brochure publique suffisamment précise confirmée après recherche approfondie,Code exact recherché dans les sources fabricant et index publics; ne pas associer un PDF générique.,https://data.energystar.gov/Active-Specifications/ENERGY-STAR-Certified-Ducted-Heat-Pumps/3m3x-a2hy
Jetson,HP Series,HP-18ODU-001,central,,,,Non établi,Aucune brochure publique suffisamment précise confirmée après recherche approfondie,Code exact recherché dans les sources fabricant et index publics; ne pas associer un PDF générique.,https://data.energystar.gov/Active-Specifications/ENERGY-STAR-Certified-Ducted-Heat-Pumps/3m3x-a2hy
Jetson,HP Series,HP-24ODU-001,central,,,,Non établi,Aucune brochure publique suffisamment précise confirmée après recherche approfondie,Code exact recherché dans les sources fabricant et index publics; ne pas associer un PDF générique.,https://data.energystar.gov/Active-Specifications/ENERGY-STAR-Certified-Ducted-Heat-Pumps/3m3x-a2hy
Jetson,HP Series,HP-30ODU-001,central,,,,Non établi,Aucune brochure publique suffisamment précise confirmée après recherche approfondie,Code exact recherché dans les sources fabricant et index publics; ne pas associer un PDF générique.,https://data.energystar.gov/Active-Specifications/ENERGY-STAR-Certified-Ducted-Heat-Pumps/3m3x-a2hy
Jetson,HP Series,HP-36ODU-001,central,,,,Non établi,Aucune brochure publique suffisamment précise confirmée après recherche approfondie,Code exact recherché dans les sources fabricant et index publics; ne pas associer un PDF générique.,https://data.energystar.gov/Active-Specifications/ENERGY-STAR-Certified-Ducted-Heat-Pumps/3m3x-a2hy
Jetson,HP Series,HP-36ODU-002,central,,,,Non établi,Aucune brochure publique suffisamment précise confirmée après recherche approfondie,Code exact recherché dans les sources fabricant et index publics; ne pas associer un PDF générique.,https://data.energystar.gov/Active-Specifications/ENERGY-STAR-Certified-Ducted-Heat-Pumps/3m3x-a2hy
Jetson,HP Series,HP-48ODU-001,central,,,,Non établi,Aucune brochure publique suffisamment précise confirmée après recherche approfondie,Code exact recherché dans les sources fabricant et index publics; ne pas associer un PDF générique.,https://data.energystar.gov/Active-Specifications/ENERGY-STAR-Certified-Ducted-Heat-Pumps/3m3x-a2hy
Jetson,HP Series,HP-60ODU-001,central,,,,Non établi,Aucune brochure publique suffisamment précise confirmée après recherche approfondie,Code exact recherché dans les sources fabricant et index publics; ne pas associer un PDF générique.,https://data.energystar.gov/Active-Specifications/ENERGY-STAR-Certified-Ducted-Heat-Pumps/3m3x-a2hy
Johnson Controls,LX SERIES,HH836E2S11,central,https://tigard.yorknow.com/pub/media/documentation/hh8_techguide.pdf,Guide technique PDF,Plateforme JCI; marque commerciale à confirmer,Moyenne,Document officiel trouvé et examiné,,https://data.energystar.gov/Active-Specifications/ENERGY-STAR-Certified-Ducted-Heat-Pumps/3m3x-a2hy
Johnson Controls,LX SERIES,HH860E2S11,central,https://tigard.yorknow.com/pub/media/documentation/hh8_techguide.pdf,Guide technique PDF,Plateforme JCI; marque commerciale à confirmer,Moyenne,Document officiel trouvé et examiné,,https://data.energystar.gov/Active-Specifications/ENERGY-STAR-Certified-Ducted-Heat-Pumps/3m3x-a2hy
Johnson Controls,LX SERIES,XH518E2S11,central,https://spring.yorknow.com/documentsearch/,Portail documentaire officiel JCI/York,Rechercher le SKU exact,Moyenne,Portail officiel trouvé et vérifié; PDF exact à sélectionner lorsque précisé,,https://data.energystar.gov/Active-Specifications/ENERGY-STAR-Certified-Ducted-Heat-Pumps/3m3x-a2hy
Johnson Controls,LX SERIES,XH524E2S11,central,https://spring.yorknow.com/documentsearch/,Portail documentaire officiel JCI/York,Rechercher le SKU exact,Moyenne,Portail officiel trouvé et vérifié; PDF exact à sélectionner lorsque précisé,,https://data.energystar.gov/Active-Specifications/ENERGY-STAR-Certified-Ducted-Heat-Pumps/3m3x-a2hy
Johnson Controls,LX SERIES,XH536E2S11,central,https://spring.yorknow.com/documentsearch/,Portail documentaire officiel JCI/York,Rechercher le SKU exact,Moyenne,Portail officiel trouvé et vérifié; PDF exact à sélectionner lorsque précisé,,https://data.energystar.gov/Active-Specifications/ENERGY-STAR-Certified-Ducted-Heat-Pumps/3m3x-a2hy
Johnson Controls,LX SERIES,XH548E2S11,central,https://spring.yorknow.com/documentsearch/,Portail documentaire officiel JCI/York,Rechercher le SKU exact,Moyenne,Portail officiel trouvé et vérifié; PDF exact à sélectionner lorsque précisé,,https://data.energystar.gov/Active-Specifications/ENERGY-STAR-Certified-Ducted-Heat-Pumps/3m3x-a2hy
Johnson Controls,LX SERIES,XH560E2S11,central,https://spring.yorknow.com/documentsearch/,Portail documentaire officiel JCI/York,Rechercher le SKU exact,Moyenne,Portail officiel trouvé et vérifié; PDF exact à sélectionner lorsque précisé,,https://data.energystar.gov/Active-Specifications/ENERGY-STAR-Certified-Ducted-Heat-Pumps/3m3x-a2hy
Johnson Controls,LX SERIES,XH624E2S11,central,https://spring.yorknow.com/documentsearch/,Portail documentaire officiel JCI/York,Rechercher le SKU exact,Moyenne,Portail officiel trouvé et vérifié; PDF exact à sélectionner lorsque précisé,,https://data.energystar.gov/Active-Specifications/ENERGY-STAR-Certified-Ducted-Heat-Pumps/3m3x-a2hy
Johnson Controls,LX SERIES,XH636E2S11,central,https://spring.yorknow.com/documentsearch/,Portail documentaire officiel JCI/York,Rechercher le SKU exact,Moyenne,Portail officiel trouvé et vérifié; PDF exact à sélectionner lorsque précisé,,https://data.energystar.gov/Active-Specifications/ENERGY-STAR-Certified-Ducted-Heat-Pumps/3m3x-a2hy
Johnson Controls,LX SERIES,XH648E2S11,central,https://spring.yorknow.com/documentsearch/,Portail documentaire officiel JCI/York,Rechercher le SKU exact,Moyenne,Portail officiel trouvé et vérifié; PDF exact à sélectionner lorsque précisé,,https://data.energystar.gov/Active-Specifications/ENERGY-STAR-Certified-Ducted-Heat-Pumps/3m3x-a2hy
Johnson Controls,LX SERIES,XH660E2S11,central,https://spring.yorknow.com/documentsearch/,Portail documentaire officiel JCI/York,Rechercher le SKU exact,Moyenne,Portail officiel trouvé et vérifié; PDF exact à sélectionner lorsque précisé,,https://data.energystar.gov/Active-Specifications/ENERGY-STAR-Certified-Ducted-Heat-Pumps/3m3x-a2hy
Johnson Controls,LX SERIES,XH936E2C11,central,https://spring.yorknow.com/documentsearch/,Portail documentaire officiel JCI/York,Rechercher le SKU exact,Moyenne,Portail officiel trouvé et vérifié; PDF exact à sélectionner lorsque précisé,,https://data.energystar.gov/Active-Specifications/ENERGY-STAR-Certified-Ducted-Heat-Pumps/3m3x-a2hy
Johnson Controls,LX SERIES,XH960E2C11,central,https://spring.yorknow.com/documentsearch/,Portail documentaire officiel JCI/York,Rechercher le SKU exact,Moyenne,Portail officiel trouvé et vérifié; PDF exact à sélectionner lorsque précisé,,https://data.energystar.gov/Active-Specifications/ENERGY-STAR-Certified-Ducted-Heat-Pumps/3m3x-a2hy
Kaden,KO Series,KO-PS218HP-2AAMA,ductless,https://www.kadenair.com/products/multi-air-conditioner/,Page fabricant avec téléchargements,Gamme KO; modèles et manuels officiels,Élevée,Portail officiel trouvé et vérifié; PDF exact à sélectionner lorsque précisé,,https://data.energystar.gov/Active-Specifications/ENERGY-STAR-Certified-Mini-Split-Heat-Pumps/akti-mt5s
Kaden,KO Series,KO-PS327HP-2AAMA,ductless,https://www.kadenair.com/products/multi-air-conditioner/,Page fabricant avec téléchargements,Gamme KO; modèles et manuels officiels,Élevée,Portail officiel trouvé et vérifié; PDF exact à sélectionner lorsque précisé,,https://data.energystar.gov/Active-Specifications/ENERGY-STAR-Certified-Mini-Split-Heat-Pumps/akti-mt5s
Kaden,KO Series,KO-PS436HP-2AAMA,ductless,https://www.kadenair.com/products/multi-air-conditioner/,Page fabricant avec téléchargements,Gamme KO; modèles et manuels officiels,Élevée,Portail officiel trouvé et vérifié; PDF exact à sélectionner lorsque précisé,,https://data.energystar.gov/Active-Specifications/ENERGY-STAR-Certified-Mini-Split-Heat-Pumps/akti-mt5s
Kaden,KO Series,KO-PSX06HP-2AAMA,ductless,https://www.kadenair.com/products/multi-air-conditioner/,Page fabricant avec téléchargements,Gamme KO; modèles et manuels officiels,Élevée,Portail officiel trouvé et vérifié; PDF exact à sélectionner lorsque précisé,,https://data.energystar.gov/Active-Specifications/ENERGY-STAR-Certified-Mini-Split-Heat-Pumps/akti-mt5s
Kaden,KO Series,KO-PSX09HP-1AAMA,ductless,https://www.kadenair.com/products/multi-air-conditioner/,Page fabricant avec téléchargements,Gamme KO; modèles et manuels officiels,Élevée,Portail officiel trouvé et vérifié; PDF exact à sélectionner lorsque précisé,,https://data.energystar.gov/Active-Specifications/ENERGY-STAR-Certified-Mini-Split-Heat-Pumps/akti-mt5s
Kaden,KO Series,KO-PSX09HP-2AAMA,ductless,https://www.kadenair.com/products/multi-air-conditioner/,Page fabricant avec téléchargements,Gamme KO; modèles et manuels officiels,Élevée,Portail officiel trouvé et vérifié; PDF exact à sélectionner lorsque précisé,,https://data.energystar.gov/Active-Specifications/ENERGY-STAR-Certified-Mini-Split-Heat-Pumps/akti-mt5s
Kaden,KO Series,KO-PSX12HP-1AAMA,ductless,https://www.kadenair.com/products/multi-air-conditioner/,Page fabricant avec téléchargements,Gamme KO; modèles et manuels officiels,Élevée,Portail officiel trouvé et vérifié; PDF exact à sélectionner lorsque précisé,,https://data.energystar.gov/Active-Specifications/ENERGY-STAR-Certified-Mini-Split-Heat-Pumps/akti-mt5s
Kaden,KO Series,KO-PSX12HP-2AAMA,ductless,https://www.kadenair.com/products/multi-air-conditioner/,Page fabricant avec téléchargements,Gamme KO; modèles et manuels officiels,Élevée,Portail officiel trouvé et vérifié; PDF exact à sélectionner lorsque précisé,,https://data.energystar.gov/Active-Specifications/ENERGY-STAR-Certified-Mini-Split-Heat-Pumps/akti-mt5s
Kaden,KO Series,KO-PSX18HP-2AAMA,ductless,https://www.kadenair.com/products/multi-air-conditioner/,Page fabricant avec téléchargements,Gamme KO; modèles et manuels officiels,Élevée,Portail officiel trouvé et vérifié; PDF exact à sélectionner lorsque précisé,,https://data.energystar.gov/Active-Specifications/ENERGY-STAR-Certified-Mini-Split-Heat-Pumps/akti-mt5s
Kaden,KO Series,KO-PSX24HP-2AAMA,ductless,https://www.kadenair.com/products/multi-air-conditioner/,Page fabricant avec téléchargements,Gamme KO; modèles et manuels officiels,Élevée,Portail officiel trouvé et vérifié; PDF exact à sélectionner lorsque précisé,,https://data.energystar.gov/Active-Specifications/ENERGY-STAR-Certified-Mini-Split-Heat-Pumps/akti-mt5s
Kaden,KO Series,KO-UUS24HP-2AAMA,central,https://www.kadenair.com/products/multi-air-conditioner/,Page fabricant avec téléchargements,Gamme KO; modèles et manuels officiels,Élevée,Portail officiel trouvé et vérifié; PDF exact à sélectionner lorsque précisé,,https://data.energystar.gov/Active-Specifications/ENERGY-STAR-Certified-Ducted-Heat-Pumps/3m3x-a2hy
Kaden,KO Series,KO-UUX24HP-2AAMA,central,https://www.kadenair.com/products/multi-air-conditioner/,Page fabricant avec téléchargements,Gamme KO; modèles et manuels officiels,Élevée,Portail officiel trouvé et vérifié; PDF exact à sélectionner lorsque précisé,,https://data.energystar.gov/Active-Specifications/ENERGY-STAR-Certified-Ducted-Heat-Pumps/3m3x-a2hy
Kaden,KO Series,KOB-HH-PS218HP-2AAMA,ductless,https://www.kadenair.com/products/multi-air-conditioner/,Page fabricant avec téléchargements,Gamme KO; modèles et manuels officiels,Élevée,Portail officiel trouvé et vérifié; PDF exact à sélectionner lorsque précisé,,https://data.energystar.gov/Active-Specifications/ENERGY-STAR-Certified-Mini-Split-Heat-Pumps/akti-mt5s
Kaden,KO Series,KOB-HH-PS318HP-2AAMA,ductless,https://www.kadenair.com/products/multi-air-conditioner/,Page fabricant avec téléchargements,Gamme KO; modèles et manuels officiels,Élevée,Portail officiel trouvé et vérifié; PDF exact à sélectionner lorsque précisé,,https://data.energystar.gov/Active-Specifications/ENERGY-STAR-Certified-Mini-Split-Heat-Pumps/akti-mt5s
Kaden,KO Series,KOB-HH-PS327HP-2AAMA,ductless,https://www.kadenair.com/products/multi-air-conditioner/,Page fabricant avec téléchargements,Gamme KO; modèles et manuels officiels,Élevée,Portail officiel trouvé et vérifié; PDF exact à sélectionner lorsque précisé,,https://data.energystar.gov/Active-Specifications/ENERGY-STAR-Certified-Mini-Split-Heat-Pumps/akti-mt5s
Kaden,KO Series,KOB-HH-PS427HP-2AAMA,ductless,https://www.kadenair.com/products/multi-air-conditioner/,Page fabricant avec téléchargements,Gamme KO; modèles et manuels officiels,Élevée,Portail officiel trouvé et vérifié; PDF exact à sélectionner lorsque précisé,,https://data.energystar.gov/Active-Specifications/ENERGY-STAR-Certified-Mini-Split-Heat-Pumps/akti-mt5s
Kaden,KO Series,KOB-HH-PS436HP-2AAMA,ductless,https://www.kadenair.com/products/multi-air-conditioner/,Page fabricant avec téléchargements,Gamme KO; modèles et manuels officiels,Élevée,Portail officiel trouvé et vérifié; PDF exact à sélectionner lorsque précisé,,https://data.energystar.gov/Active-Specifications/ENERGY-STAR-Certified-Mini-Split-Heat-Pumps/akti-mt5s
Kaden,KO Series,KOB-HH-PS536HP-2AAMA,ductless,https://www.kadenair.com/products/multi-air-conditioner/,Page fabricant avec téléchargements,Gamme KO; modèles et manuels officiels,Élevée,Portail officiel trouvé et vérifié; PDF exact à sélectionner lorsque précisé,,https://data.energystar.gov/Active-Specifications/ENERGY-STAR-Certified-Mini-Split-Heat-Pumps/akti-mt5s
Kaden,KO Series,KOB-HH-PS548HP-2AAMA,ductless,https://www.kadenair.com/products/multi-air-conditioner/,Page fabricant avec téléchargements,Gamme KO; modèles et manuels officiels,Élevée,Portail officiel trouvé et vérifié; PDF exact à sélectionner lorsque précisé,,https://data.energystar.gov/Active-Specifications/ENERGY-STAR-Certified-Mini-Split-Heat-Pumps/akti-mt5s
Kaden,KO Series,KOB-HH-PS555HP-2AAMA,ductless,https://www.kadenair.com/products/multi-air-conditioner/,Page fabricant avec téléchargements,Gamme KO; modèles et manuels officiels,Élevée,Portail officiel trouvé et vérifié; PDF exact à sélectionner lorsque précisé,,https://data.energystar.gov/Active-Specifications/ENERGY-STAR-Certified-Mini-Split-Heat-Pumps/akti-mt5s
Kaden,KO Series,KOB-HH-PS648HP-2AAMA,ductless,https://www.kadenair.com/products/multi-air-conditioner/,Page fabricant avec téléchargements,Gamme KO; modèles et manuels officiels,Élevée,Portail officiel trouvé et vérifié; PDF exact à sélectionner lorsque précisé,,https://data.energystar.gov/Active-Specifications/ENERGY-STAR-Certified-Mini-Split-Heat-Pumps/akti-mt5s
Kaden,KO Series,KOB-HH-PS655HP-2AAMA,ductless,https://www.kadenair.com/products/multi-air-conditioner/,Page fabricant avec téléchargements,Gamme KO; modèles et manuels officiels,Élevée,Portail officiel trouvé et vérifié; PDF exact à sélectionner lorsque précisé,,https://data.energystar.gov/Active-Specifications/ENERGY-STAR-Certified-Mini-Split-Heat-Pumps/akti-mt5s
Kaden,KO Series,KOB-HH-PSX06HP-2AAMA,ductless,https://www.kadenair.com/products/multi-air-conditioner/,Page fabricant avec téléchargements,Gamme KO; modèles et manuels officiels,Élevée,Portail officiel trouvé et vérifié; PDF exact à sélectionner lorsque précisé,,https://data.energystar.gov/Active-Specifications/ENERGY-STAR-Certified-Mini-Split-Heat-Pumps/akti-mt5s
Kaden,KO Series,KOB-HH-PSX09HP-2AAMA,ductless,https://www.kadenair.com/products/multi-air-conditioner/,Page fabricant avec téléchargements,Gamme KO; modèles et manuels officiels,Élevée,Portail officiel trouvé et vérifié; PDF exact à sélectionner lorsque précisé,,https://data.energystar.gov/Active-Specifications/ENERGY-STAR-Certified-Mini-Split-Heat-Pumps/akti-mt5s
Kaden,KO Series,KOB-HH-PSX12HP-2AAMA,ductless,https://www.kadenair.com/products/multi-air-conditioner/,Page fabricant avec téléchargements,Gamme KO; modèles et manuels officiels,Élevée,Portail officiel trouvé et vérifié; PDF exact à sélectionner lorsque précisé,,https://data.energystar.gov/Active-Specifications/ENERGY-STAR-Certified-Mini-Split-Heat-Pumps/akti-mt5s
Kaden,KO Series,KOB-HH-PSX18HP-2AAMA,ductless,https://www.kadenair.com/products/multi-air-conditioner/,Page fabricant avec téléchargements,Gamme KO; modèles et manuels officiels,Élevée,Portail officiel trouvé et vérifié; PDF exact à sélectionner lorsque précisé,,https://data.energystar.gov/Active-Specifications/ENERGY-STAR-Certified-Mini-Split-Heat-Pumps/akti-mt5s
Kaden,KO Series,KOB-HH-PSX24HP-2AAMA,ductless,https://www.kadenair.com/products/multi-air-conditioner/,Page fabricant avec téléchargements,Gamme KO; modèles et manuels officiels,Élevée,Portail officiel trouvé et vérifié; PDF exact à sélectionner lorsque précisé,,https://data.energystar.gov/Active-Specifications/ENERGY-STAR-Certified-Mini-Split-Heat-Pumps/akti-mt5s
Kaden,KO Series,KOB-HH-PSX33HP-2AAMA,ductless,https://www.kadenair.com/products/multi-air-conditioner/,Page fabricant avec téléchargements,Gamme KO; modèles et manuels officiels,Élevée,Portail officiel trouvé et vérifié; PDF exact à sélectionner lorsque précisé,,https://data.energystar.gov/Active-Specifications/ENERGY-STAR-Certified-Mini-Split-Heat-Pumps/akti-mt5s
Kaden,KO Series,KOB-HH-PSX36HP-2AAMA,ductless,https://www.kadenair.com/products/multi-air-conditioner/,Page fabricant avec téléchargements,Gamme KO; modèles et manuels officiels,Élevée,Portail officiel trouvé et vérifié; PDF exact à sélectionner lorsque précisé,,https://data.energystar.gov/Active-Specifications/ENERGY-STAR-Certified-Mini-Split-Heat-Pumps/akti-mt5s
Kaden,KO Series,KOB-HH-UUX18HP-2AAMA,central,https://www.kadenair.com/products/multi-air-conditioner/,Page fabricant avec téléchargements,Gamme KO; modèles et manuels officiels,Élevée,Portail officiel trouvé et vérifié; PDF exact à sélectionner lorsque précisé,,https://data.energystar.gov/Active-Specifications/ENERGY-STAR-Certified-Ducted-Heat-Pumps/3m3x-a2hy
Kaden,KO Series,KOB-HH-UUX24HP-2AAMA,central,https://www.kadenair.com/products/multi-air-conditioner/,Page fabricant avec téléchargements,Gamme KO; modèles et manuels officiels,Élevée,Portail officiel trouvé et vérifié; PDF exact à sélectionner lorsque précisé,,https://data.energystar.gov/Active-Specifications/ENERGY-STAR-Certified-Ducted-Heat-Pumps/3m3x-a2hy
Kaden,KO Series,KOB-HH-UUX30HP-2AAMA,central,https://www.kadenair.com/products/multi-air-conditioner/,Page fabricant avec téléchargements,Gamme KO; modèles et manuels officiels,Élevée,Portail officiel trouvé et vérifié; PDF exact à sélectionner lorsque précisé,,https://data.energystar.gov/Active-Specifications/ENERGY-STAR-Certified-Ducted-Heat-Pumps/3m3x-a2hy
Kaden,KO Series,KOB-HH-UUX36HP-2AAMA,central,https://www.kadenair.com/products/multi-air-conditioner/,Page fabricant avec téléchargements,Gamme KO; modèles et manuels officiels,Élevée,Portail officiel trouvé et vérifié; PDF exact à sélectionner lorsque précisé,,https://data.energystar.gov/Active-Specifications/ENERGY-STAR-Certified-Ducted-Heat-Pumps/3m3x-a2hy
Kaden,KO Series,KOB-HH-UUX48HP-2AAMA,central,https://www.kadenair.com/products/multi-air-conditioner/,Page fabricant avec téléchargements,Gamme KO; modèles et manuels officiels,Élevée,Portail officiel trouvé et vérifié; PDF exact à sélectionner lorsque précisé,,https://data.energystar.gov/Active-Specifications/ENERGY-STAR-Certified-Ducted-Heat-Pumps/3m3x-a2hy
Kaden,KO Series,KOB-HH-UUX60HP-2AAMA,central,https://www.kadenair.com/products/multi-air-conditioner/,Page fabricant avec téléchargements,Gamme KO; modèles et manuels officiels,Élevée,Portail officiel trouvé et vérifié; PDF exact à sélectionner lorsque précisé,,https://data.energystar.gov/Active-Specifications/ENERGY-STAR-Certified-Ducted-Heat-Pumps/3m3x-a2hy
Kaden,KO Series,KOB-PS218HP-2AAMA,ductless,https://www.kadenair.com/products/multi-air-conditioner/,Page fabricant avec téléchargements,Gamme KO; modèles et manuels officiels,Élevée,Portail officiel trouvé et vérifié; PDF exact à sélectionner lorsque précisé,,https://data.energystar.gov/Active-Specifications/ENERGY-STAR-Certified-Mini-Split-Heat-Pumps/akti-mt5s
Kaden,KO Series,KOB-PS318HP-2AAMA,ductless,https://www.kadenair.com/products/multi-air-conditioner/,Page fabricant avec téléchargements,Gamme KO; modèles et manuels officiels,Élevée,Portail officiel trouvé et vérifié; PDF exact à sélectionner lorsque précisé,,https://data.energystar.gov/Active-Specifications/ENERGY-STAR-Certified-Mini-Split-Heat-Pumps/akti-mt5s
Kaden,KO Series,KOB-PS327HP-2AAMA,ductless,https://www.kadenair.com/products/multi-air-conditioner/,Page fabricant avec téléchargements,Gamme KO; modèles et manuels officiels,Élevée,Portail officiel trouvé et vérifié; PDF exact à sélectionner lorsque précisé,,https://data.energystar.gov/Active-Specifications/ENERGY-STAR-Certified-Mini-Split-Heat-Pumps/akti-mt5s
Kaden,KO Series,KOB-PS427HP-2AAMA,ductless,https://www.kadenair.com/products/multi-air-conditioner/,Page fabricant avec téléchargements,Gamme KO; modèles et manuels officiels,Élevée,Portail officiel trouvé et vérifié; PDF exact à sélectionner lorsque précisé,,https://data.energystar.gov/Active-Specifications/ENERGY-STAR-Certified-Mini-Split-Heat-Pumps/akti-mt5s
Kaden,KO Series,KOB-PS436HP-2AAMA,ductless,https://www.kadenair.com/products/multi-air-conditioner/,Page fabricant avec téléchargements,Gamme KO; modèles et manuels officiels,Élevée,Portail officiel trouvé et vérifié; PDF exact à sélectionner lorsque précisé,,https://data.energystar.gov/Active-Specifications/ENERGY-STAR-Certified-Mini-Split-Heat-Pumps/akti-mt5s
Kaden,KO Series,KOB-PS536HP-2AAMA,ductless,https://www.kadenair.com/products/multi-air-conditioner/,Page fabricant avec téléchargements,Gamme KO; modèles et manuels officiels,Élevée,Portail officiel trouvé et vérifié; PDF exact à sélectionner lorsque précisé,,https://data.energystar.gov/Active-Specifications/ENERGY-STAR-Certified-Mini-Split-Heat-Pumps/akti-mt5s
Kaden,KO Series,KOB-PSX09HP-1AAMA,ductless,https://www.kadenair.com/products/multi-air-conditioner/,Page fabricant avec téléchargements,Gamme KO; modèles et manuels officiels,Élevée,Portail officiel trouvé et vérifié; PDF exact à sélectionner lorsque précisé,,https://data.energystar.gov/Active-Specifications/ENERGY-STAR-Certified-Mini-Split-Heat-Pumps/akti-mt5s
Kaden,KO Series,KOB-PSX09HP-2AAMA,ductless,https://www.kadenair.com/products/multi-air-conditioner/,Page fabricant avec téléchargements,Gamme KO; modèles et manuels officiels,Élevée,Portail officiel trouvé et vérifié; PDF exact à sélectionner lorsque précisé,,https://data.energystar.gov/Active-Specifications/ENERGY-STAR-Certified-Mini-Split-Heat-Pumps/akti-mt5s
Kaden,KO Series,KOB-PSX12HP-1AAMA,ductless,https://www.kadenair.com/products/multi-air-conditioner/,Page fabricant avec téléchargements,Gamme KO; modèles et manuels officiels,Élevée,Portail officiel trouvé et vérifié; PDF exact à sélectionner lorsque précisé,,https://data.energystar.gov/Active-Specifications/ENERGY-STAR-Certified-Mini-Split-Heat-Pumps/akti-mt5s
Kaden,KO Series,KOB-PSX12HP-2AAMA,ductless,https://www.kadenair.com/products/multi-air-conditioner/,Page fabricant avec téléchargements,Gamme KO; modèles et manuels officiels,Élevée,Portail officiel trouvé et vérifié; PDF exact à sélectionner lorsque précisé,,https://data.energystar.gov/Active-Specifications/ENERGY-STAR-Certified-Mini-Split-Heat-Pumps/akti-mt5s
Kaden,KO Series,KOB-PSX18HP-2AAMA,ductless,https://www.kadenair.com/products/multi-air-conditioner/,Page fabricant avec téléchargements,Gamme KO; modèles et manuels officiels,Élevée,Portail officiel trouvé et vérifié; PDF exact à sélectionner lorsque précisé,,https://data.energystar.gov/Active-Specifications/ENERGY-STAR-Certified-Mini-Split-Heat-Pumps/akti-mt5s
Kaden,KO Series,KOB-PSX24HP-2AAMA,ductless,https://www.kadenair.com/products/multi-air-conditioner/,Page fabricant avec téléchargements,Gamme KO; modèles et manuels officiels,Élevée,Portail officiel trouvé et vérifié; PDF exact à sélectionner lorsque précisé,,https://data.energystar.gov/Active-Specifications/ENERGY-STAR-Certified-Mini-Split-Heat-Pumps/akti-mt5s
Kaden,KO Series,KOB-UUX18HP-2AAMA,central,https://www.kadenair.com/products/multi-air-conditioner/,Page fabricant avec téléchargements,Gamme KO; modèles et manuels officiels,Élevée,Portail officiel trouvé et vérifié; PDF exact à sélectionner lorsque précisé,,https://data.energystar.gov/Active-Specifications/ENERGY-STAR-Certified-Ducted-Heat-Pumps/3m3x-a2hy
Kaden,KO Series,KOB-UUX24HP-2AAMA,central,https://www.kadenair.com/products/multi-air-conditioner/,Page fabricant avec téléchargements,Gamme KO; modèles et manuels officiels,Élevée,Portail officiel trouvé et vérifié; PDF exact à sélectionner lorsque précisé,,https://data.energystar.gov/Active-Specifications/ENERGY-STAR-Certified-Ducted-Heat-Pumps/3m3x-a2hy
Kaden,KO Series,KOB-UUX36HP-2AAMA,central,https://www.kadenair.com/products/multi-air-conditioner/,Page fabricant avec téléchargements,Gamme KO; modèles et manuels officiels,Élevée,Portail officiel trouvé et vérifié; PDF exact à sélectionner lorsque précisé,,https://data.energystar.gov/Active-Specifications/ENERGY-STAR-Certified-Ducted-Heat-Pumps/3m3x-a2hy
Kaden,KO Series,KOB-UUX48HP-2AAMA,central,https://www.kadenair.com/products/multi-air-conditioner/,Page fabricant avec téléchargements,Gamme KO; modèles et manuels officiels,Élevée,Portail officiel trouvé et vérifié; PDF exact à sélectionner lorsque précisé,,https://data.energystar.gov/Active-Specifications/ENERGY-STAR-Certified-Ducted-Heat-Pumps/3m3x-a2hy
Kaden,KO Series,KOB-UUX60HP-2AAMA,central,https://www.kadenair.com/products/multi-air-conditioner/,Page fabricant avec téléchargements,Gamme KO; modèles et manuels officiels,Élevée,Portail officiel trouvé et vérifié; PDF exact à sélectionner lorsque précisé,,https://data.energystar.gov/Active-Specifications/ENERGY-STAR-Certified-Ducted-Heat-Pumps/3m3x-a2hy
KANIONco,super heated,KWSM-09IR454BHS25R,ductless,,,,Non établi,Aucune brochure publique suffisamment précise confirmée après recherche approfondie,Code exact recherché dans les sources fabricant et index publics; ne pas associer un PDF générique.,https://data.energystar.gov/Active-Specifications/ENERGY-STAR-Certified-Mini-Split-Heat-Pumps/akti-mt5s
KANIONco,super heated,KWSM-12IR454BHS25R,ductless,,,,Non établi,Aucune brochure publique suffisamment précise confirmée après recherche approfondie,Code exact recherché dans les sources fabricant et index publics; ne pas associer un PDF générique.,https://data.energystar.gov/Active-Specifications/ENERGY-STAR-Certified-Mini-Split-Heat-Pumps/akti-mt5s
KANIONco,super heated,KWSM-18IR454BHS23.5R,ductless,,,,Non établi,Aucune brochure publique suffisamment précise confirmée après recherche approfondie,Code exact recherché dans les sources fabricant et index publics; ne pas associer un PDF générique.,https://data.energystar.gov/Active-Specifications/ENERGY-STAR-Certified-Mini-Split-Heat-Pumps/akti-mt5s
KANIONco,super heated,KWSM-24IR454BHS22.5R*,ductless,,,,Non établi,Aucune brochure publique suffisamment précise confirmée après recherche approfondie,Code exact recherché dans les sources fabricant et index publics; ne pas associer un PDF générique.,https://data.energystar.gov/Active-Specifications/ENERGY-STAR-Certified-Mini-Split-Heat-Pumps/akti-mt5s
KANIONco,super heated,KWSM-24IR454BHS22.5R,ductless,,,,Non établi,Aucune brochure publique suffisamment précise confirmée après recherche approfondie,Code exact recherché dans les sources fabricant et index publics; ne pas associer un PDF générique.,https://data.energystar.gov/Active-Specifications/ENERGY-STAR-Certified-Mini-Split-Heat-Pumps/akti-mt5s
KANIONco,super heated,KWSMO-18IR454BHS27R,ductless,,,,Non établi,Aucune brochure publique suffisamment précise confirmée après recherche approfondie,Code exact recherché dans les sources fabricant et index publics; ne pas associer un PDF générique.,https://data.energystar.gov/Active-Specifications/ENERGY-STAR-Certified-Mini-Split-Heat-Pumps/akti-mt5s
KANIONco,super heated,KWSMO-27IR454BHS26.5R,ductless,,,,Non établi,Aucune brochure publique suffisamment précise confirmée après recherche approfondie,Code exact recherché dans les sources fabricant et index publics; ne pas associer un PDF générique.,https://data.energystar.gov/Active-Specifications/ENERGY-STAR-Certified-Mini-Split-Heat-Pumps/akti-mt5s
KANIONco,super heated,KWSMO-36IR454BHS25R,ductless,,,,Non établi,Aucune brochure publique suffisamment précise confirmée après recherche approfondie,Code exact recherché dans les sources fabricant et index publics; ne pas associer un PDF générique.,https://data.energystar.gov/Active-Specifications/ENERGY-STAR-Certified-Mini-Split-Heat-Pumps/akti-mt5s
KANIONco,super heated,KWSMO-48IR454BHS24R,ductless,,,,Non établi,Aucune brochure publique suffisamment précise confirmée après recherche approfondie,Code exact recherché dans les sources fabricant et index publics; ne pas associer un PDF générique.,https://data.energystar.gov/Active-Specifications/ENERGY-STAR-Certified-Mini-Split-Heat-Pumps/akti-mt5s
KANIONco,super heated,KWSMO-55IR454BHS22.5R,ductless,,,,Non établi,Aucune brochure publique suffisamment précise confirmée après recherche approfondie,Code exact recherché dans les sources fabricant et index publics; ne pas associer un PDF générique.,https://data.energystar.gov/Active-Specifications/ENERGY-STAR-Certified-Mini-Split-Heat-Pumps/akti-mt5s
Keeprite,D5C Series,D5CUHAH18AAK,central,https://www.shareddocs.com/hvac/docs/1011/Public/03/DLS-045-KR-00.pdf,Brochure PDF de marque,Familles D5CUHAH/D5CURAH,Élevée,Document officiel trouvé et examiné,,https://data.energystar.gov/Active-Specifications/ENERGY-STAR-Certified-Ducted-Heat-Pumps/3m3x-a2hy
Keeprite,D5C Series,D5CUHAH24AAK,central,https://www.shareddocs.com/hvac/docs/1011/Public/03/DLS-045-KR-00.pdf,Brochure PDF de marque,Familles D5CUHAH/D5CURAH,Élevée,Document officiel trouvé et examiné,,https://data.energystar.gov/Active-Specifications/ENERGY-STAR-Certified-Ducted-Heat-Pumps/3m3x-a2hy
Keeprite,D5C Series,D5CUHAH30AAK,central,https://www.shareddocs.com/hvac/docs/1011/Public/03/DLS-045-KR-00.pdf,Brochure PDF de marque,Familles D5CUHAH/D5CURAH,Élevée,Document officiel trouvé et examiné,,https://data.energystar.gov/Active-Specifications/ENERGY-STAR-Certified-Ducted-Heat-Pumps/3m3x-a2hy
Keeprite,D5C Series,D5CUHAH36AAK,central,https://www.shareddocs.com/hvac/docs/1011/Public/03/DLS-045-KR-00.pdf,Brochure PDF de marque,Familles D5CUHAH/D5CURAH,Élevée,Document officiel trouvé et examiné,,https://data.energystar.gov/Active-Specifications/ENERGY-STAR-Certified-Ducted-Heat-Pumps/3m3x-a2hy
Keeprite,D5C Series,D5CURAH18AAK,central,https://www.shareddocs.com/hvac/docs/1011/Public/03/DLS-045-KR-00.pdf,Brochure PDF de marque,Familles D5CUHAH/D5CURAH,Élevée,Document officiel trouvé et examiné,,https://data.energystar.gov/Active-Specifications/ENERGY-STAR-Certified-Ducted-Heat-Pumps/3m3x-a2hy
Keeprite,D5C Series,D5CURAH24AAK,central,https://www.shareddocs.com/hvac/docs/1011/Public/03/DLS-045-KR-00.pdf,Brochure PDF de marque,Familles D5CUHAH/D5CURAH,Élevée,Document officiel trouvé et examiné,,https://data.energystar.gov/Active-Specifications/ENERGY-STAR-Certified-Ducted-Heat-Pumps/3m3x-a2hy
Keeprite,D5C Series,D5CURAH30AAK,central,https://www.shareddocs.com/hvac/docs/1011/Public/03/DLS-045-KR-00.pdf,Brochure PDF de marque,Familles D5CUHAH/D5CURAH,Élevée,Document officiel trouvé et examiné,,https://data.energystar.gov/Active-Specifications/ENERGY-STAR-Certified-Ducted-Heat-Pumps/3m3x-a2hy
Keeprite,D5C Series,D5CURAH36AAK,central,https://www.shareddocs.com/hvac/docs/1011/Public/03/DLS-045-KR-00.pdf,Brochure PDF de marque,Familles D5CUHAH/D5CURAH,Élevée,Document officiel trouvé et examiné,,https://data.energystar.gov/Active-Specifications/ENERGY-STAR-Certified-Ducted-Heat-Pumps/3m3x-a2hy
Kenmore,D5C Series,D5CUHAH18AAK,central,https://www.shareddocs.com/hvac/,Bibliothèque documentaire OEM Carrier/ICP,Familles D5C/LX; marque privée à confirmer,Faible,Portail officiel trouvé et vérifié; PDF exact à sélectionner lorsque précisé,,https://data.energystar.gov/Active-Specifications/ENERGY-STAR-Certified-Ducted-Heat-Pumps/3m3x-a2hy
Kenmore,D5C Series,D5CUHAH24AAK,central,https://www.shareddocs.com/hvac/,Bibliothèque documentaire OEM Carrier/ICP,Familles D5C/LX; marque privée à confirmer,Faible,Portail officiel trouvé et vérifié; PDF exact à sélectionner lorsque précisé,,https://data.energystar.gov/Active-Specifications/ENERGY-STAR-Certified-Ducted-Heat-Pumps/3m3x-a2hy
Kenmore,D5C Series,D5CUHAH30AAK,central,https://www.shareddocs.com/hvac/,Bibliothèque documentaire OEM Carrier/ICP,Familles D5C/LX; marque privée à confirmer,Faible,Portail officiel trouvé et vérifié; PDF exact à sélectionner lorsque précisé,,https://data.energystar.gov/Active-Specifications/ENERGY-STAR-Certified-Ducted-Heat-Pumps/3m3x-a2hy
Kenmore,D5C Series,D5CUHAH36AAK,central,https://www.shareddocs.com/hvac/,Bibliothèque documentaire OEM Carrier/ICP,Familles D5C/LX; marque privée à confirmer,Faible,Portail officiel trouvé et vérifié; PDF exact à sélectionner lorsque précisé,,https://data.energystar.gov/Active-Specifications/ENERGY-STAR-Certified-Ducted-Heat-Pumps/3m3x-a2hy
Kenmore,D5C Series,D5CURAH18AAK,central,https://www.shareddocs.com/hvac/,Bibliothèque documentaire OEM Carrier/ICP,Familles D5C/LX; marque privée à confirmer,Faible,Portail officiel trouvé et vérifié; PDF exact à sélectionner lorsque précisé,,https://data.energystar.gov/Active-Specifications/ENERGY-STAR-Certified-Ducted-Heat-Pumps/3m3x-a2hy
Kenmore,D5C Series,D5CURAH24AAK,central,https://www.shareddocs.com/hvac/,Bibliothèque documentaire OEM Carrier/ICP,Familles D5C/LX; marque privée à confirmer,Faible,Portail officiel trouvé et vérifié; PDF exact à sélectionner lorsque précisé,,https://data.energystar.gov/Active-Specifications/ENERGY-STAR-Certified-Ducted-Heat-Pumps/3m3x-a2hy
Kenmore,D5C Series,D5CURAH30AAK,central,https://www.shareddocs.com/hvac/,Bibliothèque documentaire OEM Carrier/ICP,Familles D5C/LX; marque privée à confirmer,Faible,Portail officiel trouvé et vérifié; PDF exact à sélectionner lorsque précisé,,https://data.energystar.gov/Active-Specifications/ENERGY-STAR-Certified-Ducted-Heat-Pumps/3m3x-a2hy
Kenmore,D5C Series,D5CURAH36AAK,central,https://www.shareddocs.com/hvac/,Bibliothèque documentaire OEM Carrier/ICP,Familles D5C/LX; marque privée à confirmer,Faible,Portail officiel trouvé et vérifié; PDF exact à sélectionner lorsque précisé,,https://data.energystar.gov/Active-Specifications/ENERGY-STAR-Certified-Ducted-Heat-Pumps/3m3x-a2hy
Kenmore,LX SERIES,HH824E2S11*,central,https://www.shareddocs.com/hvac/,Bibliothèque documentaire OEM Carrier/ICP,Familles D5C/LX; marque privée à confirmer,Faible,Portail officiel trouvé et vérifié; PDF exact à sélectionner lorsque précisé,,https://data.energystar.gov/Active-Specifications/ENERGY-STAR-Certified-Ducted-Heat-Pumps/3m3x-a2hy
Kenmore,LX SERIES,HH824E2S12,central,https://www.shareddocs.com/hvac/,Bibliothèque documentaire OEM Carrier/ICP,Familles D5C/LX; marque privée à confirmer,Faible,Portail officiel trouvé et vérifié; PDF exact à sélectionner lorsque précisé,,https://data.energystar.gov/Active-Specifications/ENERGY-STAR-Certified-Ducted-Heat-Pumps/3m3x-a2hy
Kenmore,LX SERIES,HH836E2S11*,central,https://www.shareddocs.com/hvac/,Bibliothèque documentaire OEM Carrier/ICP,Familles D5C/LX; marque privée à confirmer,Faible,Portail officiel trouvé et vérifié; PDF exact à sélectionner lorsque précisé,,https://data.energystar.gov/Active-Specifications/ENERGY-STAR-Certified-Ducted-Heat-Pumps/3m3x-a2hy
Kenmore,LX SERIES,HH836E2S12,central,https://www.shareddocs.com/hvac/,Bibliothèque documentaire OEM Carrier/ICP,Familles D5C/LX; marque privée à confirmer,Faible,Portail officiel trouvé et vérifié; PDF exact à sélectionner lorsque précisé,,https://data.energystar.gov/Active-Specifications/ENERGY-STAR-Certified-Ducted-Heat-Pumps/3m3x-a2hy
Kenmore,LX SERIES,HH860E2S11*,central,https://www.shareddocs.com/hvac/,Bibliothèque documentaire OEM Carrier/ICP,Familles D5C/LX; marque privée à confirmer,Faible,Portail officiel trouvé et vérifié; PDF exact à sélectionner lorsque précisé,,https://data.energystar.gov/Active-Specifications/ENERGY-STAR-Certified-Ducted-Heat-Pumps/3m3x-a2hy
Kenmore,LX SERIES,HH860E2S12,central,https://www.shareddocs.com/hvac/,Bibliothèque documentaire OEM Carrier/ICP,Familles D5C/LX; marque privée à confirmer,Faible,Portail officiel trouvé et vérifié; PDF exact à sélectionner lorsque précisé,,https://data.energystar.gov/Active-Specifications/ENERGY-STAR-Certified-Ducted-Heat-Pumps/3m3x-a2hy
Kenmore,LX SERIES,XH518E2S11*,central,https://www.shareddocs.com/hvac/,Bibliothèque documentaire OEM Carrier/ICP,Familles D5C/LX; marque privée à confirmer,Faible,Portail officiel trouvé et vérifié; PDF exact à sélectionner lorsque précisé,,https://data.energystar.gov/Active-Specifications/ENERGY-STAR-Certified-Ducted-Heat-Pumps/3m3x-a2hy
Kenmore,LX SERIES,XH524E2S11*,central,https://www.shareddocs.com/hvac/,Bibliothèque documentaire OEM Carrier/ICP,Familles D5C/LX; marque privée à confirmer,Faible,Portail officiel trouvé et vérifié; PDF exact à sélectionner lorsque précisé,,https://data.energystar.gov/Active-Specifications/ENERGY-STAR-Certified-Ducted-Heat-Pumps/3m3x-a2hy
Kenmore,LX SERIES,XH536E2S11*,central,https://www.shareddocs.com/hvac/,Bibliothèque documentaire OEM Carrier/ICP,Familles D5C/LX; marque privée à confirmer,Faible,Portail officiel trouvé et vérifié; PDF exact à sélectionner lorsque précisé,,https://data.energystar.gov/Active-Specifications/ENERGY-STAR-Certified-Ducted-Heat-Pumps/3m3x-a2hy
Kenmore,LX SERIES,XH548E2S11*,central,https://www.shareddocs.com/hvac/,Bibliothèque documentaire OEM Carrier/ICP,Familles D5C/LX; marque privée à confirmer,Faible,Portail officiel trouvé et vérifié; PDF exact à sélectionner lorsque précisé,,https://data.energystar.gov/Active-Specifications/ENERGY-STAR-Certified-Ducted-Heat-Pumps/3m3x-a2hy
Kenmore,LX SERIES,XH560E2S11*,central,https://www.shareddocs.com/hvac/,Bibliothèque documentaire OEM Carrier/ICP,Familles D5C/LX; marque privée à confirmer,Faible,Portail officiel trouvé et vérifié; PDF exact à sélectionner lorsque précisé,,https://data.energystar.gov/Active-Specifications/ENERGY-STAR-Certified-Ducted-Heat-Pumps/3m3x-a2hy
Kenmore,LX SERIES,XH618E2S11,central,https://www.shareddocs.com/hvac/,Bibliothèque documentaire OEM Carrier/ICP,Familles D5C/LX; marque privée à confirmer,Faible,Portail officiel trouvé et vérifié; PDF exact à sélectionner lorsque précisé,,https://data.energystar.gov/Active-Specifications/ENERGY-STAR-Certified-Ducted-Heat-Pumps/3m3x-a2hy
Kenmore,LX SERIES,XH624E2S11*,central,https://www.shareddocs.com/hvac/,Bibliothèque documentaire OEM Carrier/ICP,Familles D5C/LX; marque privée à confirmer,Faible,Portail officiel trouvé et vérifié; PDF exact à sélectionner lorsque précisé,,https://data.energystar.gov/Active-Specifications/ENERGY-STAR-Certified-Ducted-Heat-Pumps/3m3x-a2hy
Kenmore,LX SERIES,XH630E2S11,central,https://www.shareddocs.com/hvac/,Bibliothèque documentaire OEM Carrier/ICP,Familles D5C/LX; marque privée à confirmer,Faible,Portail officiel trouvé et vérifié; PDF exact à sélectionner lorsque précisé,,https://data.energystar.gov/Active-Specifications/ENERGY-STAR-Certified-Ducted-Heat-Pumps/3m3x-a2hy
Kenmore,LX SERIES,XH636E2S11*,central,https://www.shareddocs.com/hvac/,Bibliothèque documentaire OEM Carrier/ICP,Familles D5C/LX; marque privée à confirmer,Faible,Portail officiel trouvé et vérifié; PDF exact à sélectionner lorsque précisé,,https://data.energystar.gov/Active-Specifications/ENERGY-STAR-Certified-Ducted-Heat-Pumps/3m3x-a2hy
Kenmore,LX SERIES,XH648E2S11*,central,https://www.shareddocs.com/hvac/,Bibliothèque documentaire OEM Carrier/ICP,Familles D5C/LX; marque privée à confirmer,Faible,Portail officiel trouvé et vérifié; PDF exact à sélectionner lorsque précisé,,https://data.energystar.gov/Active-Specifications/ENERGY-STAR-Certified-Ducted-Heat-Pumps/3m3x-a2hy
Kenmore,LX SERIES,XH660E2S11*,central,https://www.shareddocs.com/hvac/,Bibliothèque documentaire OEM Carrier/ICP,Familles D5C/LX; marque privée à confirmer,Faible,Portail officiel trouvé et vérifié; PDF exact à sélectionner lorsque précisé,,https://data.energystar.gov/Active-Specifications/ENERGY-STAR-Certified-Ducted-Heat-Pumps/3m3x-a2hy
Kenmore,LX SERIES,XH936E2C11,central,https://www.shareddocs.com/hvac/,Bibliothèque documentaire OEM Carrier/ICP,Familles D5C/LX; marque privée à confirmer,Faible,Portail officiel trouvé et vérifié; PDF exact à sélectionner lorsque précisé,,https://data.energystar.gov/Active-Specifications/ENERGY-STAR-Certified-Ducted-Heat-Pumps/3m3x-a2hy
Kenmore,LX SERIES,XH960E2C11,central,https://www.shareddocs.com/hvac/,Bibliothèque documentaire OEM Carrier/ICP,Familles D5C/LX; marque privée à confirmer,Faible,Portail officiel trouvé et vérifié; PDF exact à sélectionner lorsque précisé,,https://data.energystar.gov/Active-Specifications/ENERGY-STAR-Certified-Ducted-Heat-Pumps/3m3x-a2hy
Kerr Kapstone,A Series,A-KX12P18SA-1,central,,,,Non établi,Aucune brochure publique suffisamment précise confirmée après recherche approfondie,Code exact recherché dans les sources fabricant et index publics; ne pas associer un PDF générique.,https://data.energystar.gov/Active-Specifications/ENERGY-STAR-Certified-Ducted-Heat-Pumps/3m3x-a2hy
Kerr Kapstone,A Series,A-KX12P24SA-1,central,,,,Non établi,Aucune brochure publique suffisamment précise confirmée après recherche approfondie,Code exact recherché dans les sources fabricant et index publics; ne pas associer un PDF générique.,https://data.energystar.gov/Active-Specifications/ENERGY-STAR-Certified-Ducted-Heat-Pumps/3m3x-a2hy
Kerr Kapstone,A Series,A-KX12P30SA-1,central,,,,Non établi,Aucune brochure publique suffisamment précise confirmée après recherche approfondie,Code exact recherché dans les sources fabricant et index publics; ne pas associer un PDF générique.,https://data.energystar.gov/Active-Specifications/ENERGY-STAR-Certified-Ducted-Heat-Pumps/3m3x-a2hy
Kerr Kapstone,A Series,A-KX12P36SA-1,central,,,,Non établi,Aucune brochure publique suffisamment précise confirmée après recherche approfondie,Code exact recherché dans les sources fabricant et index publics; ne pas associer un PDF générique.,https://data.energystar.gov/Active-Specifications/ENERGY-STAR-Certified-Ducted-Heat-Pumps/3m3x-a2hy
Kerr Kapstone,A Series,A-KX12P48SA-1,central,,,,Non établi,Aucune brochure publique suffisamment précise confirmée après recherche approfondie,Code exact recherché dans les sources fabricant et index publics; ne pas associer un PDF générique.,https://data.energystar.gov/Active-Specifications/ENERGY-STAR-Certified-Ducted-Heat-Pumps/3m3x-a2hy
Kerr Kapstone,A Series,A-KX12P60SA-1,central,,,,Non établi,Aucune brochure publique suffisamment précise confirmée après recherche approfondie,Code exact recherché dans les sources fabricant et index publics; ne pas associer un PDF générique.,https://data.energystar.gov/Active-Specifications/ENERGY-STAR-Certified-Ducted-Heat-Pumps/3m3x-a2hy
Kerr Kapstone,A-KZP Series,A-KZP15SA-1,ductless,,,,Non établi,Aucune brochure publique suffisamment précise confirmée après recherche approfondie,Code exact recherché dans les sources fabricant et index publics; ne pas associer un PDF générique.,https://data.energystar.gov/Active-Specifications/ENERGY-STAR-Certified-Mini-Split-Heat-Pumps/akti-mt5s
Kerr Kapstone,A-KZP Series,A-KZP24SA-1,ductless,,,,Non établi,Aucune brochure publique suffisamment précise confirmée après recherche approfondie,Code exact recherché dans les sources fabricant et index publics; ne pas associer un PDF générique.,https://data.energystar.gov/Active-Specifications/ENERGY-STAR-Certified-Mini-Split-Heat-Pumps/akti-mt5s
KERR,A Series,A-KXP60SA-1,central,,,,Non établi,Aucune brochure publique suffisamment précise confirmée après recherche approfondie,Code exact recherché dans les sources fabricant et index publics; ne pas associer un PDF générique.,https://data.energystar.gov/Active-Specifications/ENERGY-STAR-Certified-Ducted-Heat-Pumps/3m3x-a2hy
KERR,A-ZKP Series,A-ZKP06SA-1,ductless,,,,Non établi,Aucune brochure publique suffisamment précise confirmée après recherche approfondie,Code exact recherché dans les sources fabricant et index publics; ne pas associer un PDF générique.,https://data.energystar.gov/Active-Specifications/ENERGY-STAR-Certified-Mini-Split-Heat-Pumps/akti-mt5s
KERR,A-ZKP Series,A-ZKP09SA-1,ductless,,,,Non établi,Aucune brochure publique suffisamment précise confirmée après recherche approfondie,Code exact recherché dans les sources fabricant et index publics; ne pas associer un PDF générique.,https://data.energystar.gov/Active-Specifications/ENERGY-STAR-Certified-Mini-Split-Heat-Pumps/akti-mt5s
KERR,A-ZKP Series,A-ZKP12SA-1,ductless,,,,Non établi,Aucune brochure publique suffisamment précise confirmée après recherche approfondie,Code exact recherché dans les sources fabricant et index publics; ne pas associer un PDF générique.,https://data.energystar.gov/Active-Specifications/ENERGY-STAR-Certified-Mini-Split-Heat-Pumps/akti-mt5s
KERR,A-ZKP Series,A-ZKP15SA-1,ductless,,,,Non établi,Aucune brochure publique suffisamment précise confirmée après recherche approfondie,Code exact recherché dans les sources fabricant et index publics; ne pas associer un PDF générique.,https://data.energystar.gov/Active-Specifications/ENERGY-STAR-Certified-Mini-Split-Heat-Pumps/akti-mt5s
KERR,A-ZKP Series,A-ZKP18SA-1,ductless,,,,Non établi,Aucune brochure publique suffisamment précise confirmée après recherche approfondie,Code exact recherché dans les sources fabricant et index publics; ne pas associer un PDF générique.,https://data.energystar.gov/Active-Specifications/ENERGY-STAR-Certified-Mini-Split-Heat-Pumps/akti-mt5s
KERR,A-ZKP Series,A-ZKP24SA-1,ductless,,,,Non établi,Aucune brochure publique suffisamment précise confirmée après recherche approfondie,Code exact recherché dans les sources fabricant et index publics; ne pas associer un PDF générique.,https://data.energystar.gov/Active-Specifications/ENERGY-STAR-Certified-Mini-Split-Heat-Pumps/akti-mt5s
Kinghome,360°air discharge cassette unit,KW12XQ29S1DO,ductless,https://kinghomecanada.com/,Portail fabricant Canada,Marque; sélectionner la gamme,Moyenne,Portail officiel trouvé et vérifié; PDF exact à sélectionner lorsque précisé,,https://data.energystar.gov/Active-Specifications/ENERGY-STAR-Certified-Mini-Split-Heat-Pumps/akti-mt5s
Kinghome,ALL MATCH,KW18XQ25S1DO,ductless,https://kinghomecanada.com/,Portail fabricant Canada,Marque; sélectionner la gamme,Moyenne,Portail officiel trouvé et vérifié; PDF exact à sélectionner lorsque précisé,,https://data.energystar.gov/Active-Specifications/ENERGY-STAR-Certified-Mini-Split-Heat-Pumps/akti-mt5s
Kinghome,ALL MATCH,KW18XQ29S1DO,ductless,https://kinghomecanada.com/,Portail fabricant Canada,Marque; sélectionner la gamme,Moyenne,Portail officiel trouvé et vérifié; PDF exact à sélectionner lorsque précisé,,https://data.energystar.gov/Active-Specifications/ENERGY-STAR-Certified-Mini-Split-Heat-Pumps/akti-mt5s
Kinghome,All-match,KW24XQ29S1DO,ductless,https://kinghomecanada.com/,Portail fabricant Canada,Marque; sélectionner la gamme,Moyenne,Portail officiel trouvé et vérifié; PDF exact à sélectionner lorsque précisé,,https://data.energystar.gov/Active-Specifications/ENERGY-STAR-Certified-Mini-Split-Heat-Pumps/akti-mt5s
Kinghome,Charmo,KW12HQ19CAO,ductless,https://kinghomecanada.com/,Portail fabricant Canada,Marque; sélectionner la gamme,Moyenne,Portail officiel trouvé et vérifié; PDF exact à sélectionner lorsque précisé,,https://data.energystar.gov/Active-Specifications/ENERGY-STAR-Certified-Mini-Split-Heat-Pumps/akti-mt5s
Kinghome,Charmo,KW12XQ19CDO,ductless,https://kinghomecanada.com/,Portail fabricant Canada,Marque; sélectionner la gamme,Moyenne,Portail officiel trouvé et vérifié; PDF exact à sélectionner lorsque précisé,,https://data.energystar.gov/Active-Specifications/ENERGY-STAR-Certified-Mini-Split-Heat-Pumps/akti-mt5s
Kinghome,Clivia,KW12XQ25SDO,ductless,https://kinghomecanada.com/,Portail fabricant Canada,Marque; sélectionner la gamme,Moyenne,Portail officiel trouvé et vérifié; PDF exact à sélectionner lorsque précisé,,https://data.energystar.gov/Active-Specifications/ENERGY-STAR-Certified-Mini-Split-Heat-Pumps/akti-mt5s
Kinghome,Console,KW12XQ29S1DO,ductless,https://kinghomecanada.com/,Portail fabricant Canada,Marque; sélectionner la gamme,Moyenne,Portail officiel trouvé et vérifié; PDF exact à sélectionner lorsque précisé,,https://data.energystar.gov/Active-Specifications/ENERGY-STAR-Certified-Mini-Split-Heat-Pumps/akti-mt5s
Kinghome,DC inverter rooftop unit,KH05TCNHA,central,https://kinghomecanada.com/,Portail fabricant Canada,Marque; sélectionner la gamme,Moyenne,Portail officiel trouvé et vérifié; PDF exact à sélectionner lorsque précisé,,https://data.energystar.gov/Active-Specifications/ENERGY-STAR-Certified-Ducted-Heat-Pumps/3m3x-a2hy
Kinghome,Ducted,KW12XQ29S1DO,ductless,https://kinghomecanada.com/,Portail fabricant Canada,Marque; sélectionner la gamme,Moyenne,Portail officiel trouvé et vérifié; PDF exact à sélectionner lorsque précisé,,https://data.energystar.gov/Active-Specifications/ENERGY-STAR-Certified-Mini-Split-Heat-Pumps/akti-mt5s
Kinghome,Floor ceiling,KW12XQ29S1DO,ductless,https://kinghomecanada.com/,Portail fabricant Canada,Marque; sélectionner la gamme,Moyenne,Portail officiel trouvé et vérifié; PDF exact à sélectionner lorsque précisé,,https://data.energystar.gov/Active-Specifications/ENERGY-STAR-Certified-Mini-Split-Heat-Pumps/akti-mt5s
Kinghome,Free match | M-Series,KM60X6O,ductless,https://kinghomecanada.com/,Portail fabricant Canada,Marque; sélectionner la gamme,Moyenne,Portail officiel trouvé et vérifié; PDF exact à sélectionner lorsque précisé,,https://data.energystar.gov/Active-Specifications/ENERGY-STAR-Certified-Mini-Split-Heat-Pumps/akti-mt5s
Kinghome,Glovia,KWP09R32C3O,ductless,https://kinghomecanada.com/,Portail fabricant Canada,Marque; sélectionner la gamme,Moyenne,Portail officiel trouvé et vérifié; PDF exact à sélectionner lorsque précisé,,https://data.energystar.gov/Active-Specifications/ENERGY-STAR-Certified-Mini-Split-Heat-Pumps/akti-mt5s
Kinghome,Glovia,KWP12R32C3O,ductless,https://kinghomecanada.com/,Portail fabricant Canada,Marque; sélectionner la gamme,Moyenne,Portail officiel trouvé et vérifié; PDF exact à sélectionner lorsque précisé,,https://data.energystar.gov/Active-Specifications/ENERGY-STAR-Certified-Mini-Split-Heat-Pumps/akti-mt5s
Kinghome,One-way air discharge cassette unit,KW12XQ29S1DO,ductless,https://kinghomecanada.com/,Portail fabricant Canada,Marque; sélectionner la gamme,Moyenne,Portail officiel trouvé et vérifié; PDF exact à sélectionner lorsque précisé,,https://data.energystar.gov/Active-Specifications/ENERGY-STAR-Certified-Mini-Split-Heat-Pumps/akti-mt5s
Kinghome,POLARIS,KWP18R32C3O,ductless,https://kinghomecanada.com/,Portail fabricant Canada,Marque; sélectionner la gamme,Moyenne,Portail officiel trouvé et vérifié; PDF exact à sélectionner lorsque précisé,,https://data.energystar.gov/Active-Specifications/ENERGY-STAR-Certified-Mini-Split-Heat-Pumps/akti-mt5s
Kinghome,POLARIS,KWP24R32C3O,ductless,https://kinghomecanada.com/,Portail fabricant Canada,Marque; sélectionner la gamme,Moyenne,Portail officiel trouvé et vérifié; PDF exact à sélectionner lorsque précisé,,https://data.energystar.gov/Active-Specifications/ENERGY-STAR-Certified-Mini-Split-Heat-Pumps/akti-mt5s
Kinghome,Ultra Heat GMV6 Mini,KUV-36UHO,ductless,https://kinghomecanada.com/,Portail fabricant Canada,Marque; sélectionner la gamme,Moyenne,Portail officiel trouvé et vérifié; PDF exact à sélectionner lorsque précisé,,https://data.energystar.gov/Active-Specifications/ENERGY-STAR-Certified-Mini-Split-Heat-Pumps/akti-mt5s
Lennox,4-Way Cassette (WindFree™) DLX,MMPD036S6S-1P,ductless,https://www.lennox.com/dA/4c7b25a116/sbmtl_mmpd036s6s-1p_mmd036s6-1p_2501.pdf,Submittal PDF fabricant,MMPD036 exact; famille MMPD,Élevée,Document officiel trouvé et examiné,Référence Lennox légitime; plateforme/documentation apparentée à Samsung.,https://data.energystar.gov/Active-Specifications/ENERGY-STAR-Certified-Mini-Split-Heat-Pumps/akti-mt5s
Lennox,4-Way Cassette (WindFree™) DLX,MMPD048S6S-1P,ductless,https://www.lennox.com/dA/4c7b25a116/sbmtl_mmpd036s6s-1p_mmd036s6-1p_2501.pdf,Submittal PDF fabricant,MMPD036 exact; famille MMPD,Élevée,Document officiel trouvé et examiné,Référence Lennox légitime; plateforme/documentation apparentée à Samsung.,https://data.energystar.gov/Active-Specifications/ENERGY-STAR-Certified-Mini-Split-Heat-Pumps/akti-mt5s
Lennox,4-Way Cassette (WindFree™) Maxheat,MMLD036S6S-1P,ductless,https://www.lennox.com/dA/2d38d38e7c/ehb_mmld_single_outdoor_2503.pdf,Fiche technique PDF fabricant,Série MMLD,Élevée,Document officiel trouvé et examiné,Référence Lennox légitime; plateforme/documentation apparentée à Samsung.,https://data.energystar.gov/Active-Specifications/ENERGY-STAR-Certified-Mini-Split-Heat-Pumps/akti-mt5s
Lennox,4-Way Cassette (WindFree™) Maxheat,MMLD048S6S-1P,ductless,https://www.lennox.com/dA/2d38d38e7c/ehb_mmld_single_outdoor_2503.pdf,Fiche technique PDF fabricant,Série MMLD,Élevée,Document officiel trouvé et examiné,Référence Lennox légitime; plateforme/documentation apparentée à Samsung.,https://data.energystar.gov/Active-Specifications/ENERGY-STAR-Certified-Mini-Split-Heat-Pumps/akti-mt5s
Lennox,DAVE LENNOX SIGNATURE SL22KLV SERIES,SL22KLV-036-230A**,central,https://www.lennox.com/residential/products/heating-cooling/heat-pumps/sl22klv,Page fabricant avec brochures,Série,Élevée,Portail officiel trouvé et vérifié; PDF exact à sélectionner lorsque précisé,,https://data.energystar.gov/Active-Specifications/ENERGY-STAR-Certified-Ducted-Heat-Pumps/3m3x-a2hy
Lennox,EL18KSLV Series | Elite EL18KSLV Series,EL18KSLV-060-230A**,central,https://www.lennox.com/residential/products/heating-cooling/heat-pumps/el18kslv,Page fabricant,Série,Élevée,Portail officiel trouvé et vérifié; PDF exact à sélectionner lorsque précisé,,https://data.energystar.gov/Active-Specifications/ENERGY-STAR-Certified-Ducted-Heat-Pumps/3m3x-a2hy
Lennox,EL18KSLV Series,EL18KSLV-024-230A**,central,https://www.lennox.com/residential/products/heating-cooling/heat-pumps/el18kslv,Page fabricant,Série,Élevée,Portail officiel trouvé et vérifié; PDF exact à sélectionner lorsque précisé,,https://data.energystar.gov/Active-Specifications/ENERGY-STAR-Certified-Ducted-Heat-Pumps/3m3x-a2hy
Lennox,EL18KSLV Series,EL18KSLV-036-230A**,central,https://www.lennox.com/residential/products/heating-cooling/heat-pumps/el18kslv,Page fabricant,Série,Élevée,Portail officiel trouvé et vérifié; PDF exact à sélectionner lorsque précisé,,https://data.energystar.gov/Active-Specifications/ENERGY-STAR-Certified-Ducted-Heat-Pumps/3m3x-a2hy
Lennox,EL18KSLV Series,EL18KSLV-060-230A**,central,https://www.lennox.com/residential/products/heating-cooling/heat-pumps/el18kslv,Page fabricant,Série,Élevée,Portail officiel trouvé et vérifié; PDF exact à sélectionner lorsque précisé,,https://data.energystar.gov/Active-Specifications/ENERGY-STAR-Certified-Ducted-Heat-Pumps/3m3x-a2hy
Lennox,ELITE EL16KP1 Series | Elite EL16KP1 SERIES,EL16KP1-024-230A**,central,https://www.lennox.com/residential/products/heating-cooling/heat-pumps/el16kp1,Page fabricant,Série,Élevée,Portail officiel trouvé et vérifié; PDF exact à sélectionner lorsque précisé,,https://data.energystar.gov/Active-Specifications/ENERGY-STAR-Certified-Ducted-Heat-Pumps/3m3x-a2hy
Lennox,ELITE EL16KP1 Series | Elite EL16KP1 SERIES,EL16KP1-030-230A**,central,https://www.lennox.com/residential/products/heating-cooling/heat-pumps/el16kp1,Page fabricant,Série,Élevée,Portail officiel trouvé et vérifié; PDF exact à sélectionner lorsque précisé,,https://data.energystar.gov/Active-Specifications/ENERGY-STAR-Certified-Ducted-Heat-Pumps/3m3x-a2hy
Lennox,ELITE EL16KP1 Series | Elite EL16KP1 SERIES,EL16KP1-036-230A**,central,https://www.lennox.com/residential/products/heating-cooling/heat-pumps/el16kp1,Page fabricant,Série,Élevée,Portail officiel trouvé et vérifié; PDF exact à sélectionner lorsque précisé,,https://data.energystar.gov/Active-Specifications/ENERGY-STAR-Certified-Ducted-Heat-Pumps/3m3x-a2hy
Lennox,ELITE EL16KP1 Series | Elite EL16KP1 SERIES,EL16KP1-042-230A**,central,https://www.lennox.com/residential/products/heating-cooling/heat-pumps/el16kp1,Page fabricant,Série,Élevée,Portail officiel trouvé et vérifié; PDF exact à sélectionner lorsque précisé,,https://data.energystar.gov/Active-Specifications/ENERGY-STAR-Certified-Ducted-Heat-Pumps/3m3x-a2hy
Lennox,Elite EL16KP1 SERIES,EL16KP1-024-230A**,central,https://www.lennox.com/residential/products/heating-cooling/heat-pumps/el16kp1,Page fabricant,Série,Élevée,Portail officiel trouvé et vérifié; PDF exact à sélectionner lorsque précisé,,https://data.energystar.gov/Active-Specifications/ENERGY-STAR-Certified-Ducted-Heat-Pumps/3m3x-a2hy
Lennox,Elite EL16KP1 SERIES,EL16KP1-030-230A**,central,https://www.lennox.com/residential/products/heating-cooling/heat-pumps/el16kp1,Page fabricant,Série,Élevée,Portail officiel trouvé et vérifié; PDF exact à sélectionner lorsque précisé,,https://data.energystar.gov/Active-Specifications/ENERGY-STAR-Certified-Ducted-Heat-Pumps/3m3x-a2hy
Lennox,Elite EL16KP1 SERIES,EL16KP1-036-230A**,central,https://www.lennox.com/residential/products/heating-cooling/heat-pumps/el16kp1,Page fabricant,Série,Élevée,Portail officiel trouvé et vérifié; PDF exact à sélectionner lorsque précisé,,https://data.energystar.gov/Active-Specifications/ENERGY-STAR-Certified-Ducted-Heat-Pumps/3m3x-a2hy
Lennox,Elite EL19KPV SERIES,EL19KPV-024-230A**,central,https://www.lennox.com/residential/products/heating-cooling/heat-pumps/energy-efficient-heat-pump-el19kpv,Page fabricant,Série,Élevée,Portail officiel trouvé et vérifié; PDF exact à sélectionner lorsque précisé,,https://data.energystar.gov/Active-Specifications/ENERGY-STAR-Certified-Ducted-Heat-Pumps/3m3x-a2hy
Lennox,Elite EL19KPV SERIES,EL19KPV-036-230A**,central,https://www.lennox.com/residential/products/heating-cooling/heat-pumps/energy-efficient-heat-pump-el19kpv,Page fabricant,Série,Élevée,Portail officiel trouvé et vérifié; PDF exact à sélectionner lorsque précisé,,https://data.energystar.gov/Active-Specifications/ENERGY-STAR-Certified-Ducted-Heat-Pumps/3m3x-a2hy
Lennox,Elite EL19KPV SERIES,EL19KPV-048-230A**,central,https://www.lennox.com/residential/products/heating-cooling/heat-pumps/energy-efficient-heat-pump-el19kpv,Page fabricant,Série,Élevée,Portail officiel trouvé et vérifié; PDF exact à sélectionner lorsque précisé,,https://data.energystar.gov/Active-Specifications/ENERGY-STAR-Certified-Ducted-Heat-Pumps/3m3x-a2hy
Lennox,Elite EL21KLV SERIES,EL21KLV-036-230A**,central,https://www.lennox.com/dA/2dc8e19589/ehb_el21klv_2606.pdf,Fiche technique PDF,Série et modèles,Élevée,Document officiel trouvé et examiné,,https://data.energystar.gov/Active-Specifications/ENERGY-STAR-Certified-Ducted-Heat-Pumps/3m3x-a2hy
Lennox,Elite EL21KLV SERIES,EL21KLV-048-230A**,central,https://www.lennox.com/dA/2dc8e19589/ehb_el21klv_2606.pdf,Fiche technique PDF,Série et modèles,Élevée,Document officiel trouvé et examiné,,https://data.energystar.gov/Active-Specifications/ENERGY-STAR-Certified-Ducted-Heat-Pumps/3m3x-a2hy
Lennox,High-Wall - Premium (CAC),MMLD036S6S-1P,ductless,https://www.lennox.com/dA/2d38d38e7c/ehb_mmld_single_outdoor_2503.pdf,Fiche technique PDF fabricant,Série MMLD,Élevée,Document officiel trouvé et examiné,Référence Lennox légitime; plateforme/documentation apparentée à Samsung.,https://data.energystar.gov/Active-Specifications/ENERGY-STAR-Certified-Mini-Split-Heat-Pumps/akti-mt5s
Lennox,MERIT ML14KP1 Series | Merit ML14KP1 SERIES,ML14KP1-024-230A**,central,https://www.lennox.com/residential/products/heating-cooling/heat-pumps/ml14kp1,Page fabricant,Série,Élevée,Portail officiel trouvé et vérifié; PDF exact à sélectionner lorsque précisé,,https://data.energystar.gov/Active-Specifications/ENERGY-STAR-Certified-Ducted-Heat-Pumps/3m3x-a2hy
Lennox,MERIT ML14KP1 Series | Merit ML14KP1 SERIES,ML14KP1-030-230A**,central,https://www.lennox.com/residential/products/heating-cooling/heat-pumps/ml14kp1,Page fabricant,Série,Élevée,Portail officiel trouvé et vérifié; PDF exact à sélectionner lorsque précisé,,https://data.energystar.gov/Active-Specifications/ENERGY-STAR-Certified-Ducted-Heat-Pumps/3m3x-a2hy
Lennox,MERIT ML14KP1 Series | Merit ML14KP1 SERIES,ML14KP1-036-230A**,central,https://www.lennox.com/residential/products/heating-cooling/heat-pumps/ml14kp1,Page fabricant,Série,Élevée,Portail officiel trouvé et vérifié; PDF exact à sélectionner lorsque précisé,,https://data.energystar.gov/Active-Specifications/ENERGY-STAR-Certified-Ducted-Heat-Pumps/3m3x-a2hy
Lennox,MERIT ML14KP1 Series | Merit ML14KP1 SERIES,ML14KP1-042-230A**,central,https://www.lennox.com/residential/products/heating-cooling/heat-pumps/ml14kp1,Page fabricant,Série,Élevée,Portail officiel trouvé et vérifié; PDF exact à sélectionner lorsque précisé,,https://data.energystar.gov/Active-Specifications/ENERGY-STAR-Certified-Ducted-Heat-Pumps/3m3x-a2hy
Lennox,Merit ML14KP1 SERIES,ML14KP1-024-230A**,central,https://www.lennox.com/residential/products/heating-cooling/heat-pumps/ml14kp1,Page fabricant,Série,Élevée,Portail officiel trouvé et vérifié; PDF exact à sélectionner lorsque précisé,,https://data.energystar.gov/Active-Specifications/ENERGY-STAR-Certified-Ducted-Heat-Pumps/3m3x-a2hy
Lennox,Merit ML14KP1 SERIES,ML14KP1-030-230A**,central,https://www.lennox.com/residential/products/heating-cooling/heat-pumps/ml14kp1,Page fabricant,Série,Élevée,Portail officiel trouvé et vérifié; PDF exact à sélectionner lorsque précisé,,https://data.energystar.gov/Active-Specifications/ENERGY-STAR-Certified-Ducted-Heat-Pumps/3m3x-a2hy
Lennox,Merit ML14KP1 SERIES,ML14KP1-036-230A**,central,https://www.lennox.com/residential/products/heating-cooling/heat-pumps/ml14kp1,Page fabricant,Série,Élevée,Portail officiel trouvé et vérifié; PDF exact à sélectionner lorsque précisé,,https://data.energystar.gov/Active-Specifications/ENERGY-STAR-Certified-Ducted-Heat-Pumps/3m3x-a2hy
Lennox,Merit ML15KSPV SERIES,ML15KSPV-018-230A**,central,https://www.lennox.com/residential/products/heating-cooling/heat-pumps/ml15kspv,Page fabricant avec brochure,Série,Élevée,Portail officiel trouvé et vérifié; PDF exact à sélectionner lorsque précisé,,https://data.energystar.gov/Active-Specifications/ENERGY-STAR-Certified-Ducted-Heat-Pumps/3m3x-a2hy
Lennox,Merit ML15KSPV SERIES,ML15KSPV-024-230A**,central,https://www.lennox.com/residential/products/heating-cooling/heat-pumps/ml15kspv,Page fabricant avec brochure,Série,Élevée,Portail officiel trouvé et vérifié; PDF exact à sélectionner lorsque précisé,,https://data.energystar.gov/Active-Specifications/ENERGY-STAR-Certified-Ducted-Heat-Pumps/3m3x-a2hy
Lennox,Merit ML15KSPV SERIES,ML15KSPV-030-230A**,central,https://www.lennox.com/residential/products/heating-cooling/heat-pumps/ml15kspv,Page fabricant avec brochure,Série,Élevée,Portail officiel trouvé et vérifié; PDF exact à sélectionner lorsque précisé,,https://data.energystar.gov/Active-Specifications/ENERGY-STAR-Certified-Ducted-Heat-Pumps/3m3x-a2hy
Lennox,Merit ML16KP2 SERIES,ML16KP2-024-230A**,central,https://www.lennox.com/residential/products/heating-cooling/heat-pumps/ml16kp2,Page fabricant,Série,Élevée,Portail officiel trouvé et vérifié; PDF exact à sélectionner lorsque précisé,,https://data.energystar.gov/Active-Specifications/ENERGY-STAR-Certified-Ducted-Heat-Pumps/3m3x-a2hy
Lennox,Merit ML16KP2 SERIES,ML16KP2-036-230A**,central,https://www.lennox.com/residential/products/heating-cooling/heat-pumps/ml16kp2,Page fabricant,Série,Élevée,Portail officiel trouvé et vérifié; PDF exact à sélectionner lorsque précisé,,https://data.energystar.gov/Active-Specifications/ENERGY-STAR-Certified-Ducted-Heat-Pumps/3m3x-a2hy
Lennox,Merit ML16KP2 SERIES,ML16KP2-048-230A**,central,https://www.lennox.com/residential/products/heating-cooling/heat-pumps/ml16kp2,Page fabricant,Série,Élevée,Portail officiel trouvé et vérifié; PDF exact à sélectionner lorsque précisé,,https://data.energystar.gov/Active-Specifications/ENERGY-STAR-Certified-Ducted-Heat-Pumps/3m3x-a2hy
Lennox,Merit ML16KP2 SERIES,ML16KP2-060-230A**,central,https://www.lennox.com/residential/products/heating-cooling/heat-pumps/ml16kp2,Page fabricant,Série,Élevée,Portail officiel trouvé et vérifié; PDF exact à sélectionner lorsque précisé,,https://data.energystar.gov/Active-Specifications/ENERGY-STAR-Certified-Ducted-Heat-Pumps/3m3x-a2hy
Lennox,ML15KSPV Series,ML15KSPV-018-230A**,central,https://www.lennox.com/residential/products/heating-cooling/heat-pumps/ml15kspv,Page fabricant avec brochure,Série,Élevée,Portail officiel trouvé et vérifié; PDF exact à sélectionner lorsque précisé,,https://data.energystar.gov/Active-Specifications/ENERGY-STAR-Certified-Ducted-Heat-Pumps/3m3x-a2hy
Lennox,ML15KSPV Series,ML15KSPV-024-230A**,central,https://www.lennox.com/residential/products/heating-cooling/heat-pumps/ml15kspv,Page fabricant avec brochure,Série,Élevée,Portail officiel trouvé et vérifié; PDF exact à sélectionner lorsque précisé,,https://data.energystar.gov/Active-Specifications/ENERGY-STAR-Certified-Ducted-Heat-Pumps/3m3x-a2hy
Lennox,ML15KSPV Series,ML15KSPV-030-230A**,central,https://www.lennox.com/residential/products/heating-cooling/heat-pumps/ml15kspv,Page fabricant avec brochure,Série,Élevée,Portail officiel trouvé et vérifié; PDF exact à sélectionner lorsque précisé,,https://data.energystar.gov/Active-Specifications/ENERGY-STAR-Certified-Ducted-Heat-Pumps/3m3x-a2hy
Lennox,WindFree™ High-Wall - Premium (CAC),MMLD018S6S-1P,ductless,https://www.lennox.com/dA/2d38d38e7c/ehb_mmld_single_outdoor_2503.pdf,Fiche technique PDF fabricant,Série MMLD,Élevée,Document officiel trouvé et examiné,Référence Lennox légitime; plateforme/documentation apparentée à Samsung.,https://data.energystar.gov/Active-Specifications/ENERGY-STAR-Certified-Mini-Split-Heat-Pumps/akti-mt5s
Lennox,WindFree™ High-Wall - Premium (CAC),MMLD024S6S-1P,ductless,https://www.lennox.com/dA/2d38d38e7c/ehb_mmld_single_outdoor_2503.pdf,Fiche technique PDF fabricant,Série MMLD,Élevée,Document officiel trouvé et examiné,Référence Lennox légitime; plateforme/documentation apparentée à Samsung.,https://data.energystar.gov/Active-Specifications/ENERGY-STAR-Certified-Mini-Split-Heat-Pumps/akti-mt5s
LG,KUSAZ122A,KUSAZ122A,ductless,https://lghvac.com/resources/,Bibliothèque fabricant,Modèle non apparié à un PDF exact,Moyenne,Portail officiel trouvé et vérifié; PDF exact à sélectionner lorsque précisé,,https://data.energystar.gov/Active-Specifications/ENERGY-STAR-Certified-Mini-Split-Heat-Pumps/akti-mt5s
LG,KUSUB121A,KUSUB121A,ductless,https://partner.lge.com/us/portal/main/main/fowardMenuUrl.lge?_MenuId=210020&_MenuLevel=2&_MenuParentId=210003&_MenuParentId=210087,Portail documentaire fabricant,Modèles KUSUB indexés; téléchargement derrière portail,Moyenne,Portail officiel trouvé et vérifié; PDF exact à sélectionner lorsque précisé,,https://data.energystar.gov/Active-Specifications/ENERGY-STAR-Certified-Mini-Split-Heat-Pumps/akti-mt5s
LG,KUSUB181A,KUSUB181A,ductless,https://partner.lge.com/us/portal/main/main/fowardMenuUrl.lge?_MenuId=210020&_MenuLevel=2&_MenuParentId=210003&_MenuParentId=210087,Portail documentaire fabricant,Modèles KUSUB indexés; téléchargement derrière portail,Moyenne,Portail officiel trouvé et vérifié; PDF exact à sélectionner lorsque précisé,,https://data.energystar.gov/Active-Specifications/ENERGY-STAR-Certified-Mini-Split-Heat-Pumps/akti-mt5s
LG,KUSUB241A,KUSUB241A,ductless,https://partner.lge.com/us/portal/main/main/fowardMenuUrl.lge?_MenuId=210020&_MenuLevel=2&_MenuParentId=210003&_MenuParentId=210087,Portail documentaire fabricant,Modèles KUSUB indexés; téléchargement derrière portail,Moyenne,Portail officiel trouvé et vérifié; PDF exact à sélectionner lorsque précisé,,https://data.energystar.gov/Active-Specifications/ENERGY-STAR-Certified-Mini-Split-Heat-Pumps/akti-mt5s
LG,KUSUB301A,KUSUB301A,ductless,https://partner.lge.com/us/portal/main/main/fowardMenuUrl.lge?_MenuId=210020&_MenuLevel=2&_MenuParentId=210003&_MenuParentId=210087,Portail documentaire fabricant,Modèles KUSUB indexés; téléchargement derrière portail,Moyenne,Portail officiel trouvé et vérifié; PDF exact à sélectionner lorsque précisé,,https://data.energystar.gov/Active-Specifications/ENERGY-STAR-Certified-Mini-Split-Heat-Pumps/akti-mt5s
LG,KUSUB361A,KUSUB361A,ductless,https://partner.lge.com/us/portal/main/main/fowardMenuUrl.lge?_MenuId=210020&_MenuLevel=2&_MenuParentId=210003&_MenuParentId=210087,Portail documentaire fabricant,Modèles KUSUB indexés; téléchargement derrière portail,Moyenne,Portail officiel trouvé et vérifié; PDF exact à sélectionner lorsque précisé,,https://data.energystar.gov/Active-Specifications/ENERGY-STAR-Certified-Mini-Split-Heat-Pumps/akti-mt5s
LG,KUSUB421A,KUSUB421A,ductless,https://partner.lge.com/us/portal/main/main/fowardMenuUrl.lge?_MenuId=210020&_MenuLevel=2&_MenuParentId=210003&_MenuParentId=210087,Portail documentaire fabricant,Modèles KUSUB indexés; téléchargement derrière portail,Moyenne,Portail officiel trouvé et vérifié; PDF exact à sélectionner lorsque précisé,,https://data.energystar.gov/Active-Specifications/ENERGY-STAR-Certified-Mini-Split-Heat-Pumps/akti-mt5s
LG,KUSUB481A,KUSUB481A,ductless,https://partner.lge.com/us/portal/main/main/fowardMenuUrl.lge?_MenuId=210020&_MenuLevel=2&_MenuParentId=210003&_MenuParentId=210087,Portail documentaire fabricant,Modèles KUSUB indexés; téléchargement derrière portail,Moyenne,Portail officiel trouvé et vérifié; PDF exact à sélectionner lorsque précisé,,https://data.energystar.gov/Active-Specifications/ENERGY-STAR-Certified-Mini-Split-Heat-Pumps/akti-mt5s
LG,KUSUB601A,KUSUB601A,ductless,https://partner.lge.com/us/portal/main/main/fowardMenuUrl.lge?_MenuId=210020&_MenuLevel=2&_MenuParentId=210003&_MenuParentId=210087,Portail documentaire fabricant,Modèles KUSUB indexés; téléchargement derrière portail,Moyenne,Portail officiel trouvé et vérifié; PDF exact à sélectionner lorsque précisé,,https://data.energystar.gov/Active-Specifications/ENERGY-STAR-Certified-Mini-Split-Heat-Pumps/akti-mt5s
LG,KUSXA121A,KUSXA121A,central,https://media.us.lg.com/m/3cf7b9830b0023a9/original/R-410A-to-R-32-Model-Numbers-02-2025.pdf,Table de correspondance PDF fabricant,Modèles KUSXA/KUSXB explicitement couverts,Élevée,Document officiel trouvé et examiné,,https://data.energystar.gov/Active-Specifications/ENERGY-STAR-Certified-Ducted-Heat-Pumps/3m3x-a2hy
LG,KUSXA121A,KUSXA121A,ductless,https://media.us.lg.com/m/3cf7b9830b0023a9/original/R-410A-to-R-32-Model-Numbers-02-2025.pdf,Table de correspondance PDF fabricant,Modèles KUSXA/KUSXB explicitement couverts,Élevée,Document officiel trouvé et examiné,,https://data.energystar.gov/Active-Specifications/ENERGY-STAR-Certified-Mini-Split-Heat-Pumps/akti-mt5s
LG,KUSXA181A,KUSXA181A,central,https://media.us.lg.com/m/3cf7b9830b0023a9/original/R-410A-to-R-32-Model-Numbers-02-2025.pdf,Table de correspondance PDF fabricant,Modèles KUSXA/KUSXB explicitement couverts,Élevée,Document officiel trouvé et examiné,,https://data.energystar.gov/Active-Specifications/ENERGY-STAR-Certified-Ducted-Heat-Pumps/3m3x-a2hy
LG,KUSXA181A,KUSXA181A,ductless,https://media.us.lg.com/m/3cf7b9830b0023a9/original/R-410A-to-R-32-Model-Numbers-02-2025.pdf,Table de correspondance PDF fabricant,Modèles KUSXA/KUSXB explicitement couverts,Élevée,Document officiel trouvé et examiné,,https://data.energystar.gov/Active-Specifications/ENERGY-STAR-Certified-Mini-Split-Heat-Pumps/akti-mt5s
LG,KUSXA241A,KUSXA241A,central,https://media.us.lg.com/m/3cf7b9830b0023a9/original/R-410A-to-R-32-Model-Numbers-02-2025.pdf,Table de correspondance PDF fabricant,Modèles KUSXA/KUSXB explicitement couverts,Élevée,Document officiel trouvé et examiné,,https://data.energystar.gov/Active-Specifications/ENERGY-STAR-Certified-Ducted-Heat-Pumps/3m3x-a2hy
LG,KUSXA241A,KUSXA241A,ductless,https://media.us.lg.com/m/3cf7b9830b0023a9/original/R-410A-to-R-32-Model-Numbers-02-2025.pdf,Table de correspondance PDF fabricant,Modèles KUSXA/KUSXB explicitement couverts,Élevée,Document officiel trouvé et examiné,,https://data.energystar.gov/Active-Specifications/ENERGY-STAR-Certified-Mini-Split-Heat-Pumps/akti-mt5s
LG,KUSXA301A,KUSXA301A,central,https://media.us.lg.com/m/3cf7b9830b0023a9/original/R-410A-to-R-32-Model-Numbers-02-2025.pdf,Table de correspondance PDF fabricant,Modèles KUSXA/KUSXB explicitement couverts,Élevée,Document officiel trouvé et examiné,,https://data.energystar.gov/Active-Specifications/ENERGY-STAR-Certified-Ducted-Heat-Pumps/3m3x-a2hy
LG,KUSXA301A,KUSXA301A,ductless,https://media.us.lg.com/m/3cf7b9830b0023a9/original/R-410A-to-R-32-Model-Numbers-02-2025.pdf,Table de correspondance PDF fabricant,Modèles KUSXA/KUSXB explicitement couverts,Élevée,Document officiel trouvé et examiné,,https://data.energystar.gov/Active-Specifications/ENERGY-STAR-Certified-Mini-Split-Heat-Pumps/akti-mt5s
LG,KUSXA361A,KUSXA361A,central,https://media.us.lg.com/m/3cf7b9830b0023a9/original/R-410A-to-R-32-Model-Numbers-02-2025.pdf,Table de correspondance PDF fabricant,Modèles KUSXA/KUSXB explicitement couverts,Élevée,Document officiel trouvé et examiné,,https://data.energystar.gov/Active-Specifications/ENERGY-STAR-Certified-Ducted-Heat-Pumps/3m3x-a2hy
LG,KUSXA361A,KUSXA361A,ductless,https://media.us.lg.com/m/3cf7b9830b0023a9/original/R-410A-to-R-32-Model-Numbers-02-2025.pdf,Table de correspondance PDF fabricant,Modèles KUSXA/KUSXB explicitement couverts,Élevée,Document officiel trouvé et examiné,,https://data.energystar.gov/Active-Specifications/ENERGY-STAR-Certified-Mini-Split-Heat-Pumps/akti-mt5s
LG,KUSXA421A,KUSXA421A,ductless,https://media.us.lg.com/m/3cf7b9830b0023a9/original/R-410A-to-R-32-Model-Numbers-02-2025.pdf,Table de correspondance PDF fabricant,Modèles KUSXA/KUSXB explicitement couverts,Élevée,Document officiel trouvé et examiné,,https://data.energystar.gov/Active-Specifications/ENERGY-STAR-Certified-Mini-Split-Heat-Pumps/akti-mt5s
LG,KUSXA422A,KUSXA422A,central,https://media.us.lg.com/m/3cf7b9830b0023a9/original/R-410A-to-R-32-Model-Numbers-02-2025.pdf,Table de correspondance PDF fabricant,Modèles KUSXA/KUSXB explicitement couverts,Élevée,Document officiel trouvé et examiné,,https://data.energystar.gov/Active-Specifications/ENERGY-STAR-Certified-Ducted-Heat-Pumps/3m3x-a2hy
LG,KUSXA422A,KUSXA422A,ductless,https://media.us.lg.com/m/3cf7b9830b0023a9/original/R-410A-to-R-32-Model-Numbers-02-2025.pdf,Table de correspondance PDF fabricant,Modèles KUSXA/KUSXB explicitement couverts,Élevée,Document officiel trouvé et examiné,,https://data.energystar.gov/Active-Specifications/ENERGY-STAR-Certified-Mini-Split-Heat-Pumps/akti-mt5s
LG,KUSXA481A,KUSXA481A,ductless,https://media.us.lg.com/m/3cf7b9830b0023a9/original/R-410A-to-R-32-Model-Numbers-02-2025.pdf,Table de correspondance PDF fabricant,Modèles KUSXA/KUSXB explicitement couverts,Élevée,Document officiel trouvé et examiné,,https://data.energystar.gov/Active-Specifications/ENERGY-STAR-Certified-Mini-Split-Heat-Pumps/akti-mt5s
LG,KUSXA482A,KUSXA482A,central,https://media.us.lg.com/m/3cf7b9830b0023a9/original/R-410A-to-R-32-Model-Numbers-02-2025.pdf,Table de correspondance PDF fabricant,Modèles KUSXA/KUSXB explicitement couverts,Élevée,Document officiel trouvé et examiné,,https://data.energystar.gov/Active-Specifications/ENERGY-STAR-Certified-Ducted-Heat-Pumps/3m3x-a2hy
LG,KUSXA482A,KUSXA482A,ductless,https://media.us.lg.com/m/3cf7b9830b0023a9/original/R-410A-to-R-32-Model-Numbers-02-2025.pdf,Table de correspondance PDF fabricant,Modèles KUSXA/KUSXB explicitement couverts,Élevée,Document officiel trouvé et examiné,,https://data.energystar.gov/Active-Specifications/ENERGY-STAR-Certified-Mini-Split-Heat-Pumps/akti-mt5s
LG,KUSXB091A,KUSXB091A,ductless,https://media.us.lg.com/m/3cf7b9830b0023a9/original/R-410A-to-R-32-Model-Numbers-02-2025.pdf,Table de correspondance PDF fabricant,Modèles KUSXA/KUSXB explicitement couverts,Élevée,Document officiel trouvé et examiné,,https://data.energystar.gov/Active-Specifications/ENERGY-STAR-Certified-Mini-Split-Heat-Pumps/akti-mt5s
LG,KUSXB121A,KUSXB121A,central,https://media.us.lg.com/m/3cf7b9830b0023a9/original/R-410A-to-R-32-Model-Numbers-02-2025.pdf,Table de correspondance PDF fabricant,Modèles KUSXA/KUSXB explicitement couverts,Élevée,Document officiel trouvé et examiné,,https://data.energystar.gov/Active-Specifications/ENERGY-STAR-Certified-Ducted-Heat-Pumps/3m3x-a2hy
LG,KUSXB121A,KUSXB121A,ductless,https://media.us.lg.com/m/3cf7b9830b0023a9/original/R-410A-to-R-32-Model-Numbers-02-2025.pdf,Table de correspondance PDF fabricant,Modèles KUSXA/KUSXB explicitement couverts,Élevée,Document officiel trouvé et examiné,,https://data.energystar.gov/Active-Specifications/ENERGY-STAR-Certified-Mini-Split-Heat-Pumps/akti-mt5s
LG,KUSXB181A,KUSXB181A,central,https://media.us.lg.com/m/3cf7b9830b0023a9/original/R-410A-to-R-32-Model-Numbers-02-2025.pdf,Table de correspondance PDF fabricant,Modèles KUSXA/KUSXB explicitement couverts,Élevée,Document officiel trouvé et examiné,,https://data.energystar.gov/Active-Specifications/ENERGY-STAR-Certified-Ducted-Heat-Pumps/3m3x-a2hy
LG,KUSXB181A,KUSXB181A,ductless,https://media.us.lg.com/m/3cf7b9830b0023a9/original/R-410A-to-R-32-Model-Numbers-02-2025.pdf,Table de correspondance PDF fabricant,Modèles KUSXA/KUSXB explicitement couverts,Élevée,Document officiel trouvé et examiné,,https://data.energystar.gov/Active-Specifications/ENERGY-STAR-Certified-Mini-Split-Heat-Pumps/akti-mt5s
LG,KUSXB241A,KUSXB241A,central,https://media.us.lg.com/m/3cf7b9830b0023a9/original/R-410A-to-R-32-Model-Numbers-02-2025.pdf,Table de correspondance PDF fabricant,Modèles KUSXA/KUSXB explicitement couverts,Élevée,Document officiel trouvé et examiné,,https://data.energystar.gov/Active-Specifications/ENERGY-STAR-Certified-Ducted-Heat-Pumps/3m3x-a2hy
LG,KUSXB241A,KUSXB241A,ductless,https://media.us.lg.com/m/3cf7b9830b0023a9/original/R-410A-to-R-32-Model-Numbers-02-2025.pdf,Table de correspondance PDF fabricant,Modèles KUSXA/KUSXB explicitement couverts,Élevée,Document officiel trouvé et examiné,,https://data.energystar.gov/Active-Specifications/ENERGY-STAR-Certified-Mini-Split-Heat-Pumps/akti-mt5s
LG,KUSXB301A,KUSXB301A,central,https://media.us.lg.com/m/3cf7b9830b0023a9/original/R-410A-to-R-32-Model-Numbers-02-2025.pdf,Table de correspondance PDF fabricant,Modèles KUSXA/KUSXB explicitement couverts,Élevée,Document officiel trouvé et examiné,,https://data.energystar.gov/Active-Specifications/ENERGY-STAR-Certified-Ducted-Heat-Pumps/3m3x-a2hy
LG,KUSXB301A,KUSXB301A,ductless,https://media.us.lg.com/m/3cf7b9830b0023a9/original/R-410A-to-R-32-Model-Numbers-02-2025.pdf,Table de correspondance PDF fabricant,Modèles KUSXA/KUSXB explicitement couverts,Élevée,Document officiel trouvé et examiné,,https://data.energystar.gov/Active-Specifications/ENERGY-STAR-Certified-Mini-Split-Heat-Pumps/akti-mt5s
LG,KUSXB361A,KUSXB361A,central,https://media.us.lg.com/m/3cf7b9830b0023a9/original/R-410A-to-R-32-Model-Numbers-02-2025.pdf,Table de correspondance PDF fabricant,Modèles KUSXA/KUSXB explicitement couverts,Élevée,Document officiel trouvé et examiné,,https://data.energystar.gov/Active-Specifications/ENERGY-STAR-Certified-Ducted-Heat-Pumps/3m3x-a2hy
LG,KUSXB361A,KUSXB361A,ductless,https://media.us.lg.com/m/3cf7b9830b0023a9/original/R-410A-to-R-32-Model-Numbers-02-2025.pdf,Table de correspondance PDF fabricant,Modèles KUSXA/KUSXB explicitement couverts,Élevée,Document officiel trouvé et examiné,,https://data.energystar.gov/Active-Specifications/ENERGY-STAR-Certified-Mini-Split-Heat-Pumps/akti-mt5s
LG,KUSXB421A,KUSXB421A,central,https://media.us.lg.com/m/3cf7b9830b0023a9/original/R-410A-to-R-32-Model-Numbers-02-2025.pdf,Table de correspondance PDF fabricant,Modèles KUSXA/KUSXB explicitement couverts,Élevée,Document officiel trouvé et examiné,,https://data.energystar.gov/Active-Specifications/ENERGY-STAR-Certified-Ducted-Heat-Pumps/3m3x-a2hy
LG,KUSXB421A,KUSXB421A,ductless,https://media.us.lg.com/m/3cf7b9830b0023a9/original/R-410A-to-R-32-Model-Numbers-02-2025.pdf,Table de correspondance PDF fabricant,Modèles KUSXA/KUSXB explicitement couverts,Élevée,Document officiel trouvé et examiné,,https://data.energystar.gov/Active-Specifications/ENERGY-STAR-Certified-Mini-Split-Heat-Pumps/akti-mt5s
LG,KUSXB481A,KUSXB481A,central,https://media.us.lg.com/m/3cf7b9830b0023a9/original/R-410A-to-R-32-Model-Numbers-02-2025.pdf,Table de correspondance PDF fabricant,Modèles KUSXA/KUSXB explicitement couverts,Élevée,Document officiel trouvé et examiné,,https://data.energystar.gov/Active-Specifications/ENERGY-STAR-Certified-Ducted-Heat-Pumps/3m3x-a2hy
LG,KUSXB481A,KUSXB481A,ductless,https://media.us.lg.com/m/3cf7b9830b0023a9/original/R-410A-to-R-32-Model-Numbers-02-2025.pdf,Table de correspondance PDF fabricant,Modèles KUSXA/KUSXB explicitement couverts,Élevée,Document officiel trouvé et examiné,,https://data.energystar.gov/Active-Specifications/ENERGY-STAR-Certified-Mini-Split-Heat-Pumps/akti-mt5s
LG,KUSXB601A,KUSXB601A,central,https://media.us.lg.com/m/3cf7b9830b0023a9/original/R-410A-to-R-32-Model-Numbers-02-2025.pdf,Table de correspondance PDF fabricant,Modèles KUSXA/KUSXB explicitement couverts,Élevée,Document officiel trouvé et examiné,,https://data.energystar.gov/Active-Specifications/ENERGY-STAR-Certified-Ducted-Heat-Pumps/3m3x-a2hy
LG,KUSXB601A,KUSXB601A,ductless,https://media.us.lg.com/m/3cf7b9830b0023a9/original/R-410A-to-R-32-Model-Numbers-02-2025.pdf,Table de correspondance PDF fabricant,Modèles KUSXA/KUSXB explicitement couverts,Élevée,Document officiel trouvé et examiné,,https://data.energystar.gov/Active-Specifications/ENERGY-STAR-Certified-Mini-Split-Heat-Pumps/akti-mt5s
LPS Legacy,D5C Series,D5CUHAH18AAK,central,,,,Non établi,Aucune brochure publique suffisamment précise confirmée après recherche approfondie,Code exact recherché dans les sources fabricant et index publics; ne pas associer un PDF générique.,https://data.energystar.gov/Active-Specifications/ENERGY-STAR-Certified-Ducted-Heat-Pumps/3m3x-a2hy
LPS Legacy,D5C Series,D5CUHAH24AAK,central,,,,Non établi,Aucune brochure publique suffisamment précise confirmée après recherche approfondie,Code exact recherché dans les sources fabricant et index publics; ne pas associer un PDF générique.,https://data.energystar.gov/Active-Specifications/ENERGY-STAR-Certified-Ducted-Heat-Pumps/3m3x-a2hy
LPS Legacy,D5C Series,D5CUHAH30AAK,central,,,,Non établi,Aucune brochure publique suffisamment précise confirmée après recherche approfondie,Code exact recherché dans les sources fabricant et index publics; ne pas associer un PDF générique.,https://data.energystar.gov/Active-Specifications/ENERGY-STAR-Certified-Ducted-Heat-Pumps/3m3x-a2hy
LPS Legacy,D5C Series,D5CUHAH36AAK,central,,,,Non établi,Aucune brochure publique suffisamment précise confirmée après recherche approfondie,Code exact recherché dans les sources fabricant et index publics; ne pas associer un PDF générique.,https://data.energystar.gov/Active-Specifications/ENERGY-STAR-Certified-Ducted-Heat-Pumps/3m3x-a2hy
LPS Legacy,D5C Series,D5CURAH18AAK,central,,,,Non établi,Aucune brochure publique suffisamment précise confirmée après recherche approfondie,Code exact recherché dans les sources fabricant et index publics; ne pas associer un PDF générique.,https://data.energystar.gov/Active-Specifications/ENERGY-STAR-Certified-Ducted-Heat-Pumps/3m3x-a2hy
LPS Legacy,D5C Series,D5CURAH24AAK,central,,,,Non établi,Aucune brochure publique suffisamment précise confirmée après recherche approfondie,Code exact recherché dans les sources fabricant et index publics; ne pas associer un PDF générique.,https://data.energystar.gov/Active-Specifications/ENERGY-STAR-Certified-Ducted-Heat-Pumps/3m3x-a2hy
LPS Legacy,D5C Series,D5CURAH30AAK,central,,,,Non établi,Aucune brochure publique suffisamment précise confirmée après recherche approfondie,Code exact recherché dans les sources fabricant et index publics; ne pas associer un PDF générique.,https://data.energystar.gov/Active-Specifications/ENERGY-STAR-Certified-Ducted-Heat-Pumps/3m3x-a2hy
LPS Legacy,D5C Series,D5CURAH36AAK,central,,,,Non établi,Aucune brochure publique suffisamment précise confirmée après recherche approfondie,Code exact recherché dans les sources fabricant et index publics; ne pas associer un PDF générique.,https://data.energystar.gov/Active-Specifications/ENERGY-STAR-Certified-Ducted-Heat-Pumps/3m3x-a2hy
Luxaire,HMH7,HMH72B341,central,,,,Non établi,Aucune brochure publique suffisamment précise confirmée après recherche approfondie,Code exact recherché dans les sources fabricant et index publics; ne pas associer un PDF générique.,https://data.energystar.gov/Active-Specifications/ENERGY-STAR-Certified-Ducted-Heat-Pumps/3m3x-a2hy
Luxaire,LX SERIES,HH824E2S11,central,https://s3.amazonaws.com/fam.s3.2/damprod/Original/10159/luxaire_HH8series_heatpump_spec.pdf,Fiche technique PDF,Série et modèles,Élevée,Document officiel trouvé et examiné,,https://data.energystar.gov/Active-Specifications/ENERGY-STAR-Certified-Ducted-Heat-Pumps/3m3x-a2hy
Luxaire,LX SERIES,HH824E2S12,central,https://s3.amazonaws.com/fam.s3.2/damprod/Original/10159/luxaire_HH8series_heatpump_spec.pdf,Fiche technique PDF,Série et modèles,Élevée,Document officiel trouvé et examiné,,https://data.energystar.gov/Active-Specifications/ENERGY-STAR-Certified-Ducted-Heat-Pumps/3m3x-a2hy
Luxaire,LX SERIES,HH836E2S11,central,https://s3.amazonaws.com/fam.s3.2/damprod/Original/10159/luxaire_HH8series_heatpump_spec.pdf,Fiche technique PDF,Série et modèles,Élevée,Document officiel trouvé et examiné,,https://data.energystar.gov/Active-Specifications/ENERGY-STAR-Certified-Ducted-Heat-Pumps/3m3x-a2hy
Luxaire,LX SERIES,HH836E2S12,central,https://s3.amazonaws.com/fam.s3.2/damprod/Original/10159/luxaire_HH8series_heatpump_spec.pdf,Fiche technique PDF,Série et modèles,Élevée,Document officiel trouvé et examiné,,https://data.energystar.gov/Active-Specifications/ENERGY-STAR-Certified-Ducted-Heat-Pumps/3m3x-a2hy
Luxaire,LX SERIES,HH860E2S11,central,https://s3.amazonaws.com/fam.s3.2/damprod/Original/10159/luxaire_HH8series_heatpump_spec.pdf,Fiche technique PDF,Série et modèles,Élevée,Document officiel trouvé et examiné,,https://data.energystar.gov/Active-Specifications/ENERGY-STAR-Certified-Ducted-Heat-Pumps/3m3x-a2hy
Luxaire,LX SERIES,HH860E2S12,central,https://s3.amazonaws.com/fam.s3.2/damprod/Original/10159/luxaire_HH8series_heatpump_spec.pdf,Fiche technique PDF,Série et modèles,Élevée,Document officiel trouvé et examiné,,https://data.energystar.gov/Active-Specifications/ENERGY-STAR-Certified-Ducted-Heat-Pumps/3m3x-a2hy
Luxaire,LX SERIES,XH518E2S11,central,https://s3.amazonaws.com/fam.s3.2/damprod/Original/10159/luxaire_XH5series_heatpump_spec.pdf,Fiche technique PDF,Série et modèles,Élevée,Document officiel trouvé et examiné,,https://data.energystar.gov/Active-Specifications/ENERGY-STAR-Certified-Ducted-Heat-Pumps/3m3x-a2hy
Luxaire,LX SERIES,XH524E2S11,central,https://s3.amazonaws.com/fam.s3.2/damprod/Original/10159/luxaire_XH5series_heatpump_spec.pdf,Fiche technique PDF,Série et modèles,Élevée,Document officiel trouvé et examiné,,https://data.energystar.gov/Active-Specifications/ENERGY-STAR-Certified-Ducted-Heat-Pumps/3m3x-a2hy
Luxaire,LX SERIES,XH536E2S11,central,https://s3.amazonaws.com/fam.s3.2/damprod/Original/10159/luxaire_XH5series_heatpump_spec.pdf,Fiche technique PDF,Série et modèles,Élevée,Document officiel trouvé et examiné,,https://data.energystar.gov/Active-Specifications/ENERGY-STAR-Certified-Ducted-Heat-Pumps/3m3x-a2hy
Luxaire,LX SERIES,XH548E2S11,central,https://s3.amazonaws.com/fam.s3.2/damprod/Original/10159/luxaire_XH5series_heatpump_spec.pdf,Fiche technique PDF,Série et modèles,Élevée,Document officiel trouvé et examiné,,https://data.energystar.gov/Active-Specifications/ENERGY-STAR-Certified-Ducted-Heat-Pumps/3m3x-a2hy
Luxaire,LX SERIES,XH560E2S11,central,https://s3.amazonaws.com/fam.s3.2/damprod/Original/10159/luxaire_XH5series_heatpump_spec.pdf,Fiche technique PDF,Série et modèles,Élevée,Document officiel trouvé et examiné,,https://data.energystar.gov/Active-Specifications/ENERGY-STAR-Certified-Ducted-Heat-Pumps/3m3x-a2hy
Luxaire,LX SERIES,XH618E2S11,central,https://spring.yorknow.com/documentsearch/,Portail documentaire officiel JCI/York,Famille rebrand; rechercher le SKU,Moyenne,Portail officiel trouvé et vérifié; PDF exact à sélectionner lorsque précisé,,https://data.energystar.gov/Active-Specifications/ENERGY-STAR-Certified-Ducted-Heat-Pumps/3m3x-a2hy
Luxaire,LX SERIES,XH624E2S11,central,https://spring.yorknow.com/documentsearch/,Portail documentaire officiel JCI/York,Famille rebrand; rechercher le SKU,Moyenne,Portail officiel trouvé et vérifié; PDF exact à sélectionner lorsque précisé,,https://data.energystar.gov/Active-Specifications/ENERGY-STAR-Certified-Ducted-Heat-Pumps/3m3x-a2hy
Luxaire,LX SERIES,XH630E2S11,central,https://spring.yorknow.com/documentsearch/,Portail documentaire officiel JCI/York,Famille rebrand; rechercher le SKU,Moyenne,Portail officiel trouvé et vérifié; PDF exact à sélectionner lorsque précisé,,https://data.energystar.gov/Active-Specifications/ENERGY-STAR-Certified-Ducted-Heat-Pumps/3m3x-a2hy
Luxaire,LX SERIES,XH636E2S11,central,https://spring.yorknow.com/documentsearch/,Portail documentaire officiel JCI/York,Famille rebrand; rechercher le SKU,Moyenne,Portail officiel trouvé et vérifié; PDF exact à sélectionner lorsque précisé,,https://data.energystar.gov/Active-Specifications/ENERGY-STAR-Certified-Ducted-Heat-Pumps/3m3x-a2hy
Luxaire,LX SERIES,XH648E2S11,central,https://spring.yorknow.com/documentsearch/,Portail documentaire officiel JCI/York,Famille rebrand; rechercher le SKU,Moyenne,Portail officiel trouvé et vérifié; PDF exact à sélectionner lorsque précisé,,https://data.energystar.gov/Active-Specifications/ENERGY-STAR-Certified-Ducted-Heat-Pumps/3m3x-a2hy
Luxaire,LX SERIES,XH660E2S11,central,https://spring.yorknow.com/documentsearch/,Portail documentaire officiel JCI/York,Famille rebrand; rechercher le SKU,Moyenne,Portail officiel trouvé et vérifié; PDF exact à sélectionner lorsque précisé,,https://data.energystar.gov/Active-Specifications/ENERGY-STAR-Certified-Ducted-Heat-Pumps/3m3x-a2hy
Luxaire,LX SERIES,XH936E2C11,central,https://spring.yorknow.com/documentsearch/,Portail documentaire officiel JCI/York,Famille rebrand; rechercher le SKU,Moyenne,Portail officiel trouvé et vérifié; PDF exact à sélectionner lorsque précisé,,https://data.energystar.gov/Active-Specifications/ENERGY-STAR-Certified-Ducted-Heat-Pumps/3m3x-a2hy
Luxaire,LX SERIES,XH960E2C11,central,https://spring.yorknow.com/documentsearch/,Portail documentaire officiel JCI/York,Famille rebrand; rechercher le SKU,Moyenne,Portail officiel trouvé et vérifié; PDF exact à sélectionner lorsque précisé,,https://data.energystar.gov/Active-Specifications/ENERGY-STAR-Certified-Ducted-Heat-Pumps/3m3x-a2hy
Luxaire,PH9,PH9E36N00D21,central,https://spring.yorknow.com/documentsearch/,Portail documentaire officiel JCI/York,Famille rebrand; rechercher le SKU,Moyenne,Portail officiel trouvé et vérifié; PDF exact à sélectionner lorsque précisé,,https://data.energystar.gov/Active-Specifications/ENERGY-STAR-Certified-Ducted-Heat-Pumps/3m3x-a2hy
Luxaire,PH9,PH9E60N00D21,central,https://spring.yorknow.com/documentsearch/,Portail documentaire officiel JCI/York,Famille rebrand; rechercher le SKU,Moyenne,Portail officiel trouvé et vérifié; PDF exact à sélectionner lorsque précisé,,https://data.energystar.gov/Active-Specifications/ENERGY-STAR-Certified-Ducted-Heat-Pumps/3m3x-a2hy
Luxaire,PL5,PL5E60N00D21,central,https://spring.yorknow.com/documentsearch/,Portail documentaire officiel JCI/York,Famille rebrand; rechercher le SKU,Moyenne,Portail officiel trouvé et vérifié; PDF exact à sélectionner lorsque précisé,,https://data.energystar.gov/Active-Specifications/ENERGY-STAR-Certified-Ducted-Heat-Pumps/3m3x-a2hy
Luxaire,XD5,XD524E2D11,central,https://spring.yorknow.com/documentsearch/,Portail documentaire officiel JCI/York,Famille rebrand; rechercher le SKU,Moyenne,Portail officiel trouvé et vérifié; PDF exact à sélectionner lorsque précisé,,https://data.energystar.gov/Active-Specifications/ENERGY-STAR-Certified-Ducted-Heat-Pumps/3m3x-a2hy
Luxaire,XD5,XD536E2D11,central,https://spring.yorknow.com/documentsearch/,Portail documentaire officiel JCI/York,Famille rebrand; rechercher le SKU,Moyenne,Portail officiel trouvé et vérifié; PDF exact à sélectionner lorsque précisé,,https://data.energystar.gov/Active-Specifications/ENERGY-STAR-Certified-Ducted-Heat-Pumps/3m3x-a2hy
Luxaire,XD5,XD560E2D11,central,https://spring.yorknow.com/documentsearch/,Portail documentaire officiel JCI/York,Famille rebrand; rechercher le SKU,Moyenne,Portail officiel trouvé et vérifié; PDF exact à sélectionner lorsque précisé,,https://data.energystar.gov/Active-Specifications/ENERGY-STAR-Certified-Ducted-Heat-Pumps/3m3x-a2hy
Luxaire,XDV,XDV36E2D11,central,https://spring.yorknow.com/documentsearch/,Portail documentaire officiel JCI/York,Famille rebrand; rechercher le SKU,Moyenne,Portail officiel trouvé et vérifié; PDF exact à sélectionner lorsque précisé,,https://data.energystar.gov/Active-Specifications/ENERGY-STAR-Certified-Ducted-Heat-Pumps/3m3x-a2hy
Luxaire,XDV,XDV60E2D11,central,https://spring.yorknow.com/documentsearch/,Portail documentaire officiel JCI/York,Famille rebrand; rechercher le SKU,Moyenne,Portail officiel trouvé et vérifié; PDF exact à sélectionner lorsque précisé,,https://data.energystar.gov/Active-Specifications/ENERGY-STAR-Certified-Ducted-Heat-Pumps/3m3x-a2hy
Maestrale,Aquilon  series,TSA09MAQU1J0X24-O*,ductless,,,,Non établi,Aucune brochure publique suffisamment précise confirmée après recherche approfondie,Code exact recherché dans les sources fabricant et index publics; ne pas associer un PDF générique.,https://data.energystar.gov/Active-Specifications/ENERGY-STAR-Certified-Mini-Split-Heat-Pumps/akti-mt5s
Maestrale,Aquilon  series,TSA12MAQU1J0X24-O**,ductless,,,,Non établi,Aucune brochure publique suffisamment précise confirmée après recherche approfondie,Code exact recherché dans les sources fabricant et index publics; ne pas associer un PDF générique.,https://data.energystar.gov/Active-Specifications/ENERGY-STAR-Certified-Mini-Split-Heat-Pumps/akti-mt5s
Maestrale,Aquilon  series,TSA18MAQU1J0X24-O**,ductless,,,,Non établi,Aucune brochure publique suffisamment précise confirmée après recherche approfondie,Code exact recherché dans les sources fabricant et index publics; ne pas associer un PDF générique.,https://data.energystar.gov/Active-Specifications/ENERGY-STAR-Certified-Mini-Split-Heat-Pumps/akti-mt5s
Maestrale,Aquilon  series,TSA24MAQU1J0X24-O*,ductless,,,,Non établi,Aucune brochure publique suffisamment précise confirmée après recherche approfondie,Code exact recherché dans les sources fabricant et index publics; ne pas associer un PDF générique.,https://data.energystar.gov/Active-Specifications/ENERGY-STAR-Certified-Mini-Split-Heat-Pumps/akti-mt5s
Maestrale,Boreas series,TSB20MBOR2J0X24*,ductless,,,,Non établi,Aucune brochure publique suffisamment précise confirmée après recherche approfondie,Code exact recherché dans les sources fabricant et index publics; ne pas associer un PDF générique.,https://data.energystar.gov/Active-Specifications/ENERGY-STAR-Certified-Mini-Split-Heat-Pumps/akti-mt5s
Maestrale,Boreas series,TSB24MBOR3J0X24**,ductless,,,,Non établi,Aucune brochure publique suffisamment précise confirmée après recherche approfondie,Code exact recherché dans les sources fabricant et index publics; ne pas associer un PDF générique.,https://data.energystar.gov/Active-Specifications/ENERGY-STAR-Certified-Mini-Split-Heat-Pumps/akti-mt5s
Maestrale,Boreas series,TSB36MBOR4J0X24**,ductless,,,,Non établi,Aucune brochure publique suffisamment précise confirmée après recherche approfondie,Code exact recherché dans les sources fabricant et index publics; ne pas associer un PDF générique.,https://data.energystar.gov/Active-Specifications/ENERGY-STAR-Certified-Mini-Split-Heat-Pumps/akti-mt5s
Maestrale,Boreas series,TSB45MBOR4J0X24*,ductless,,,,Non établi,Aucune brochure publique suffisamment précise confirmée après recherche approfondie,Code exact recherché dans les sources fabricant et index publics; ne pas associer un PDF générique.,https://data.energystar.gov/Active-Specifications/ENERGY-STAR-Certified-Mini-Split-Heat-Pumps/akti-mt5s
MAINLINE,ML Series,ML15HP230NEXH-O,ductless,https://mainlinehvac.ca/nexus-series/,Page fabricant avec documents,Série,Élevée,Portail officiel trouvé et vérifié; PDF exact à sélectionner lorsque précisé,,https://data.energystar.gov/Active-Specifications/ENERGY-STAR-Certified-Mini-Split-Heat-Pumps/akti-mt5s
MAXI AIR,MAXS Series,MAXS-2430-454,central,,,,Non établi,Aucune brochure publique suffisamment précise confirmée après recherche approfondie,Code exact recherché dans les sources fabricant et index publics; ne pas associer un PDF générique.,https://data.energystar.gov/Active-Specifications/ENERGY-STAR-Certified-Ducted-Heat-Pumps/3m3x-a2hy
MAXI AIR,MAXS Series,MAXS-4260-454,central,,,,Non établi,Aucune brochure publique suffisamment précise confirmée après recherche approfondie,Code exact recherché dans les sources fabricant et index publics; ne pas associer un PDF générique.,https://data.energystar.gov/Active-Specifications/ENERGY-STAR-Certified-Ducted-Heat-Pumps/3m3x-a2hy
MAXI AIR,T55 Series,T55-MULTI18E454*,ductless,,,,Non établi,Aucune brochure publique suffisamment précise confirmée après recherche approfondie,Code exact recherché dans les sources fabricant et index publics; ne pas associer un PDF générique.,https://data.energystar.gov/Active-Specifications/ENERGY-STAR-Certified-Mini-Split-Heat-Pumps/akti-mt5s
MDV,M2O Series,M2OX330-18HFN8-M1,ductless,https://mdv-global.midea.com/,Portail fabricant,Aucun PDF exact public confirmé pour plusieurs codes,Faible,Portail officiel trouvé et vérifié; PDF exact à sélectionner lorsque précisé,,https://data.energystar.gov/Active-Specifications/ENERGY-STAR-Certified-Mini-Split-Heat-Pumps/akti-mt5s
MDV,M3O Series,M3OD31-18HFN8-M1XD,ductless,https://mdv-global.midea.com/,Portail fabricant,Aucun PDF exact public confirmé pour plusieurs codes,Faible,Portail officiel trouvé et vérifié; PDF exact à sélectionner lorsque précisé,,https://data.energystar.gov/Active-Specifications/ENERGY-STAR-Certified-Mini-Split-Heat-Pumps/akti-mt5s
MDV,M3O Series,M3OX430-27HFN8-M1,ductless,https://mdv-global.midea.com/,Portail fabricant,Aucun PDF exact public confirmé pour plusieurs codes,Faible,Portail officiel trouvé et vérifié; PDF exact à sélectionner lorsque précisé,,https://data.energystar.gov/Active-Specifications/ENERGY-STAR-Certified-Mini-Split-Heat-Pumps/akti-mt5s
MDV,M4O Series,M4OD30-36HFN8-M1,ductless,https://mdv-global.midea.com/,Portail fabricant,Aucun PDF exact public confirmé pour plusieurs codes,Faible,Portail officiel trouvé et vérifié; PDF exact à sélectionner lorsque précisé,,https://data.energystar.gov/Active-Specifications/ENERGY-STAR-Certified-Mini-Split-Heat-Pumps/akti-mt5s
MDV,M4O Series,M4OD31-27HFN8-M1XD,ductless,https://mdv-global.midea.com/,Portail fabricant,Aucun PDF exact public confirmé pour plusieurs codes,Faible,Portail officiel trouvé et vérifié; PDF exact à sélectionner lorsque précisé,,https://data.energystar.gov/Active-Specifications/ENERGY-STAR-Certified-Mini-Split-Heat-Pumps/akti-mt5s
MDV,M5O Series,M5OX630-48HFN8-M,ductless,https://mdv-global.midea.com/,Portail fabricant,Aucun PDF exact public confirmé pour plusieurs codes,Faible,Portail officiel trouvé et vérifié; PDF exact à sélectionner lorsque précisé,,https://data.energystar.gov/Active-Specifications/ENERGY-STAR-Certified-Mini-Split-Heat-Pumps/akti-mt5s
MDV,MOX Series | MVBM Series | MVBM series,MOX430-18HFN10-M3X,central,https://mdv-global.midea.com/,Portail fabricant,Aucun PDF exact public confirmé pour plusieurs codes,Faible,Portail officiel trouvé et vérifié; PDF exact à sélectionner lorsque précisé,,https://data.energystar.gov/Active-Specifications/ENERGY-STAR-Certified-Ducted-Heat-Pumps/3m3x-a2hy
MDV,MSEP seris,MOX330-12HFN8-M1X,ductless,https://mdv-global.midea.com/,Portail fabricant,Aucun PDF exact public confirmé pour plusieurs codes,Faible,Portail officiel trouvé et vérifié; PDF exact à sélectionner lorsque précisé,,https://data.energystar.gov/Active-Specifications/ENERGY-STAR-Certified-Mini-Split-Heat-Pumps/akti-mt5s
MDV,MSEP seris,MOX430-18HFN8-M1X,ductless,https://mdv-global.midea.com/,Portail fabricant,Aucun PDF exact public confirmé pour plusieurs codes,Faible,Portail officiel trouvé et vérifié; PDF exact à sélectionner lorsque précisé,,https://data.energystar.gov/Active-Specifications/ENERGY-STAR-Certified-Mini-Split-Heat-Pumps/akti-mt5s
MDV,MVB Series,MOD30-48HFN10-M3F,central,https://mdv-global.midea.com/,Portail fabricant,Aucun PDF exact public confirmé pour plusieurs codes,Faible,Portail officiel trouvé et vérifié; PDF exact à sélectionner lorsque précisé,,https://data.energystar.gov/Active-Specifications/ENERGY-STAR-Certified-Ducted-Heat-Pumps/3m3x-a2hy
MDV,MVB Series,MOX330-24HFN10-M3,central,https://mdv-global.midea.com/,Portail fabricant,Aucun PDF exact public confirmé pour plusieurs codes,Faible,Portail officiel trouvé et vérifié; PDF exact à sélectionner lorsque précisé,,https://data.energystar.gov/Active-Specifications/ENERGY-STAR-Certified-Ducted-Heat-Pumps/3m3x-a2hy
MDV,MVB Series,MOX430-30HFN10-M3,central,https://mdv-global.midea.com/,Portail fabricant,Aucun PDF exact public confirmé pour plusieurs codes,Faible,Portail officiel trouvé et vérifié; PDF exact à sélectionner lorsque précisé,,https://data.energystar.gov/Active-Specifications/ENERGY-STAR-Certified-Ducted-Heat-Pumps/3m3x-a2hy
MDV,MVB Series,MOX630-60HFN10-M3F,central,https://mdv-global.midea.com/,Portail fabricant,Aucun PDF exact public confirmé pour plusieurs codes,Faible,Portail officiel trouvé et vérifié; PDF exact à sélectionner lorsque précisé,,https://data.energystar.gov/Active-Specifications/ENERGY-STAR-Certified-Ducted-Heat-Pumps/3m3x-a2hy
Midea,ATOM X,MDV-V24WMN10T(B),central,https://hvac.midea.com/resources/file/2025/03/07/652051355680837.pdf,Catalogue technique PDF fabricant,Famille ATOM X N10T,Élevée,Document officiel trouvé et examiné,,https://data.energystar.gov/Active-Specifications/ENERGY-STAR-Certified-Ducted-Heat-Pumps/3m3x-a2hy
Midea,ATOM X,MDV-V30WMN10T,central,https://hvac.midea.com/resources/file/2025/03/07/652051355680837.pdf,Catalogue technique PDF fabricant,Famille ATOM X N10T,Élevée,Document officiel trouvé et examiné,,https://data.energystar.gov/Active-Specifications/ENERGY-STAR-Certified-Ducted-Heat-Pumps/3m3x-a2hy
Midea,ATOM X,MDV-V36WMN10T-H,central,https://hvac.midea.com/resources/file/2025/03/07/652051355680837.pdf,Catalogue technique PDF fabricant,Famille ATOM X N10T,Élevée,Document officiel trouvé et examiné,,https://data.energystar.gov/Active-Specifications/ENERGY-STAR-Certified-Ducted-Heat-Pumps/3m3x-a2hy
Midea,ATOM X,MDV-V36WMN10T(B),central,https://hvac.midea.com/resources/file/2025/03/07/652051355680837.pdf,Catalogue technique PDF fabricant,Famille ATOM X N10T,Élevée,Document officiel trouvé et examiné,,https://data.energystar.gov/Active-Specifications/ENERGY-STAR-Certified-Ducted-Heat-Pumps/3m3x-a2hy
Midea,ATOM X,MDV-V36WMN10T,central,https://hvac.midea.com/resources/file/2025/03/07/652051355680837.pdf,Catalogue technique PDF fabricant,Famille ATOM X N10T,Élevée,Document officiel trouvé et examiné,,https://data.energystar.gov/Active-Specifications/ENERGY-STAR-Certified-Ducted-Heat-Pumps/3m3x-a2hy
Midea,ATOM X,MDV-V60WMN10T(B),central,https://hvac.midea.com/resources/file/2025/03/07/652051355680837.pdf,Catalogue technique PDF fabricant,Famille ATOM X N10T,Élevée,Document officiel trouvé et examiné,,https://data.energystar.gov/Active-Specifications/ENERGY-STAR-Certified-Ducted-Heat-Pumps/3m3x-a2hy
Midea,M152H,MOVA-42HN10-M152L,central,https://hvac.midea.com/resources/file/2025/03/07/652011735310405.pdf,Fiche technique PDF,Modèle exact,Élevée,Document officiel trouvé et examiné,,https://data.energystar.gov/Active-Specifications/ENERGY-STAR-Certified-Ducted-Heat-Pumps/3m3x-a2hy
Midea,MDV Series,MDV-V18WMN1T*,ductless,https://www.mideacomfort.us/product-resources/,Bibliothèque fabricant,Modèle non apparié à un PDF exact,Moyenne,Portail officiel trouvé et vérifié; PDF exact à sélectionner lorsque précisé,,https://data.energystar.gov/Active-Specifications/ENERGY-STAR-Certified-Mini-Split-Heat-Pumps/akti-mt5s
Midea,MDV Series,MDV-V24WMN1T*,ductless,https://www.mideacomfort.us/product-resources/,Bibliothèque fabricant,Modèle non apparié à un PDF exact,Moyenne,Portail officiel trouvé et vérifié; PDF exact à sélectionner lorsque précisé,,https://data.energystar.gov/Active-Specifications/ENERGY-STAR-Certified-Mini-Split-Heat-Pumps/akti-mt5s
Midea,MDV Series,MDV-V36WMN10T-H,ductless,https://hvac.midea.com/resources/file/2025/03/07/652051355680837.pdf,Catalogue technique PDF fabricant,Famille ATOM X N10T,Élevée,Document officiel trouvé et examiné,,https://data.energystar.gov/Active-Specifications/ENERGY-STAR-Certified-Mini-Split-Heat-Pumps/akti-mt5s
Midea,MDV Series,MDV-V36WMN1T*,ductless,https://www.mideacomfort.us/product-resources/,Bibliothèque fabricant,Modèle non apparié à un PDF exact,Moyenne,Portail officiel trouvé et vérifié; PDF exact à sélectionner lorsque précisé,,https://data.energystar.gov/Active-Specifications/ENERGY-STAR-Certified-Mini-Split-Heat-Pumps/akti-mt5s
Midea,MDV Series,MDV-V36WMN1TE*,ductless,https://www.mideacomfort.us/product-resources/,Bibliothèque fabricant,Modèle non apparié à un PDF exact,Moyenne,Portail officiel trouvé et vérifié; PDF exact à sélectionner lorsque précisé,,https://data.energystar.gov/Active-Specifications/ENERGY-STAR-Certified-Mini-Split-Heat-Pumps/akti-mt5s
Midea,MO1 Series,MO1AE-H24B-2A,central,https://www.mideacomfort.us/images/new/literature/EVOX%20G3.pdf,Fiche technique PDF,Famille MO1 HE/SE,Élevée,Document officiel trouvé et examiné,,https://data.energystar.gov/Active-Specifications/ENERGY-STAR-Certified-Ducted-Heat-Pumps/3m3x-a2hy
Midea,MO1 Series,MO1AE-H30B-2A,central,https://www.mideacomfort.us/images/new/literature/EVOX%20G3.pdf,Fiche technique PDF,Famille MO1 HE/SE,Élevée,Document officiel trouvé et examiné,,https://data.energystar.gov/Active-Specifications/ENERGY-STAR-Certified-Ducted-Heat-Pumps/3m3x-a2hy
Midea,MO1 Series,MO1AE-H48B-2A,central,https://www.mideacomfort.us/images/new/literature/EVOX%20G3.pdf,Fiche technique PDF,Famille MO1 HE/SE,Élevée,Document officiel trouvé et examiné,,https://data.energystar.gov/Active-Specifications/ENERGY-STAR-Certified-Ducted-Heat-Pumps/3m3x-a2hy
Midea,MO1 Series,MO1AE-H60B-2A,central,https://www.mideacomfort.us/images/new/literature/EVOX%20G3.pdf,Fiche technique PDF,Famille MO1 HE/SE,Élevée,Document officiel trouvé et examiné,,https://data.energystar.gov/Active-Specifications/ENERGY-STAR-Certified-Ducted-Heat-Pumps/3m3x-a2hy
Midea,MO1 Series,MO1BE-H18B-2A,central,https://www.mideacomfort.us/images/new/literature/EVOX%20G3.pdf,Fiche technique PDF,Famille MO1 HE/SE,Élevée,Document officiel trouvé et examiné,,https://data.energystar.gov/Active-Specifications/ENERGY-STAR-Certified-Ducted-Heat-Pumps/3m3x-a2hy
Midea,MO1 Series,MO1BE-H24B-2A,central,https://www.mideacomfort.us/images/new/literature/EVOX%20G3.pdf,Fiche technique PDF,Famille MO1 HE/SE,Élevée,Document officiel trouvé et examiné,,https://data.energystar.gov/Active-Specifications/ENERGY-STAR-Certified-Ducted-Heat-Pumps/3m3x-a2hy
Midea,MO1 Series,MO1BE-H30B-2A,central,https://www.mideacomfort.us/images/new/literature/EVOX%20G3.pdf,Fiche technique PDF,Famille MO1 HE/SE,Élevée,Document officiel trouvé et examiné,,https://data.energystar.gov/Active-Specifications/ENERGY-STAR-Certified-Ducted-Heat-Pumps/3m3x-a2hy
Midea,MO1 Series,MO1BE-H36B-2A,central,https://www.mideacomfort.us/images/new/literature/EVOX%20G3.pdf,Fiche technique PDF,Famille MO1 HE/SE,Élevée,Document officiel trouvé et examiné,,https://data.energystar.gov/Active-Specifications/ENERGY-STAR-Certified-Ducted-Heat-Pumps/3m3x-a2hy
Midea,MO1 Series,MO1BE-H36B-2B,central,https://www.mideacomfort.us/images/new/literature/EVOX%20G3.pdf,Fiche technique PDF,Famille MO1 HE/SE,Élevée,Document officiel trouvé et examiné,,https://data.energystar.gov/Active-Specifications/ENERGY-STAR-Certified-Ducted-Heat-Pumps/3m3x-a2hy
Midea,MO1 Series,MO1BE-H48B-2A,central,https://www.mideacomfort.us/images/new/literature/EVOX%20G3.pdf,Fiche technique PDF,Famille MO1 HE/SE,Élevée,Document officiel trouvé et examiné,,https://data.energystar.gov/Active-Specifications/ENERGY-STAR-Certified-Ducted-Heat-Pumps/3m3x-a2hy
Midea,MO1 Series,MO1BE-H60B-2A,central,https://www.mideacomfort.us/images/new/literature/EVOX%20G3.pdf,Fiche technique PDF,Famille MO1 HE/SE,Élevée,Document officiel trouvé et examiné,,https://data.energystar.gov/Active-Specifications/ENERGY-STAR-Certified-Ducted-Heat-Pumps/3m3x-a2hy
Midea,MO1 Series,MO1ES-H15B-2A,ductless,https://www.mideacomfort.us/images/new/literature/EVOX%20G3.pdf,Fiche technique PDF,Famille MO1 HE/SE,Élevée,Document officiel trouvé et examiné,,https://data.energystar.gov/Active-Specifications/ENERGY-STAR-Certified-Mini-Split-Heat-Pumps/akti-mt5s
Midea,MO1 Series,MO1HE-H18B-2A,central,https://www.mideacomfort.us/images/new/literature/EVOX%20G3.pdf,Fiche technique PDF,Famille MO1 HE/SE,Élevée,Document officiel trouvé et examiné,,https://data.energystar.gov/Active-Specifications/ENERGY-STAR-Certified-Ducted-Heat-Pumps/3m3x-a2hy
Midea,MO1 Series,MO1HE-H24B-2A,central,https://www.mideacomfort.us/images/new/literature/EVOX%20G3.pdf,Fiche technique PDF,Famille MO1 HE/SE,Élevée,Document officiel trouvé et examiné,,https://data.energystar.gov/Active-Specifications/ENERGY-STAR-Certified-Ducted-Heat-Pumps/3m3x-a2hy
Midea,MO1 Series,MO1HE-H30B-2A,central,https://www.mideacomfort.us/images/new/literature/EVOX%20G3.pdf,Fiche technique PDF,Famille MO1 HE/SE,Élevée,Document officiel trouvé et examiné,,https://data.energystar.gov/Active-Specifications/ENERGY-STAR-Certified-Ducted-Heat-Pumps/3m3x-a2hy
Midea,MO1 Series,MO1HE-H48B-2A,central,https://www.mideacomfort.us/images/new/literature/EVOX%20G3.pdf,Fiche technique PDF,Famille MO1 HE/SE,Élevée,Document officiel trouvé et examiné,,https://data.energystar.gov/Active-Specifications/ENERGY-STAR-Certified-Ducted-Heat-Pumps/3m3x-a2hy
Midea,MO1 Series,MO1HE-H60B-2A,central,https://www.mideacomfort.us/images/new/literature/EVOX%20G3.pdf,Fiche technique PDF,Famille MO1 HE/SE,Élevée,Document officiel trouvé et examiné,,https://data.energystar.gov/Active-Specifications/ENERGY-STAR-Certified-Ducted-Heat-Pumps/3m3x-a2hy
Midea,MO1 Series,MO1HS-H15B-2A,ductless,https://www.mideacomfort.us/images/new/literature/EVOX%20G3.pdf,Fiche technique PDF,Famille MO1 HE/SE,Élevée,Document officiel trouvé et examiné,,https://data.energystar.gov/Active-Specifications/ENERGY-STAR-Certified-Mini-Split-Heat-Pumps/akti-mt5s
Midea,MO1 Series,MO1SE-H36B-2A,central,https://www.mideacomfort.us/images/new/literature/EVOX%20G3.pdf,Fiche technique PDF,Famille MO1 HE/SE,Élevée,Document officiel trouvé et examiné,,https://data.energystar.gov/Active-Specifications/ENERGY-STAR-Certified-Ducted-Heat-Pumps/3m3x-a2hy
Midea,MO4 Series,MO4EX-H27B-2B,ductless,https://www.mideacomfort.us/pdf/new/Leaflet_Multi-zone_2025.pdf,Fiche multi-zone fabricant,"Famille MO4; révision 2A publiée, 2B à confirmer",Moyenne,Document officiel trouvé et examiné,,https://data.energystar.gov/Active-Specifications/ENERGY-STAR-Certified-Mini-Split-Heat-Pumps/akti-mt5s
Midea,X30H-LGWP,MOVA-36HDN10-M20G,central,https://www.mideacomfort.us/product-resources/,Bibliothèque fabricant,Modèle non apparié à un PDF exact,Moyenne,Portail officiel trouvé et vérifié; PDF exact à sélectionner lorsque précisé,,https://data.energystar.gov/Active-Specifications/ENERGY-STAR-Certified-Ducted-Heat-Pumps/3m3x-a2hy
MIRAGE,GALAXY,OGFH181C,ductless,,,,Non établi,Aucune brochure publique suffisamment précise confirmée après recherche approfondie,Code exact recherché dans les sources fabricant et index publics; ne pas associer un PDF générique.,https://data.energystar.gov/Active-Specifications/ENERGY-STAR-Certified-Mini-Split-Heat-Pumps/akti-mt5s
MIRAGE,GALAXY,OGFH271C,ductless,,,,Non établi,Aucune brochure publique suffisamment précise confirmée après recherche approfondie,Code exact recherché dans les sources fabricant et index publics; ne pas associer un PDF générique.,https://data.energystar.gov/Active-Specifications/ENERGY-STAR-Certified-Mini-Split-Heat-Pumps/akti-mt5s
MIRAGE,GALAXY,OGFH351C,ductless,,,,Non établi,Aucune brochure publique suffisamment précise confirmée après recherche approfondie,Code exact recherché dans les sources fabricant et index publics; ne pas associer un PDF générique.,https://data.energystar.gov/Active-Specifications/ENERGY-STAR-Certified-Mini-Split-Heat-Pumps/akti-mt5s
MIRAGE,GALAXY,OGFH421C,ductless,,,,Non établi,Aucune brochure publique suffisamment précise confirmée après recherche approfondie,Code exact recherché dans les sources fabricant et index publics; ne pas associer un PDF générique.,https://data.energystar.gov/Active-Specifications/ENERGY-STAR-Certified-Mini-Split-Heat-Pumps/akti-mt5s
MIRAGE,MAGNUS,OMZH121C*,ductless,,,,Non établi,Aucune brochure publique suffisamment précise confirmée après recherche approfondie,Code exact recherché dans les sources fabricant et index publics; ne pas associer un PDF générique.,https://data.energystar.gov/Active-Specifications/ENERGY-STAR-Certified-Mini-Split-Heat-Pumps/akti-mt5s
MIRAGE,MAGNUS,OMZH121C,ductless,,,,Non établi,Aucune brochure publique suffisamment précise confirmée après recherche approfondie,Code exact recherché dans les sources fabricant et index publics; ne pas associer un PDF générique.,https://data.energystar.gov/Active-Specifications/ENERGY-STAR-Certified-Mini-Split-Heat-Pumps/akti-mt5s
MIRAGE,MAGNUS,OMZH181C*,ductless,,,,Non établi,Aucune brochure publique suffisamment précise confirmée après recherche approfondie,Code exact recherché dans les sources fabricant et index publics; ne pas associer un PDF générique.,https://data.energystar.gov/Active-Specifications/ENERGY-STAR-Certified-Mini-Split-Heat-Pumps/akti-mt5s
MIRAGE,MAGNUS,OMZH181C,ductless,,,,Non établi,Aucune brochure publique suffisamment précise confirmée après recherche approfondie,Code exact recherché dans les sources fabricant et index publics; ne pas associer un PDF générique.,https://data.energystar.gov/Active-Specifications/ENERGY-STAR-Certified-Mini-Split-Heat-Pumps/akti-mt5s
MIRAGE,MAGNUS,OMZH241C*,ductless,,,,Non établi,Aucune brochure publique suffisamment précise confirmée après recherche approfondie,Code exact recherché dans les sources fabricant et index publics; ne pas associer un PDF générique.,https://data.energystar.gov/Active-Specifications/ENERGY-STAR-Certified-Mini-Split-Heat-Pumps/akti-mt5s
MIRAGE,MAGNUS,OMZH241C,ductless,,,,Non établi,Aucune brochure publique suffisamment précise confirmée après recherche approfondie,Code exact recherché dans les sources fabricant et index publics; ne pas associer un PDF générique.,https://data.energystar.gov/Active-Specifications/ENERGY-STAR-Certified-Mini-Split-Heat-Pumps/akti-mt5s
Mitsubishi Electric,City Multi,PUMY-HL36NKMU***,ductless,https://www.mitsubishitechinfo.ca/sites/default/files/Multi-Zone%20Compatibility%20Reference%20Guide%202025.pdf,Guide compatibilité PDF,HL36/42/48 et L36/48/60; HL60 non confirmé,Moyenne,Document officiel trouvé et examiné,,https://data.energystar.gov/Active-Specifications/ENERGY-STAR-Certified-Mini-Split-Heat-Pumps/akti-mt5s
Mitsubishi Electric,City Multi,PUMY-HL42NKMU***,ductless,https://www.mitsubishitechinfo.ca/sites/default/files/Multi-Zone%20Compatibility%20Reference%20Guide%202025.pdf,Guide compatibilité PDF,HL36/42/48 et L36/48/60; HL60 non confirmé,Moyenne,Document officiel trouvé et examiné,,https://data.energystar.gov/Active-Specifications/ENERGY-STAR-Certified-Mini-Split-Heat-Pumps/akti-mt5s
Mitsubishi Electric,City Multi,PUMY-HL48NKMU***,ductless,https://www.mitsubishitechinfo.ca/sites/default/files/Multi-Zone%20Compatibility%20Reference%20Guide%202025.pdf,Guide compatibilité PDF,HL36/42/48 et L36/48/60; HL60 non confirmé,Moyenne,Document officiel trouvé et examiné,,https://data.energystar.gov/Active-Specifications/ENERGY-STAR-Certified-Mini-Split-Heat-Pumps/akti-mt5s
Mitsubishi Electric,City Multi,PUMY-HL60NKMU***,ductless,https://www.mitsubishitechinfo.ca/sites/default/files/Multi-Zone%20Compatibility%20Reference%20Guide%202025.pdf,Guide compatibilité PDF,HL36/42/48 et L36/48/60; HL60 non confirmé,Moyenne,Document officiel trouvé et examiné,,https://data.energystar.gov/Active-Specifications/ENERGY-STAR-Certified-Mini-Split-Heat-Pumps/akti-mt5s
Mitsubishi Electric,City Multi,PUMY-L36NKMU***,ductless,https://www.mitsubishitechinfo.ca/sites/default/files/Multi-Zone%20Compatibility%20Reference%20Guide%202025.pdf,Guide compatibilité PDF,HL36/42/48 et L36/48/60; HL60 non confirmé,Moyenne,Document officiel trouvé et examiné,,https://data.energystar.gov/Active-Specifications/ENERGY-STAR-Certified-Mini-Split-Heat-Pumps/akti-mt5s
Mitsubishi Electric,City Multi,PUMY-L48NKMU***,ductless,https://www.mitsubishitechinfo.ca/sites/default/files/Multi-Zone%20Compatibility%20Reference%20Guide%202025.pdf,Guide compatibilité PDF,HL36/42/48 et L36/48/60; HL60 non confirmé,Moyenne,Document officiel trouvé et examiné,,https://data.energystar.gov/Active-Specifications/ENERGY-STAR-Certified-Mini-Split-Heat-Pumps/akti-mt5s
Mitsubishi Electric,City Multi,PUMY-L60NKMU***,ductless,https://www.mitsubishitechinfo.ca/sites/default/files/Multi-Zone%20Compatibility%20Reference%20Guide%202025.pdf,Guide compatibilité PDF,HL36/42/48 et L36/48/60; HL60 non confirmé,Moyenne,Document officiel trouvé et examiné,,https://data.energystar.gov/Active-Specifications/ENERGY-STAR-Certified-Mini-Split-Heat-Pumps/akti-mt5s
Mitsubishi Electric,M series,SUZ-AK30NLHZ***,ductless,https://www.mitsubishitechinfo.ca/sites/default/files/SM_PUZ_SUZ-AK24_48NLHZ_OCH870A.pdf,Manuel service PDF,SUZ-AK30/36 exacts,Élevée,Document officiel trouvé et examiné,,https://data.energystar.gov/Active-Specifications/ENERGY-STAR-Certified-Mini-Split-Heat-Pumps/akti-mt5s
Mitsubishi Electric,M series,SUZ-AK36NLHZ***,ductless,https://www.mitsubishitechinfo.ca/sites/default/files/SM_PUZ_SUZ-AK24_48NLHZ_OCH870A.pdf,Manuel service PDF,SUZ-AK30/36 exacts,Élevée,Document officiel trouvé et examiné,,https://data.energystar.gov/Active-Specifications/ENERGY-STAR-Certified-Mini-Split-Heat-Pumps/akti-mt5s
Mitsubishi Electric,M-Series,MUZ-HX18NL***,ductless,https://www.mitsubishitechinfo.ca/sites/default/files/SM_MSZ-HX09_24NL-CA1_OBH965A_FR.pdf,Manuel technique PDF,Série et modèles,Élevée,Document officiel trouvé et examiné,,https://data.energystar.gov/Active-Specifications/ENERGY-STAR-Certified-Mini-Split-Heat-Pumps/akti-mt5s
Mitsubishi Electric,M-Series,MUZ-HX18NLH2***,ductless,https://www.mitsubishitechinfo.ca/sites/default/files/SM_MSZ-HX09_24NL-CA1_OBH965A_FR.pdf,Manuel technique PDF,Série et modèles,Élevée,Document officiel trouvé et examiné,,https://data.energystar.gov/Active-Specifications/ENERGY-STAR-Certified-Mini-Split-Heat-Pumps/akti-mt5s
Mitsubishi Electric,M-Series,MUZ-HX24NL***,ductless,https://www.mitsubishitechinfo.ca/sites/default/files/SM_MSZ-HX09_24NL-CA1_OBH965A_FR.pdf,Manuel technique PDF,Série et modèles,Élevée,Document officiel trouvé et examiné,,https://data.energystar.gov/Active-Specifications/ENERGY-STAR-Certified-Mini-Split-Heat-Pumps/akti-mt5s
Mitsubishi Electric,M-Series,MUZ-HX24NLH2***,ductless,https://www.mitsubishitechinfo.ca/sites/default/files/SM_MSZ-HX09_24NL-CA1_OBH965A_FR.pdf,Manuel technique PDF,Série et modèles,Élevée,Document officiel trouvé et examiné,,https://data.energystar.gov/Active-Specifications/ENERGY-STAR-Certified-Mini-Split-Heat-Pumps/akti-mt5s
Mitsubishi Electric,S-Series,PUMY-HP36NKMU2***,ductless,https://www.mitsubishitechinfo.ca/sites/default/files/DB_PUMY-%28H%29P-NKMU%282%29%284%29_M-P0891A_202309.pdf,Databook PDF fabricant,PUMY HP/P exacts,Élevée,Document officiel trouvé et examiné,,https://data.energystar.gov/Active-Specifications/ENERGY-STAR-Certified-Mini-Split-Heat-Pumps/akti-mt5s
Mitsubishi Electric,S-Series,PUMY-HP36NKMU2,ductless,https://www.mitsubishitechinfo.ca/sites/default/files/DB_PUMY-%28H%29P-NKMU%282%29%284%29_M-P0891A_202309.pdf,Databook PDF fabricant,PUMY HP/P exacts,Élevée,Document officiel trouvé et examiné,,https://data.energystar.gov/Active-Specifications/ENERGY-STAR-Certified-Mini-Split-Heat-Pumps/akti-mt5s
Mitsubishi Electric,S-Series,PUMY-HP42NKMU2***,ductless,https://www.mitsubishitechinfo.ca/sites/default/files/DB_PUMY-%28H%29P-NKMU%282%29%284%29_M-P0891A_202309.pdf,Databook PDF fabricant,PUMY HP/P exacts,Élevée,Document officiel trouvé et examiné,,https://data.energystar.gov/Active-Specifications/ENERGY-STAR-Certified-Mini-Split-Heat-Pumps/akti-mt5s
Mitsubishi Electric,S-Series,PUMY-HP42NKMU2,ductless,https://www.mitsubishitechinfo.ca/sites/default/files/DB_PUMY-%28H%29P-NKMU%282%29%284%29_M-P0891A_202309.pdf,Databook PDF fabricant,PUMY HP/P exacts,Élevée,Document officiel trouvé et examiné,,https://data.energystar.gov/Active-Specifications/ENERGY-STAR-Certified-Mini-Split-Heat-Pumps/akti-mt5s
Mitsubishi Electric,S-Series,PUMY-HP48NKMU2***,ductless,https://www.mitsubishitechinfo.ca/sites/default/files/DB_PUMY-%28H%29P-NKMU%282%29%284%29_M-P0891A_202309.pdf,Databook PDF fabricant,PUMY HP/P exacts,Élevée,Document officiel trouvé et examiné,,https://data.energystar.gov/Active-Specifications/ENERGY-STAR-Certified-Mini-Split-Heat-Pumps/akti-mt5s
Mitsubishi Electric,S-Series,PUMY-HP48NKMU2,ductless,https://www.mitsubishitechinfo.ca/sites/default/files/DB_PUMY-%28H%29P-NKMU%282%29%284%29_M-P0891A_202309.pdf,Databook PDF fabricant,PUMY HP/P exacts,Élevée,Document officiel trouvé et examiné,,https://data.energystar.gov/Active-Specifications/ENERGY-STAR-Certified-Mini-Split-Heat-Pumps/akti-mt5s
Mitsubishi Electric,S-Series,PUMY-P36NKMU3***,ductless,https://www.mitsubishitechinfo.ca/sites/default/files/DB_PUMY-%28H%29P-NKMU%282%29%284%29_M-P0891A_202309.pdf,Databook PDF fabricant,PUMY HP/P exacts,Élevée,Document officiel trouvé et examiné,,https://data.energystar.gov/Active-Specifications/ENERGY-STAR-Certified-Mini-Split-Heat-Pumps/akti-mt5s
Mitsubishi Electric,S-Series,PUMY-P36NKMU4***,ductless,https://www.mitsubishitechinfo.ca/sites/default/files/DB_PUMY-%28H%29P-NKMU%282%29%284%29_M-P0891A_202309.pdf,Databook PDF fabricant,PUMY HP/P exacts,Élevée,Document officiel trouvé et examiné,,https://data.energystar.gov/Active-Specifications/ENERGY-STAR-Certified-Mini-Split-Heat-Pumps/akti-mt5s
Mitsubishi Electric,S-Series,PUMY-P36NKMU4,ductless,https://www.mitsubishitechinfo.ca/sites/default/files/DB_PUMY-%28H%29P-NKMU%282%29%284%29_M-P0891A_202309.pdf,Databook PDF fabricant,PUMY HP/P exacts,Élevée,Document officiel trouvé et examiné,,https://data.energystar.gov/Active-Specifications/ENERGY-STAR-Certified-Mini-Split-Heat-Pumps/akti-mt5s
Mitsubishi Electric,S-Series,PUMY-P48NKMU3***,ductless,https://www.mitsubishitechinfo.ca/sites/default/files/DB_PUMY-%28H%29P-NKMU%282%29%284%29_M-P0891A_202309.pdf,Databook PDF fabricant,PUMY HP/P exacts,Élevée,Document officiel trouvé et examiné,,https://data.energystar.gov/Active-Specifications/ENERGY-STAR-Certified-Mini-Split-Heat-Pumps/akti-mt5s
Mitsubishi Electric,S-Series,PUMY-P48NKMU4***,ductless,https://www.mitsubishitechinfo.ca/sites/default/files/DB_PUMY-%28H%29P-NKMU%282%29%284%29_M-P0891A_202309.pdf,Databook PDF fabricant,PUMY HP/P exacts,Élevée,Document officiel trouvé et examiné,,https://data.energystar.gov/Active-Specifications/ENERGY-STAR-Certified-Mini-Split-Heat-Pumps/akti-mt5s
Mitsubishi Electric,S-Series,PUMY-P48NKMU4,ductless,https://www.mitsubishitechinfo.ca/sites/default/files/DB_PUMY-%28H%29P-NKMU%282%29%284%29_M-P0891A_202309.pdf,Databook PDF fabricant,PUMY HP/P exacts,Élevée,Document officiel trouvé et examiné,,https://data.energystar.gov/Active-Specifications/ENERGY-STAR-Certified-Mini-Split-Heat-Pumps/akti-mt5s
Mitsubishi Electric,S-Series,PUMY-P60NKMU3***,ductless,https://www.mitsubishitechinfo.ca/sites/default/files/DB_PUMY-%28H%29P-NKMU%282%29%284%29_M-P0891A_202309.pdf,Databook PDF fabricant,PUMY HP/P exacts,Élevée,Document officiel trouvé et examiné,,https://data.energystar.gov/Active-Specifications/ENERGY-STAR-Certified-Mini-Split-Heat-Pumps/akti-mt5s
Mitsubishi Electric,S-Series,PUMY-P60NKMU4***,ductless,https://www.mitsubishitechinfo.ca/sites/default/files/DB_PUMY-%28H%29P-NKMU%282%29%284%29_M-P0891A_202309.pdf,Databook PDF fabricant,PUMY HP/P exacts,Élevée,Document officiel trouvé et examiné,,https://data.energystar.gov/Active-Specifications/ENERGY-STAR-Certified-Mini-Split-Heat-Pumps/akti-mt5s
Mitsubishi Electric,S-Series,PUMY-P60NKMU4,ductless,https://www.mitsubishitechinfo.ca/sites/default/files/DB_PUMY-%28H%29P-NKMU%282%29%284%29_M-P0891A_202309.pdf,Databook PDF fabricant,PUMY HP/P exacts,Élevée,Document officiel trouvé et examiné,,https://data.energystar.gov/Active-Specifications/ENERGY-STAR-Certified-Mini-Split-Heat-Pumps/akti-mt5s
Mitsutomo,HO Series,HO-SZ36-LC-Q,ductless,,,,Non établi,Aucune brochure publique suffisamment précise confirmée après recherche approfondie,Code exact recherché dans les sources fabricant et index publics; ne pas associer un PDF générique.,https://data.energystar.gov/Active-Specifications/ENERGY-STAR-Certified-Mini-Split-Heat-Pumps/akti-mt5s
MOOVAIR,MSH Series,MSHEA09C2AN*,ductless,https://cdn.master.ca/documents/en/moovair/brochures/2026/Moovair_MSeries_202603_EN_V03.pdf,Brochure PDF 2026,Série et modèles,Élevée,Document officiel trouvé et examiné,,https://data.energystar.gov/Active-Specifications/ENERGY-STAR-Certified-Mini-Split-Heat-Pumps/akti-mt5s
MOOVAIR,MSH Series,MSHEA12C2AN*,ductless,https://cdn.master.ca/documents/en/moovair/brochures/2026/Moovair_MSeries_202603_EN_V03.pdf,Brochure PDF 2026,Série et modèles,Élevée,Document officiel trouvé et examiné,,https://data.energystar.gov/Active-Specifications/ENERGY-STAR-Certified-Mini-Split-Heat-Pumps/akti-mt5s
MOOVAIR,MSH Series,MSHEA18C2AN*,ductless,https://cdn.master.ca/documents/en/moovair/brochures/2026/Moovair_MSeries_202603_EN_V03.pdf,Brochure PDF 2026,Série et modèles,Élevée,Document officiel trouvé et examiné,,https://data.energystar.gov/Active-Specifications/ENERGY-STAR-Certified-Mini-Split-Heat-Pumps/akti-mt5s
MOOVAIR,MSH Series,MSHMA09C2AN*,ductless,https://cdn.master.ca/documents/en/moovair/brochures/2026/Moovair_MSeries_202603_EN_V03.pdf,Brochure PDF 2026,Série et modèles,Élevée,Document officiel trouvé et examiné,,https://data.energystar.gov/Active-Specifications/ENERGY-STAR-Certified-Mini-Split-Heat-Pumps/akti-mt5s
MOOVAIR,MSH Series,MSHMA12C2AN*,ductless,https://cdn.master.ca/documents/en/moovair/brochures/2026/Moovair_MSeries_202603_EN_V03.pdf,Brochure PDF 2026,Série et modèles,Élevée,Document officiel trouvé et examiné,,https://data.energystar.gov/Active-Specifications/ENERGY-STAR-Certified-Mini-Split-Heat-Pumps/akti-mt5s
MOOVAIR,MSH Series,MSHMA18C2AN*,ductless,https://cdn.master.ca/documents/en/moovair/brochures/2026/Moovair_MSeries_202603_EN_V03.pdf,Brochure PDF 2026,Série et modèles,Élevée,Document officiel trouvé et examiné,,https://data.energystar.gov/Active-Specifications/ENERGY-STAR-Certified-Mini-Split-Heat-Pumps/akti-mt5s
MRCOOL,CEN Series | CENTRAL Series,CENTRAL-24-HP-C-230B00-O,central,,,,Non établi,Aucune brochure publique suffisamment précise confirmée après recherche approfondie,Code exact recherché dans les sources fabricant et index publics; ne pas associer un PDF générique.,https://data.energystar.gov/Active-Specifications/ENERGY-STAR-Certified-Ducted-Heat-Pumps/3m3x-a2hy
MRCOOL,CEN Series | CENTRAL Series,CENTRAL-30-HP-C-230B00-O,central,,,,Non établi,Aucune brochure publique suffisamment précise confirmée après recherche approfondie,Code exact recherché dans les sources fabricant et index publics; ne pas associer un PDF générique.,https://data.energystar.gov/Active-Specifications/ENERGY-STAR-Certified-Ducted-Heat-Pumps/3m3x-a2hy
MRCOOL,CENTRAL Series,CENTRAL-24-HP-C-230B00-O,central,,,,Non établi,Aucune brochure publique suffisamment précise confirmée après recherche approfondie,Code exact recherché dans les sources fabricant et index publics; ne pas associer un PDF générique.,https://data.energystar.gov/Active-Specifications/ENERGY-STAR-Certified-Ducted-Heat-Pumps/3m3x-a2hy
MRCOOL,MVP Series,MVP-24-HP-C-230A00-O,central,,,,Non établi,Aucune brochure publique suffisamment précise confirmée après recherche approfondie,Code exact recherché dans les sources fabricant et index publics; ne pas associer un PDF générique.,https://data.energystar.gov/Active-Specifications/ENERGY-STAR-Certified-Ducted-Heat-Pumps/3m3x-a2hy
Napoleon,F Series,WSEHV2436BA1-C,central,https://www.napoleon.com/sites/default/files/hvac_products/R454B%20%20R410A%20Heat%20Pump%20-Tech%20Sheet_DIGITAL.pdf,Fiche technique PDF,Série et modèles -N,Élevée,Document officiel trouvé et examiné,,https://data.energystar.gov/Active-Specifications/ENERGY-STAR-Certified-Ducted-Heat-Pumps/3m3x-a2hy
Napoleon,F Series,WSEHV2436BA1-N,central,https://www.napoleon.com/sites/default/files/hvac_products/R454B%20%20R410A%20Heat%20Pump%20-Tech%20Sheet_DIGITAL.pdf,Fiche technique PDF,Série et modèles -N,Élevée,Document officiel trouvé et examiné,,https://data.energystar.gov/Active-Specifications/ENERGY-STAR-Certified-Ducted-Heat-Pumps/3m3x-a2hy
Napoleon,F Series,WSEHV4860BA1-N,central,https://www.napoleon.com/sites/default/files/hvac_products/R454B%20%20R410A%20Heat%20Pump%20-Tech%20Sheet_DIGITAL.pdf,Fiche technique PDF,Série et modèles -N,Élevée,Document officiel trouvé et examiné,,https://data.energystar.gov/Active-Specifications/ENERGY-STAR-Certified-Ducted-Heat-Pumps/3m3x-a2hy
Napoleon,WSC Series,WSCHV0024BA1-N,central,https://www.napoleon.com/en/ca/heating-cooling/products,Portail fabricant,Modèle non apparié à un PDF exact,Moyenne,Portail officiel trouvé et vérifié; PDF exact à sélectionner lorsque précisé,,https://data.energystar.gov/Active-Specifications/ENERGY-STAR-Certified-Ducted-Heat-Pumps/3m3x-a2hy
Napoleon,WSC Series,WSCHV0048BA1-N,central,https://www.napoleon.com/en/ca/heating-cooling/products,Portail fabricant,Modèle non apparié à un PDF exact,Moyenne,Portail officiel trouvé et vérifié; PDF exact à sélectionner lorsque précisé,,https://data.energystar.gov/Active-Specifications/ENERGY-STAR-Certified-Ducted-Heat-Pumps/3m3x-a2hy
NOVAIR,Polar Series,LEA12SZ-454-O,ductless,,,,Non établi,Aucune brochure publique suffisamment précise confirmée après recherche approfondie,Code exact recherché dans les sources fabricant et index publics; ne pas associer un PDF générique.,https://data.energystar.gov/Active-Specifications/ENERGY-STAR-Certified-Mini-Split-Heat-Pumps/akti-mt5s
NOVAIR,Polar Series,LEA12SZ-R32-O,ductless,,,,Non établi,Aucune brochure publique suffisamment précise confirmée après recherche approfondie,Code exact recherché dans les sources fabricant et index publics; ne pas associer un PDF générique.,https://data.energystar.gov/Active-Specifications/ENERGY-STAR-Certified-Mini-Split-Heat-Pumps/akti-mt5s
NOVAIR,Polar Series,LEA18SZ-454-O,ductless,,,,Non établi,Aucune brochure publique suffisamment précise confirmée après recherche approfondie,Code exact recherché dans les sources fabricant et index publics; ne pas associer un PDF générique.,https://data.energystar.gov/Active-Specifications/ENERGY-STAR-Certified-Mini-Split-Heat-Pumps/akti-mt5s
NOVAIR,Polar Series,LEA18SZ-R32-O,ductless,,,,Non établi,Aucune brochure publique suffisamment précise confirmée après recherche approfondie,Code exact recherché dans les sources fabricant et index publics; ne pas associer un PDF générique.,https://data.energystar.gov/Active-Specifications/ENERGY-STAR-Certified-Mini-Split-Heat-Pumps/akti-mt5s
NOVAIR,Polar Series,LEA20-MZ-LCT- 454-O,ductless,,,,Non établi,Aucune brochure publique suffisamment précise confirmée après recherche approfondie,Code exact recherché dans les sources fabricant et index publics; ne pas associer un PDF générique.,https://data.energystar.gov/Active-Specifications/ENERGY-STAR-Certified-Mini-Split-Heat-Pumps/akti-mt5s
NOVAIR,Polar Series,LEA20MZ-3P-454-O*,ductless,,,,Non établi,Aucune brochure publique suffisamment précise confirmée après recherche approfondie,Code exact recherché dans les sources fabricant et index publics; ne pas associer un PDF générique.,https://data.energystar.gov/Active-Specifications/ENERGY-STAR-Certified-Mini-Split-Heat-Pumps/akti-mt5s
NOVAIR,Polar Series,LEA24SZ-454-O,ductless,,,,Non établi,Aucune brochure publique suffisamment précise confirmée après recherche approfondie,Code exact recherché dans les sources fabricant et index publics; ne pas associer un PDF générique.,https://data.energystar.gov/Active-Specifications/ENERGY-STAR-Certified-Mini-Split-Heat-Pumps/akti-mt5s
NOVAIR,Polar Series,LEA27-MZ-LCT- 454-O,ductless,,,,Non établi,Aucune brochure publique suffisamment précise confirmée après recherche approfondie,Code exact recherché dans les sources fabricant et index publics; ne pas associer un PDF générique.,https://data.energystar.gov/Active-Specifications/ENERGY-STAR-Certified-Mini-Split-Heat-Pumps/akti-mt5s
NOVAIR,Polar Series,LEA28MZ-4P-454-O*,ductless,,,,Non établi,Aucune brochure publique suffisamment précise confirmée après recherche approfondie,Code exact recherché dans les sources fabricant et index publics; ne pas associer un PDF générique.,https://data.energystar.gov/Active-Specifications/ENERGY-STAR-Certified-Mini-Split-Heat-Pumps/akti-mt5s
NOVAIR,Polar Series,LEA36-MZ-LCT- 454-O,ductless,,,,Non établi,Aucune brochure publique suffisamment précise confirmée après recherche approfondie,Code exact recherché dans les sources fabricant et index publics; ne pas associer un PDF générique.,https://data.energystar.gov/Active-Specifications/ENERGY-STAR-Certified-Mini-Split-Heat-Pumps/akti-mt5s
NOVAIR,Polar Series,LEA36MZ-5P-454-O*,ductless,,,,Non établi,Aucune brochure publique suffisamment précise confirmée après recherche approfondie,Code exact recherché dans les sources fabricant et index publics; ne pas associer un PDF générique.,https://data.energystar.gov/Active-Specifications/ENERGY-STAR-Certified-Mini-Split-Heat-Pumps/akti-mt5s
NOVAIR,Polar Series,LEA48-MZ-LCT- 454-O,ductless,,,,Non établi,Aucune brochure publique suffisamment précise confirmée après recherche approfondie,Code exact recherché dans les sources fabricant et index publics; ne pas associer un PDF générique.,https://data.energystar.gov/Active-Specifications/ENERGY-STAR-Certified-Mini-Split-Heat-Pumps/akti-mt5s
NOVAIR,Polar Series,LEA48MZ-6P-454-O*,ductless,,,,Non établi,Aucune brochure publique suffisamment précise confirmée après recherche approfondie,Code exact recherché dans les sources fabricant et index publics; ne pas associer un PDF générique.,https://data.energystar.gov/Active-Specifications/ENERGY-STAR-Certified-Mini-Split-Heat-Pumps/akti-mt5s
NOVAIR,Polar Series,LEAO9SZ-454-O,ductless,,,,Non établi,Aucune brochure publique suffisamment précise confirmée après recherche approfondie,Code exact recherché dans les sources fabricant et index publics; ne pas associer un PDF générique.,https://data.energystar.gov/Active-Specifications/ENERGY-STAR-Certified-Mini-Split-Heat-Pumps/akti-mt5s
Ortech,Mini-spilt Ducted series,OAH-AHU18K-CH-O,central,,,,Non établi,Aucune brochure publique suffisamment précise confirmée après recherche approfondie,Code exact recherché dans les sources fabricant et index publics; ne pas associer un PDF générique.,https://data.energystar.gov/Active-Specifications/ENERGY-STAR-Certified-Ducted-Heat-Pumps/3m3x-a2hy
Ortech,Mini-spilt Ducted series,OAH-AHU24K-CH-O,central,,,,Non établi,Aucune brochure publique suffisamment précise confirmée après recherche approfondie,Code exact recherché dans les sources fabricant et index publics; ne pas associer un PDF générique.,https://data.energystar.gov/Active-Specifications/ENERGY-STAR-Certified-Ducted-Heat-Pumps/3m3x-a2hy
Ortech,Mini-spilt Ducted series,OAH-AHU30K-CH-O,central,,,,Non établi,Aucune brochure publique suffisamment précise confirmée après recherche approfondie,Code exact recherché dans les sources fabricant et index publics; ne pas associer un PDF générique.,https://data.energystar.gov/Active-Specifications/ENERGY-STAR-Certified-Ducted-Heat-Pumps/3m3x-a2hy
Ortech,Mini-spilt Ducted series,OAH-AHU36K-CH-O,central,,,,Non établi,Aucune brochure publique suffisamment précise confirmée après recherche approfondie,Code exact recherché dans les sources fabricant et index publics; ne pas associer un PDF générique.,https://data.energystar.gov/Active-Specifications/ENERGY-STAR-Certified-Ducted-Heat-Pumps/3m3x-a2hy
Ortech,Mini-spilt Ducted series,OAH-AHU48K-CH-O,central,,,,Non établi,Aucune brochure publique suffisamment précise confirmée après recherche approfondie,Code exact recherché dans les sources fabricant et index publics; ne pas associer un PDF générique.,https://data.energystar.gov/Active-Specifications/ENERGY-STAR-Certified-Ducted-Heat-Pumps/3m3x-a2hy
Ortech,Mini-spilt Ducted series,OAH-AHU60K-CH-O,central,,,,Non établi,Aucune brochure publique suffisamment précise confirmée après recherche approfondie,Code exact recherché dans les sources fabricant et index publics; ne pas associer un PDF générique.,https://data.energystar.gov/Active-Specifications/ENERGY-STAR-Certified-Ducted-Heat-Pumps/3m3x-a2hy
Ortech,Multi-spilt series,OAH-MZ18K-208-CH-O,ductless,,,,Non établi,Aucune brochure publique suffisamment précise confirmée après recherche approfondie,Code exact recherché dans les sources fabricant et index publics; ne pas associer un PDF générique.,https://data.energystar.gov/Active-Specifications/ENERGY-STAR-Certified-Mini-Split-Heat-Pumps/akti-mt5s
Ortech,Multi-spilt series,OAH-MZ18K-208-PR-O,ductless,,,,Non établi,Aucune brochure publique suffisamment précise confirmée après recherche approfondie,Code exact recherché dans les sources fabricant et index publics; ne pas associer un PDF générique.,https://data.energystar.gov/Active-Specifications/ENERGY-STAR-Certified-Mini-Split-Heat-Pumps/akti-mt5s
Ortech,Multi-spilt series,OAH-MZ24K-208-CH-O,ductless,,,,Non établi,Aucune brochure publique suffisamment précise confirmée après recherche approfondie,Code exact recherché dans les sources fabricant et index publics; ne pas associer un PDF générique.,https://data.energystar.gov/Active-Specifications/ENERGY-STAR-Certified-Mini-Split-Heat-Pumps/akti-mt5s
Ortech,Multi-spilt series,OAH-MZ24K-208-PR-O,ductless,,,,Non établi,Aucune brochure publique suffisamment précise confirmée après recherche approfondie,Code exact recherché dans les sources fabricant et index publics; ne pas associer un PDF générique.,https://data.energystar.gov/Active-Specifications/ENERGY-STAR-Certified-Mini-Split-Heat-Pumps/akti-mt5s
Ortech,Multi-spilt series,OAH-MZ36K-208-CH-O,ductless,,,,Non établi,Aucune brochure publique suffisamment précise confirmée après recherche approfondie,Code exact recherché dans les sources fabricant et index publics; ne pas associer un PDF générique.,https://data.energystar.gov/Active-Specifications/ENERGY-STAR-Certified-Mini-Split-Heat-Pumps/akti-mt5s
Ortech,Multi-spilt series,OAH-MZ36K-208-PR-O,ductless,,,,Non établi,Aucune brochure publique suffisamment précise confirmée après recherche approfondie,Code exact recherché dans les sources fabricant et index publics; ne pas associer un PDF générique.,https://data.energystar.gov/Active-Specifications/ENERGY-STAR-Certified-Mini-Split-Heat-Pumps/akti-mt5s
Ortech,Multi-spilt series,OAH-MZ42K-208-CH-O,ductless,,,,Non établi,Aucune brochure publique suffisamment précise confirmée après recherche approfondie,Code exact recherché dans les sources fabricant et index publics; ne pas associer un PDF générique.,https://data.energystar.gov/Active-Specifications/ENERGY-STAR-Certified-Mini-Split-Heat-Pumps/akti-mt5s
Ortech,Multi-spilt series,OAH-MZ42K-208-PR-O,ductless,,,,Non établi,Aucune brochure publique suffisamment précise confirmée après recherche approfondie,Code exact recherché dans les sources fabricant et index publics; ne pas associer un PDF générique.,https://data.energystar.gov/Active-Specifications/ENERGY-STAR-Certified-Mini-Split-Heat-Pumps/akti-mt5s
Ouellet,Flexx,OFLX1-H36A-O,central,https://www.ouellet.com/getattachment/Produits/OTP-F-R32/PAM-OTP-F-R32_EN.pdf.aspx?lang=en-CA,Fiche technique PDF,Série et modèles,Élevée,Document officiel trouvé et examiné,,https://data.energystar.gov/Active-Specifications/ENERGY-STAR-Certified-Ducted-Heat-Pumps/3m3x-a2hy
Ouellet,Flexx,OFLX1-H60A-O,central,https://www.ouellet.com/getattachment/Produits/OTP-F-R32/PAM-OTP-F-R32_EN.pdf.aspx?lang=en-CA,Fiche technique PDF,Série et modèles,Élevée,Document officiel trouvé et examiné,,https://data.energystar.gov/Active-Specifications/ENERGY-STAR-Certified-Ducted-Heat-Pumps/3m3x-a2hy
OUTES,R32 18 Series,ORT-H24DEMR3-M01/SE180,central,,,,Non établi,Aucune brochure publique suffisamment précise confirmée après recherche approfondie,Code exact recherché dans les sources fabricant et index publics; ne pas associer un PDF générique.,https://data.energystar.gov/Active-Specifications/ENERGY-STAR-Certified-Ducted-Heat-Pumps/3m3x-a2hy
OUTES,R32 18 Series,ORT-H36DEMR3-M01/SE180,central,,,,Non établi,Aucune brochure publique suffisamment précise confirmée après recherche approfondie,Code exact recherché dans les sources fabricant et index publics; ne pas associer un PDF générique.,https://data.energystar.gov/Active-Specifications/ENERGY-STAR-Certified-Ducted-Heat-Pumps/3m3x-a2hy
OUTES,R32 18 Series,ORT-H48DEMR3-N01/SE180,central,,,,Non établi,Aucune brochure publique suffisamment précise confirmée après recherche approfondie,Code exact recherché dans les sources fabricant et index publics; ne pas associer un PDF générique.,https://data.energystar.gov/Active-Specifications/ENERGY-STAR-Certified-Ducted-Heat-Pumps/3m3x-a2hy
OUTES,R32 18 Series,ORT-H60DEMR3-N01/SE180,central,,,,Non établi,Aucune brochure publique suffisamment précise confirmée après recherche approfondie,Code exact recherché dans les sources fabricant et index publics; ne pas associer un PDF générique.,https://data.energystar.gov/Active-Specifications/ENERGY-STAR-Certified-Ducted-Heat-Pumps/3m3x-a2hy
PAYNE HEATING AND COOLING,Crossover Heat Pump,37MUHAQ36AA3+KSAIC0701230,central,https://www.shareddocs.com/hvac/docs/1010/Public/00/01-DLS-048-PY-01.pdf,Brochure PDF fabricant,Série,Élevée,Document officiel trouvé et examiné,,https://data.energystar.gov/Active-Specifications/ENERGY-STAR-Certified-Ducted-Heat-Pumps/3m3x-a2hy
Perfect aire,HiULTRA,4PAMSHQCO09,ductless,,,,Non établi,Aucune brochure publique suffisamment précise confirmée après recherche approfondie,Code exact recherché dans les sources fabricant et index publics; ne pas associer un PDF générique.,https://data.energystar.gov/Active-Specifications/ENERGY-STAR-Certified-Mini-Split-Heat-Pumps/akti-mt5s
Perfect aire,HiULTRA,4PAMSHQCO12,ductless,,,,Non établi,Aucune brochure publique suffisamment précise confirmée après recherche approfondie,Code exact recherché dans les sources fabricant et index publics; ne pas associer un PDF générique.,https://data.energystar.gov/Active-Specifications/ENERGY-STAR-Certified-Mini-Split-Heat-Pumps/akti-mt5s
Pioneer,Diamante Ultra Multi,YN060GLSI24M6G,ductless,https://www.pioneerminisplit.com/products/pioneer-multi-6-circuit-quantum-ultra-series-22-5-seer2-hexa-zone-outdoor-section-inverter-energy-star-air-conditioner-heat-pump-230v,Page fabricant avec documents,Modèle exact,Élevée,Portail officiel trouvé et vérifié; PDF exact à sélectionner lorsque précisé,,https://data.energystar.gov/Active-Specifications/ENERGY-STAR-Certified-Mini-Split-Heat-Pumps/akti-mt5s
QuébecVair,CENTRAL,QVCOND24/36KR32,central,https://cdn.prod.website-files.com/697e129dc46ac70885c062de/69b43f505c6fdf5aff22fbe5_NEW%20DESIGN-QcVair-Centrale-WEB.pdf,Brochure PDF FR,Famille centrale 24 à 60k,Élevée,Document officiel trouvé et examiné,,https://data.energystar.gov/Active-Specifications/ENERGY-STAR-Certified-Ducted-Heat-Pumps/3m3x-a2hy
QuébecVair,CENTRAL,QVCOND48/60KR32,central,https://cdn.prod.website-files.com/697e129dc46ac70885c062de/69b43f505c6fdf5aff22fbe5_NEW%20DESIGN-QcVair-Centrale-WEB.pdf,Brochure PDF FR,Famille centrale 24 à 60k,Élevée,Document officiel trouvé et examiné,,https://data.energystar.gov/Active-Specifications/ENERGY-STAR-Certified-Ducted-Heat-Pumps/3m3x-a2hy
QuébecVair,CHARMO R32,QVCH09*R32O,ductless,https://cdn.prod.website-files.com/697e129dc46ac70885c062de/69c15118f6ccb79e82c105f5_EVO-WEB.pdf,Brochure PDF FR,Famille; nom de série divergent,Moyenne,Document officiel trouvé et examiné,,https://data.energystar.gov/Active-Specifications/ENERGY-STAR-Certified-Mini-Split-Heat-Pumps/akti-mt5s
QuébecVair,CHARMO R32,QVCH12*R32O,ductless,https://cdn.prod.website-files.com/697e129dc46ac70885c062de/69c15118f6ccb79e82c105f5_EVO-WEB.pdf,Brochure PDF FR,Famille; nom de série divergent,Moyenne,Document officiel trouvé et examiné,,https://data.energystar.gov/Active-Specifications/ENERGY-STAR-Certified-Mini-Split-Heat-Pumps/akti-mt5s
QuébecVair,CHARMO R32,QVCH18*R32O,ductless,https://cdn.prod.website-files.com/697e129dc46ac70885c062de/69c15118f6ccb79e82c105f5_EVO-WEB.pdf,Brochure PDF FR,Famille; nom de série divergent,Moyenne,Document officiel trouvé et examiné,,https://data.energystar.gov/Active-Specifications/ENERGY-STAR-Certified-Mini-Split-Heat-Pumps/akti-mt5s
QuébecVair,CHARMO R32,QVCH24*R32O,ductless,https://cdn.prod.website-files.com/697e129dc46ac70885c062de/69c15118f6ccb79e82c105f5_EVO-WEB.pdf,Brochure PDF FR,Famille; nom de série divergent,Moyenne,Document officiel trouvé et examiné,,https://data.energystar.gov/Active-Specifications/ENERGY-STAR-Certified-Mini-Split-Heat-Pumps/akti-mt5s
QuébecVair,KIT (BORÉAL) (CLIVIA),QVBO*12R32O,ductless,https://cdn.prod.website-files.com/697e129dc46ac70885c062de/69b43f29a39472edccb93097_BOREAL-WEB.pdf,Brochure PDF FR,Famille Boréal; nomenclature logistique proche,Moyenne,Document officiel trouvé et examiné,,https://data.energystar.gov/Active-Specifications/ENERGY-STAR-Certified-Mini-Split-Heat-Pumps/akti-mt5s
QuébecVair,KIT (BORÉAL) (CLIVIA),QVBO*18R32O,ductless,https://cdn.prod.website-files.com/697e129dc46ac70885c062de/69b43f29a39472edccb93097_BOREAL-WEB.pdf,Brochure PDF FR,Famille Boréal; nomenclature logistique proche,Moyenne,Document officiel trouvé et examiné,,https://data.energystar.gov/Active-Specifications/ENERGY-STAR-Certified-Mini-Split-Heat-Pumps/akti-mt5s
QuébecVair,KIT (BORÉAL) (CLIVIA),QVBO*24R32O,ductless,https://cdn.prod.website-files.com/697e129dc46ac70885c062de/69b43f29a39472edccb93097_BOREAL-WEB.pdf,Brochure PDF FR,Famille Boréal; nomenclature logistique proche,Moyenne,Document officiel trouvé et examiné,,https://data.energystar.gov/Active-Specifications/ENERGY-STAR-Certified-Mini-Split-Heat-Pumps/akti-mt5s
QuébecVair,KIT (NORDIC) (AIRY),QVNO*12R32O,ductless,https://cdn.prod.website-files.com/697e129dc46ac70885c062de/69b43f210860759a0dc84a06_NORDIC-WEB.pdf,Brochure PDF FR,Famille Nordic; nomenclature logistique proche,Moyenne,Document officiel trouvé et examiné,,https://data.energystar.gov/Active-Specifications/ENERGY-STAR-Certified-Mini-Split-Heat-Pumps/akti-mt5s
QuébecVair,KIT (NORDIC) (AIRY),QVNO*18R32O,ductless,https://cdn.prod.website-files.com/697e129dc46ac70885c062de/69b43f210860759a0dc84a06_NORDIC-WEB.pdf,Brochure PDF FR,Famille Nordic; nomenclature logistique proche,Moyenne,Document officiel trouvé et examiné,,https://data.energystar.gov/Active-Specifications/ENERGY-STAR-Certified-Mini-Split-Heat-Pumps/akti-mt5s
QuébecVair,KIT (NORDIC) (AIRY),QVNO*24R32O,ductless,https://cdn.prod.website-files.com/697e129dc46ac70885c062de/69b43f210860759a0dc84a06_NORDIC-WEB.pdf,Brochure PDF FR,Famille Nordic; nomenclature logistique proche,Moyenne,Document officiel trouvé et examiné,,https://data.energystar.gov/Active-Specifications/ENERGY-STAR-Certified-Mini-Split-Heat-Pumps/akti-mt5s
QuébecVair,Multi,QVMZ18*R32,ductless,https://cdn.prod.website-files.com/697e129dc46ac70885c062de/69c151e0aeb47bace9094c02_MULTI-WEB.pdf,Brochure PDF FR,Série et modèles,Élevée,Document officiel trouvé et examiné,,https://data.energystar.gov/Active-Specifications/ENERGY-STAR-Certified-Mini-Split-Heat-Pumps/akti-mt5s
QuébecVair,Multi,QVMZ24*R32,ductless,https://cdn.prod.website-files.com/697e129dc46ac70885c062de/69c151e0aeb47bace9094c02_MULTI-WEB.pdf,Brochure PDF FR,Série et modèles,Élevée,Document officiel trouvé et examiné,,https://data.energystar.gov/Active-Specifications/ENERGY-STAR-Certified-Mini-Split-Heat-Pumps/akti-mt5s
QuébecVair,Multi,QVMZ30*R32,ductless,https://cdn.prod.website-files.com/697e129dc46ac70885c062de/69c151e0aeb47bace9094c02_MULTI-WEB.pdf,Brochure PDF FR,Série et modèles,Élevée,Document officiel trouvé et examiné,,https://data.energystar.gov/Active-Specifications/ENERGY-STAR-Certified-Mini-Split-Heat-Pumps/akti-mt5s
QuébecVair,Multi,QVMZ36*R32,ductless,https://cdn.prod.website-files.com/697e129dc46ac70885c062de/69c151e0aeb47bace9094c02_MULTI-WEB.pdf,Brochure PDF FR,Série et modèles,Élevée,Document officiel trouvé et examiné,,https://data.energystar.gov/Active-Specifications/ENERGY-STAR-Certified-Mini-Split-Heat-Pumps/akti-mt5s
QuébecVair,Multi,QVMZ42*R32,ductless,https://cdn.prod.website-files.com/697e129dc46ac70885c062de/69c151e0aeb47bace9094c02_MULTI-WEB.pdf,Brochure PDF FR,Série et modèles,Élevée,Document officiel trouvé et examiné,,https://data.energystar.gov/Active-Specifications/ENERGY-STAR-Certified-Mini-Split-Heat-Pumps/akti-mt5s
Quilt,Quilt,QO1-M3Z27-NC*NA,ductless,,,,Non établi,Aucune brochure publique suffisamment précise confirmée après recherche approfondie,Code exact recherché dans les sources fabricant et index publics; ne pas associer un PDF générique.,https://data.energystar.gov/Active-Specifications/ENERGY-STAR-Certified-Mini-Split-Heat-Pumps/akti-mt5s
Rheem,Classic Plus,RP17AY24AJVC,central,https://files.rheem.com/blobazrheem/wp-content/uploads/sites/2/RHM6044-2026-ACD-Rheem-Consumer-Literature-Heat-Pump-RP17AY-R3a-Digtial.pdf,Brochure PDF 2026,Série et modèles,Élevée,Document officiel trouvé et examiné,,https://data.energystar.gov/Active-Specifications/ENERGY-STAR-Certified-Ducted-Heat-Pumps/3m3x-a2hy
Rheem,Classic Plus,RP17AY36AJVC,central,https://files.rheem.com/blobazrheem/wp-content/uploads/sites/2/RHM6044-2026-ACD-Rheem-Consumer-Literature-Heat-Pump-RP17AY-R3a-Digtial.pdf,Brochure PDF 2026,Série et modèles,Élevée,Document officiel trouvé et examiné,,https://data.energystar.gov/Active-Specifications/ENERGY-STAR-Certified-Ducted-Heat-Pumps/3m3x-a2hy
Rheem,Classic Plus,RP17AY48AJVC,central,https://files.rheem.com/blobazrheem/wp-content/uploads/sites/2/RHM6044-2026-ACD-Rheem-Consumer-Literature-Heat-Pump-RP17AY-R3a-Digtial.pdf,Brochure PDF 2026,Série et modèles,Élevée,Document officiel trouvé et examiné,,https://data.energystar.gov/Active-Specifications/ENERGY-STAR-Certified-Ducted-Heat-Pumps/3m3x-a2hy
Rheem,Classic Plus,RP17AY60AJVC,central,https://files.rheem.com/blobazrheem/wp-content/uploads/sites/2/RHM6044-2026-ACD-Rheem-Consumer-Literature-Heat-Pump-RP17AY-R3a-Digtial.pdf,Brochure PDF 2026,Série et modèles,Élevée,Document officiel trouvé et examiné,,https://data.energystar.gov/Active-Specifications/ENERGY-STAR-Certified-Ducted-Heat-Pumps/3m3x-a2hy
Rheem,CLASSIC SERIES | Classic,RP14AY42AJ2N,central,https://bim.rheem.com/item/residential-split-heat-pump/rp14ay-endeavor-line-classic-series-heat-pump/rp14ay42aj2n,Page fabricant avec fiche,Modèle exact,Élevée,Portail officiel trouvé et vérifié; PDF exact à sélectionner lorsque précisé,,https://data.energystar.gov/Active-Specifications/ENERGY-STAR-Certified-Ducted-Heat-Pumps/3m3x-a2hy
Rheem,Select | VERSUS,WP14AY42AJ2N,central,https://www.rheem.com/resource-center/,Bibliothèque fabricant,Modèle non apparié à un PDF exact,Moyenne,Portail officiel trouvé et vérifié; PDF exact à sélectionner lorsque précisé,,https://data.energystar.gov/Active-Specifications/ENERGY-STAR-Certified-Ducted-Heat-Pumps/3m3x-a2hy
ROVSUN,Side Discharge,RV-AHU24S-O,central,,,,Non établi,Aucune brochure publique suffisamment précise confirmée après recherche approfondie,Code exact recherché dans les sources fabricant et index publics; ne pas associer un PDF générique.,https://data.energystar.gov/Active-Specifications/ENERGY-STAR-Certified-Ducted-Heat-Pumps/3m3x-a2hy
ROVSUN,Side Discharge,RV-AHU36S-O,central,,,,Non établi,Aucune brochure publique suffisamment précise confirmée après recherche approfondie,Code exact recherché dans les sources fabricant et index publics; ne pas associer un PDF générique.,https://data.energystar.gov/Active-Specifications/ENERGY-STAR-Certified-Ducted-Heat-Pumps/3m3x-a2hy
ROVSUN,Side Discharge,RV-AHU55S-O,central,,,,Non établi,Aucune brochure publique suffisamment précise confirmée après recherche approfondie,Code exact recherché dans les sources fabricant et index publics; ne pas associer un PDF générique.,https://data.energystar.gov/Active-Specifications/ENERGY-STAR-Certified-Ducted-Heat-Pumps/3m3x-a2hy
RunTru,23U Multi,M5THM2318A12NA*,ductless,https://runtruhvac.com/professional-resources/,Portail documentaire fabricant,Modèle non apparié à un PDF exact,Moyenne,Portail officiel trouvé et vérifié; PDF exact à sélectionner lorsque précisé,,https://data.energystar.gov/Active-Specifications/ENERGY-STAR-Certified-Mini-Split-Heat-Pumps/akti-mt5s
RunTru,23U Multi,M5THM2327A13NA*,ductless,https://runtruhvac.com/professional-resources/,Portail documentaire fabricant,Modèle non apparié à un PDF exact,Moyenne,Portail officiel trouvé et vérifié; PDF exact à sélectionner lorsque précisé,,https://data.energystar.gov/Active-Specifications/ENERGY-STAR-Certified-Mini-Split-Heat-Pumps/akti-mt5s
RunTru,23U Multi,M5THM2336A14NA*,ductless,https://runtruhvac.com/professional-resources/,Portail documentaire fabricant,Modèle non apparié à un PDF exact,Moyenne,Portail officiel trouvé et vérifié; PDF exact à sélectionner lorsque précisé,,https://data.energystar.gov/Active-Specifications/ENERGY-STAR-Certified-Mini-Split-Heat-Pumps/akti-mt5s
RunTru,23U Multi,M5THM2342A15NA*,ductless,https://runtruhvac.com/professional-resources/,Portail documentaire fabricant,Modèle non apparié à un PDF exact,Moyenne,Portail officiel trouvé et vérifié; PDF exact à sélectionner lorsque précisé,,https://data.energystar.gov/Active-Specifications/ENERGY-STAR-Certified-Mini-Split-Heat-Pumps/akti-mt5s
RunTru,23U Series,M5THS2309A11NA*,ductless,https://elibrary.tranetechnologies.com/public/residential-hvac/Literature/Installation%20Operation%20and%20Maintenance/DLR-SVX026A-EN_12132025.pdf,Manuel IOM fabricant,Séries 19 et 23 exactes,Élevée,Document officiel trouvé et examiné,,https://data.energystar.gov/Active-Specifications/ENERGY-STAR-Certified-Mini-Split-Heat-Pumps/akti-mt5s
RunTru,23U Series,M5THS2312A11NA*,ductless,https://elibrary.tranetechnologies.com/public/residential-hvac/Literature/Installation%20Operation%20and%20Maintenance/DLR-SVX026A-EN_12132025.pdf,Manuel IOM fabricant,Séries 19 et 23 exactes,Élevée,Document officiel trouvé et examiné,,https://data.energystar.gov/Active-Specifications/ENERGY-STAR-Certified-Mini-Split-Heat-Pumps/akti-mt5s
RunTru,23U Series,M5THS2318A11NA*,ductless,https://elibrary.tranetechnologies.com/public/residential-hvac/Literature/Installation%20Operation%20and%20Maintenance/DLR-SVX026A-EN_12132025.pdf,Manuel IOM fabricant,Séries 19 et 23 exactes,Élevée,Document officiel trouvé et examiné,,https://data.energystar.gov/Active-Specifications/ENERGY-STAR-Certified-Mini-Split-Heat-Pumps/akti-mt5s
RunTru,23U Series,M5THS2324A11NA*,ductless,https://elibrary.tranetechnologies.com/public/residential-hvac/Literature/Installation%20Operation%20and%20Maintenance/DLR-SVX026A-EN_12132025.pdf,Manuel IOM fabricant,Séries 19 et 23 exactes,Élevée,Document officiel trouvé et examiné,,https://data.energystar.gov/Active-Specifications/ENERGY-STAR-Certified-Mini-Split-Heat-Pumps/akti-mt5s
RunTru,A5HP5,A5HP5024A1,central,https://runtruhvac.com/heat-pumps/,Page fabricant avec documents,Série,Élevée,Portail officiel trouvé et vérifié; PDF exact à sélectionner lorsque précisé,,https://data.energystar.gov/Active-Specifications/ENERGY-STAR-Certified-Ducted-Heat-Pumps/3m3x-a2hy
RunTru,A5HP5,A5HP5030A1,central,https://runtruhvac.com/heat-pumps/,Page fabricant avec documents,Série,Élevée,Portail officiel trouvé et vérifié; PDF exact à sélectionner lorsque précisé,,https://data.energystar.gov/Active-Specifications/ENERGY-STAR-Certified-Ducted-Heat-Pumps/3m3x-a2hy
RunTru,A5HP5,A5HP5036A1,central,https://runtruhvac.com/heat-pumps/,Page fabricant avec documents,Série,Élevée,Portail officiel trouvé et vérifié; PDF exact à sélectionner lorsque précisé,,https://data.energystar.gov/Active-Specifications/ENERGY-STAR-Certified-Ducted-Heat-Pumps/3m3x-a2hy
RunTru,A5HP5,A5HP5042A1,central,https://runtruhvac.com/heat-pumps/,Page fabricant avec documents,Série,Élevée,Portail officiel trouvé et vérifié; PDF exact à sélectionner lorsque précisé,,https://data.energystar.gov/Active-Specifications/ENERGY-STAR-Certified-Ducted-Heat-Pumps/3m3x-a2hy
RunTru,A5HP5,A5HP5048A1,central,https://runtruhvac.com/heat-pumps/,Page fabricant avec documents,Série,Élevée,Portail officiel trouvé et vérifié; PDF exact à sélectionner lorsque précisé,,https://data.energystar.gov/Active-Specifications/ENERGY-STAR-Certified-Ducted-Heat-Pumps/3m3x-a2hy
RunTru,A5HP5,A5HP5060A1,central,https://runtruhvac.com/heat-pumps/,Page fabricant avec documents,Série,Élevée,Portail officiel trouvé et vérifié; PDF exact à sélectionner lorsque précisé,,https://data.energystar.gov/Active-Specifications/ENERGY-STAR-Certified-Ducted-Heat-Pumps/3m3x-a2hy
RUSSELL,VANTIX,SP14AY42AJ2N,central,,,,Non établi,Aucune brochure publique suffisamment précise confirmée après recherche approfondie,Code exact recherché dans les sources fabricant et index publics; ne pas associer un PDF générique.,https://data.energystar.gov/Active-Specifications/ENERGY-STAR-Certified-Ducted-Heat-Pumps/3m3x-a2hy
Ruud,Achiever Plus,RP17AY24AJVC,central,https://bim.ruud.com/item/residential-split-heat-pump/rp17ay-endeavor-line-achiever-top-discharge-univer/rp17ay36ajvca,Page fabricant avec fiche,Série,Élevée,Portail officiel trouvé et vérifié; PDF exact à sélectionner lorsque précisé,,https://data.energystar.gov/Active-Specifications/ENERGY-STAR-Certified-Ducted-Heat-Pumps/3m3x-a2hy
Ruud,Achiever Plus,RP17AY36AJVC,central,https://bim.ruud.com/item/residential-split-heat-pump/rp17ay-endeavor-line-achiever-top-discharge-univer/rp17ay36ajvca,Page fabricant avec fiche,Série,Élevée,Portail officiel trouvé et vérifié; PDF exact à sélectionner lorsque précisé,,https://data.energystar.gov/Active-Specifications/ENERGY-STAR-Certified-Ducted-Heat-Pumps/3m3x-a2hy
Ruud,Achiever Plus,RP17AY48AJVC,central,https://bim.ruud.com/item/residential-split-heat-pump/rp17ay-endeavor-line-achiever-top-discharge-univer/rp17ay36ajvca,Page fabricant avec fiche,Série,Élevée,Portail officiel trouvé et vérifié; PDF exact à sélectionner lorsque précisé,,https://data.energystar.gov/Active-Specifications/ENERGY-STAR-Certified-Ducted-Heat-Pumps/3m3x-a2hy
Ruud,Achiever Plus,RP17AY60AJVC,central,https://bim.ruud.com/item/residential-split-heat-pump/rp17ay-endeavor-line-achiever-top-discharge-univer/rp17ay36ajvca,Page fabricant avec fiche,Série,Élevée,Portail officiel trouvé et vérifié; PDF exact à sélectionner lorsque précisé,,https://data.energystar.gov/Active-Specifications/ENERGY-STAR-Certified-Ducted-Heat-Pumps/3m3x-a2hy
Ruud,ACHIEVER SERIES | Achiever,RP14AY42AJ2N,central,https://media.ruud.com/blobazrheem/wp-content/uploads/sites/2/2024/05/Ruud_HP_RP14AY_R2b-Digital.pdf,Brochure PDF,Série et modèle,Élevée,Document officiel trouvé et examiné,,https://data.energystar.gov/Active-Specifications/ENERGY-STAR-Certified-Ducted-Heat-Pumps/3m3x-a2hy
Ruud,Choice | VERSUS,WP14AY42AJ2N,central,https://www.ruud.com/resources/,Bibliothèque fabricant,Modèle non apparié à un PDF exact,Moyenne,Portail officiel trouvé et vérifié; PDF exact à sélectionner lorsque précisé,,https://data.energystar.gov/Active-Specifications/ENERGY-STAR-Certified-Ducted-Heat-Pumps/3m3x-a2hy
Samsung,Bespoke AI WindFree Pro (RAC),AR70H12CAEBX,ductless,,,,Non établi,Aucune brochure publique suffisamment précise confirmée après recherche approfondie,Code exact recherché dans les sources fabricant et index publics; ne pas associer un PDF générique.,https://data.energystar.gov/Active-Specifications/ENERGY-STAR-Certified-Mini-Split-Heat-Pumps/akti-mt5s
Samsung,DVM S Mini,AM024HCMDCG,ductless,https://www.samsunghvac.com/light-commercial/dvm-s-mini,Page fabricant avec documents,Famille,Élevée,Portail officiel trouvé et vérifié; PDF exact à sélectionner lorsque précisé,,https://data.energystar.gov/Active-Specifications/ENERGY-STAR-Certified-Mini-Split-Heat-Pumps/akti-mt5s
Samsung,DVM S Mini,AM036HCMDCS,ductless,https://www.samsunghvac.com/light-commercial/dvm-s-mini,Page fabricant avec documents,Famille,Élevée,Portail officiel trouvé et vérifié; PDF exact à sélectionner lorsque précisé,,https://data.energystar.gov/Active-Specifications/ENERGY-STAR-Certified-Mini-Split-Heat-Pumps/akti-mt5s
Samsung,DVM S Mini,AM048HCMDCS,ductless,https://www.samsunghvac.com/light-commercial/dvm-s-mini,Page fabricant avec documents,Famille,Élevée,Portail officiel trouvé et vérifié; PDF exact à sélectionner lorsque précisé,,https://data.energystar.gov/Active-Specifications/ENERGY-STAR-Certified-Mini-Split-Heat-Pumps/akti-mt5s
Samsung,DVM S Mini,AM060FCMDCG,ductless,https://www.samsunghvac.com/light-commercial/dvm-s-mini,Page fabricant avec documents,Famille,Élevée,Portail officiel trouvé et vérifié; PDF exact à sélectionner lorsque précisé,,https://data.energystar.gov/Active-Specifications/ENERGY-STAR-Certified-Mini-Split-Heat-Pumps/akti-mt5s
Samsung,DVM S Mini,AM060HCMDCS,ductless,https://www.samsunghvac.com/light-commercial/dvm-s-mini,Page fabricant avec documents,Famille,Élevée,Portail officiel trouvé et vérifié; PDF exact à sélectionner lorsque précisé,,https://data.energystar.gov/Active-Specifications/ENERGY-STAR-Certified-Mini-Split-Heat-Pumps/akti-mt5s
SAMYOU,VSHP,VUH24-VA6BA(O),central,,,,Non établi,Aucune brochure publique suffisamment précise confirmée après recherche approfondie,Code exact recherché dans les sources fabricant et index publics; ne pas associer un PDF générique.,https://data.energystar.gov/Active-Specifications/ENERGY-STAR-Certified-Ducted-Heat-Pumps/3m3x-a2hy
SAMYOU,VSHP,VUH48-VA6BA(O),central,,,,Non établi,Aucune brochure publique suffisamment précise confirmée après recherche approfondie,Code exact recherché dans les sources fabricant et index publics; ne pas associer un PDF générique.,https://data.energystar.gov/Active-Specifications/ENERGY-STAR-Certified-Ducted-Heat-Pumps/3m3x-a2hy
SAMYOU,VSHP,VUH60-VA6BA(0),central,,,,Non établi,Aucune brochure publique suffisamment précise confirmée après recherche approfondie,Code exact recherché dans les sources fabricant et index publics; ne pas associer un PDF générique.,https://data.energystar.gov/Active-Specifications/ENERGY-STAR-Certified-Ducted-Heat-Pumps/3m3x-a2hy
Senville,SEN Series,SENDC-48HF-OG,central,https://senville.com/content/manuals/central/central-owner-manual.pdf,Manuel PDF,Famille centrale,Élevée,Document officiel trouvé et examiné,,https://data.energystar.gov/Active-Specifications/ENERGY-STAR-Certified-Ducted-Heat-Pumps/3m3x-a2hy
Senville,SENE Series,SENE-24EL-OH,ductless,https://senville.com/support/,Portail documentaire fabricant,Marque; sélectionner le modèle,Moyenne,Portail officiel trouvé et vérifié; PDF exact à sélectionner lorsque précisé,,https://data.energystar.gov/Active-Specifications/ENERGY-STAR-Certified-Mini-Split-Heat-Pumps/akti-mt5s
Sharp,Single Zone series,AE-X12DWU,ductless,,,,Non établi,Aucune brochure publique suffisamment précise confirmée après recherche approfondie,Code exact recherché dans les sources fabricant et index publics; ne pas associer un PDF générique.,https://data.energystar.gov/Active-Specifications/ENERGY-STAR-Certified-Mini-Split-Heat-Pumps/akti-mt5s
SINCLAIR AIR CONDITIONING,BH714S SERIES,BH714S24P-**A,central,,,,Non établi,Aucune brochure publique suffisamment précise confirmée après recherche approfondie,Code exact recherché dans les sources fabricant et index publics; ne pas associer un PDF générique.,https://data.energystar.gov/Active-Specifications/ENERGY-STAR-Certified-Ducted-Heat-Pumps/3m3x-a2hy
SINCLAIR AIR CONDITIONING,BH714S SERIES,BH714S30P-**A,central,,,,Non établi,Aucune brochure publique suffisamment précise confirmée après recherche approfondie,Code exact recherché dans les sources fabricant et index publics; ne pas associer un PDF générique.,https://data.energystar.gov/Active-Specifications/ENERGY-STAR-Certified-Ducted-Heat-Pumps/3m3x-a2hy
SINCLAIR AIR CONDITIONING,BH714S SERIES,BH714S36P-**A,central,,,,Non établi,Aucune brochure publique suffisamment précise confirmée après recherche approfondie,Code exact recherché dans les sources fabricant et index publics; ne pas associer un PDF générique.,https://data.energystar.gov/Active-Specifications/ENERGY-STAR-Certified-Ducted-Heat-Pumps/3m3x-a2hy
SINCLAIR AIR CONDITIONING,BH719M SERIES,BH719M36P-**A,central,,,,Non établi,Aucune brochure publique suffisamment précise confirmée après recherche approfondie,Code exact recherché dans les sources fabricant et index publics; ne pas associer un PDF générique.,https://data.energystar.gov/Active-Specifications/ENERGY-STAR-Certified-Ducted-Heat-Pumps/3m3x-a2hy
SINCLAIR AIR CONDITIONING,BH719M SERIES,BH719M60P-**A,central,,,,Non établi,Aucune brochure publique suffisamment précise confirmée après recherche approfondie,Code exact recherché dans les sources fabricant et index publics; ne pas associer un PDF générique.,https://data.energystar.gov/Active-Specifications/ENERGY-STAR-Certified-Ducted-Heat-Pumps/3m3x-a2hy
SLIMAIR,SHC Series,SHC06AH2AG,ductless,,,,Non établi,Aucune brochure publique suffisamment précise confirmée après recherche approfondie,Code exact recherché dans les sources fabricant et index publics; ne pas associer un PDF générique.,https://data.energystar.gov/Active-Specifications/ENERGY-STAR-Certified-Mini-Split-Heat-Pumps/akti-mt5s
SLIMAIR,SHC Series,SHC09AE1AG,ductless,,,,Non établi,Aucune brochure publique suffisamment précise confirmée après recherche approfondie,Code exact recherché dans les sources fabricant et index publics; ne pas associer un PDF générique.,https://data.energystar.gov/Active-Specifications/ENERGY-STAR-Certified-Mini-Split-Heat-Pumps/akti-mt5s
SLIMAIR,SHC Series,SHC09AE2AG,ductless,,,,Non établi,Aucune brochure publique suffisamment précise confirmée après recherche approfondie,Code exact recherché dans les sources fabricant et index publics; ne pas associer un PDF générique.,https://data.energystar.gov/Active-Specifications/ENERGY-STAR-Certified-Mini-Split-Heat-Pumps/akti-mt5s
SLIMAIR,SHC Series,SHC09AH2AG,ductless,,,,Non établi,Aucune brochure publique suffisamment précise confirmée après recherche approfondie,Code exact recherché dans les sources fabricant et index publics; ne pas associer un PDF générique.,https://data.energystar.gov/Active-Specifications/ENERGY-STAR-Certified-Mini-Split-Heat-Pumps/akti-mt5s
SLIMAIR,SHC Series,SHC12AE1AG,ductless,,,,Non établi,Aucune brochure publique suffisamment précise confirmée après recherche approfondie,Code exact recherché dans les sources fabricant et index publics; ne pas associer un PDF générique.,https://data.energystar.gov/Active-Specifications/ENERGY-STAR-Certified-Mini-Split-Heat-Pumps/akti-mt5s
SLIMAIR,SHC Series,SHC12AE2AG,ductless,,,,Non établi,Aucune brochure publique suffisamment précise confirmée après recherche approfondie,Code exact recherché dans les sources fabricant et index publics; ne pas associer un PDF générique.,https://data.energystar.gov/Active-Specifications/ENERGY-STAR-Certified-Mini-Split-Heat-Pumps/akti-mt5s
SLIMAIR,SHC Series,SHC12AH2AG,ductless,,,,Non établi,Aucune brochure publique suffisamment précise confirmée après recherche approfondie,Code exact recherché dans les sources fabricant et index publics; ne pas associer un PDF générique.,https://data.energystar.gov/Active-Specifications/ENERGY-STAR-Certified-Mini-Split-Heat-Pumps/akti-mt5s
SLIMAIR,SHC Series,SHC18AE2AG,ductless,,,,Non établi,Aucune brochure publique suffisamment précise confirmée après recherche approfondie,Code exact recherché dans les sources fabricant et index publics; ne pas associer un PDF générique.,https://data.energystar.gov/Active-Specifications/ENERGY-STAR-Certified-Mini-Split-Heat-Pumps/akti-mt5s
SLIMAIR,SHC Series,SHC18AH2AG,ductless,,,,Non établi,Aucune brochure publique suffisamment précise confirmée après recherche approfondie,Code exact recherché dans les sources fabricant et index publics; ne pas associer un PDF générique.,https://data.energystar.gov/Active-Specifications/ENERGY-STAR-Certified-Mini-Split-Heat-Pumps/akti-mt5s
SLIMAIR,SHC Series,SHC24AE2AG,ductless,,,,Non établi,Aucune brochure publique suffisamment précise confirmée après recherche approfondie,Code exact recherché dans les sources fabricant et index publics; ne pas associer un PDF générique.,https://data.energystar.gov/Active-Specifications/ENERGY-STAR-Certified-Mini-Split-Heat-Pumps/akti-mt5s
SLIMAIR,SHC Series,SHC24AH2AG,ductless,,,,Non établi,Aucune brochure publique suffisamment précise confirmée après recherche approfondie,Code exact recherché dans les sources fabricant et index publics; ne pas associer un PDF générique.,https://data.energystar.gov/Active-Specifications/ENERGY-STAR-Certified-Mini-Split-Heat-Pumps/akti-mt5s
SLIMAIR,SHC Series,SHC30AH2AG,ductless,,,,Non établi,Aucune brochure publique suffisamment précise confirmée après recherche approfondie,Code exact recherché dans les sources fabricant et index publics; ne pas associer un PDF générique.,https://data.energystar.gov/Active-Specifications/ENERGY-STAR-Certified-Mini-Split-Heat-Pumps/akti-mt5s
SMART COMFORT,D5C Series,D5CUHAH18AAK,central,,,,Non établi,Aucune brochure publique suffisamment précise confirmée après recherche approfondie,Code exact recherché dans les sources fabricant et index publics; ne pas associer un PDF générique.,https://data.energystar.gov/Active-Specifications/ENERGY-STAR-Certified-Ducted-Heat-Pumps/3m3x-a2hy
SMART COMFORT,D5C Series,D5CUHAH24AAK,central,,,,Non établi,Aucune brochure publique suffisamment précise confirmée après recherche approfondie,Code exact recherché dans les sources fabricant et index publics; ne pas associer un PDF générique.,https://data.energystar.gov/Active-Specifications/ENERGY-STAR-Certified-Ducted-Heat-Pumps/3m3x-a2hy
SMART COMFORT,D5C Series,D5CUHAH30AAK,central,,,,Non établi,Aucune brochure publique suffisamment précise confirmée après recherche approfondie,Code exact recherché dans les sources fabricant et index publics; ne pas associer un PDF générique.,https://data.energystar.gov/Active-Specifications/ENERGY-STAR-Certified-Ducted-Heat-Pumps/3m3x-a2hy
SMART COMFORT,D5C Series,D5CUHAH36AAK,central,,,,Non établi,Aucune brochure publique suffisamment précise confirmée après recherche approfondie,Code exact recherché dans les sources fabricant et index publics; ne pas associer un PDF générique.,https://data.energystar.gov/Active-Specifications/ENERGY-STAR-Certified-Ducted-Heat-Pumps/3m3x-a2hy
SMART COMFORT,D5C Series,D5CURAH18AAK,central,,,,Non établi,Aucune brochure publique suffisamment précise confirmée après recherche approfondie,Code exact recherché dans les sources fabricant et index publics; ne pas associer un PDF générique.,https://data.energystar.gov/Active-Specifications/ENERGY-STAR-Certified-Ducted-Heat-Pumps/3m3x-a2hy
SMART COMFORT,D5C Series,D5CURAH24AAK,central,,,,Non établi,Aucune brochure publique suffisamment précise confirmée après recherche approfondie,Code exact recherché dans les sources fabricant et index publics; ne pas associer un PDF générique.,https://data.energystar.gov/Active-Specifications/ENERGY-STAR-Certified-Ducted-Heat-Pumps/3m3x-a2hy
SMART COMFORT,D5C Series,D5CURAH30AAK,central,,,,Non établi,Aucune brochure publique suffisamment précise confirmée après recherche approfondie,Code exact recherché dans les sources fabricant et index publics; ne pas associer un PDF générique.,https://data.energystar.gov/Active-Specifications/ENERGY-STAR-Certified-Ducted-Heat-Pumps/3m3x-a2hy
SMART COMFORT,D5C Series,D5CURAH36AAK,central,,,,Non établi,Aucune brochure publique suffisamment précise confirmée après recherche approfondie,Code exact recherché dans les sources fabricant et index publics; ne pas associer un PDF générique.,https://data.energystar.gov/Active-Specifications/ENERGY-STAR-Certified-Ducted-Heat-Pumps/3m3x-a2hy
SMARTFLEX,EZI,EZI12CN15STG1,ductless,,,,Non établi,Aucune brochure publique suffisamment précise confirmée après recherche approfondie,Code exact recherché dans les sources fabricant et index publics; ne pas associer un PDF générique.,https://data.energystar.gov/Active-Specifications/ENERGY-STAR-Certified-Mini-Split-Heat-Pumps/akti-mt5s
SMARTFLEX,EZI,EZI12CN23STG1,ductless,,,,Non établi,Aucune brochure publique suffisamment précise confirmée après recherche approfondie,Code exact recherché dans les sources fabricant et index publics; ne pas associer un PDF générique.,https://data.energystar.gov/Active-Specifications/ENERGY-STAR-Certified-Mini-Split-Heat-Pumps/akti-mt5s
SMARTFLEX,EZI,EZI18CN23STG1,ductless,,,,Non établi,Aucune brochure publique suffisamment précise confirmée après recherche approfondie,Code exact recherché dans les sources fabricant et index publics; ne pas associer un PDF générique.,https://data.energystar.gov/Active-Specifications/ENERGY-STAR-Certified-Mini-Split-Heat-Pumps/akti-mt5s
SMARTFLEX,EZI,EZI24CN23STG1,ductless,,,,Non établi,Aucune brochure publique suffisamment précise confirmée après recherche approfondie,Code exact recherché dans les sources fabricant et index publics; ne pas associer un PDF générique.,https://data.energystar.gov/Active-Specifications/ENERGY-STAR-Certified-Mini-Split-Heat-Pumps/akti-mt5s
SMARTFLEX,EZI,EZI36CN23STG1,ductless,,,,Non établi,Aucune brochure publique suffisamment précise confirmée après recherche approfondie,Code exact recherché dans les sources fabricant et index publics; ne pas associer un PDF générique.,https://data.energystar.gov/Active-Specifications/ENERGY-STAR-Certified-Mini-Split-Heat-Pumps/akti-mt5s
SMARTFLEX,M series,EZI09CN15STG1,ductless,,,,Non établi,Aucune brochure publique suffisamment précise confirmée après recherche approfondie,Code exact recherché dans les sources fabricant et index publics; ne pas associer un PDF générique.,https://data.energystar.gov/Active-Specifications/ENERGY-STAR-Certified-Mini-Split-Heat-Pumps/akti-mt5s
SMARTFLEX,M series,EZI09CN23STG1,ductless,,,,Non établi,Aucune brochure publique suffisamment précise confirmée après recherche approfondie,Code exact recherché dans les sources fabricant et index publics; ne pas associer un PDF générique.,https://data.energystar.gov/Active-Specifications/ENERGY-STAR-Certified-Mini-Split-Heat-Pumps/akti-mt5s
Stelpro,Elite B,SELB-H09A-O,ductless,,,,Non établi,Aucune brochure publique suffisamment précise confirmée après recherche approfondie,Code exact recherché dans les sources fabricant et index publics; ne pas associer un PDF générique.,https://data.energystar.gov/Active-Specifications/ENERGY-STAR-Certified-Mini-Split-Heat-Pumps/akti-mt5s
Stelpro,Elite B,SELB-H12A-O,ductless,,,,Non établi,Aucune brochure publique suffisamment précise confirmée après recherche approfondie,Code exact recherché dans les sources fabricant et index publics; ne pas associer un PDF générique.,https://data.energystar.gov/Active-Specifications/ENERGY-STAR-Certified-Mini-Split-Heat-Pumps/akti-mt5s
Stelpro,Elite B,SELB-H18A-O,ductless,,,,Non établi,Aucune brochure publique suffisamment précise confirmée après recherche approfondie,Code exact recherché dans les sources fabricant et index publics; ne pas associer un PDF générique.,https://data.energystar.gov/Active-Specifications/ENERGY-STAR-Certified-Mini-Split-Heat-Pumps/akti-mt5s
Stelpro,Elite B,SELB-H24A-O,ductless,,,,Non établi,Aucune brochure publique suffisamment précise confirmée après recherche approfondie,Code exact recherché dans les sources fabricant et index publics; ne pas associer un PDF générique.,https://data.energystar.gov/Active-Specifications/ENERGY-STAR-Certified-Mini-Split-Heat-Pumps/akti-mt5s
SUM X,HiULTRA,SM-12HSM2-CU,ductless,,,,Non établi,Aucune brochure publique suffisamment précise confirmée après recherche approfondie,Code exact recherché dans les sources fabricant et index publics; ne pas associer un PDF générique.,https://data.energystar.gov/Active-Specifications/ENERGY-STAR-Certified-Mini-Split-Heat-Pumps/akti-mt5s
SUM X,HiULTRA,SM-18HSM2-CU,ductless,,,,Non établi,Aucune brochure publique suffisamment précise confirmée après recherche approfondie,Code exact recherché dans les sources fabricant et index publics; ne pas associer un PDF générique.,https://data.energystar.gov/Active-Specifications/ENERGY-STAR-Certified-Mini-Split-Heat-Pumps/akti-mt5s
SUM X,SM-COIL,SM-24HSM2-CU,central,,,,Non établi,Aucune brochure publique suffisamment précise confirmée après recherche approfondie,Code exact recherché dans les sources fabricant et index publics; ne pas associer un PDF générique.,https://data.energystar.gov/Active-Specifications/ENERGY-STAR-Certified-Ducted-Heat-Pumps/3m3x-a2hy
SUM X,SM-COIL,SM-36HSM2-CU,central,,,,Non établi,Aucune brochure publique suffisamment précise confirmée après recherche approfondie,Code exact recherché dans les sources fabricant et index publics; ne pas associer un PDF générique.,https://data.energystar.gov/Active-Specifications/ENERGY-STAR-Certified-Ducted-Heat-Pumps/3m3x-a2hy
SUM X,SM-COIL,SM-48HSM2-CU,central,,,,Non établi,Aucune brochure publique suffisamment précise confirmée après recherche approfondie,Code exact recherché dans les sources fabricant et index publics; ne pas associer un PDF générique.,https://data.energystar.gov/Active-Specifications/ENERGY-STAR-Certified-Ducted-Heat-Pumps/3m3x-a2hy
SUM X,SM-COIL,SM-60HSM2-CU,central,,,,Non établi,Aucune brochure publique suffisamment précise confirmée après recherche approfondie,Code exact recherché dans les sources fabricant et index publics; ne pas associer un PDF générique.,https://data.energystar.gov/Active-Specifications/ENERGY-STAR-Certified-Ducted-Heat-Pumps/3m3x-a2hy
Sure,NONE | VANTIX,SP17AY24AJVC,central,,,,Non établi,Aucune brochure publique suffisamment précise confirmée après recherche approfondie,Code exact recherché dans les sources fabricant et index publics; ne pas associer un PDF générique.,https://data.energystar.gov/Active-Specifications/ENERGY-STAR-Certified-Ducted-Heat-Pumps/3m3x-a2hy
Sure,NONE | VANTIX,SP17AY36AJVC,central,,,,Non établi,Aucune brochure publique suffisamment précise confirmée après recherche approfondie,Code exact recherché dans les sources fabricant et index publics; ne pas associer un PDF générique.,https://data.energystar.gov/Active-Specifications/ENERGY-STAR-Certified-Ducted-Heat-Pumps/3m3x-a2hy
Sure,NONE | VANTIX,SP17AY48AJVC,central,,,,Non établi,Aucune brochure publique suffisamment précise confirmée après recherche approfondie,Code exact recherché dans les sources fabricant et index publics; ne pas associer un PDF générique.,https://data.energystar.gov/Active-Specifications/ENERGY-STAR-Certified-Ducted-Heat-Pumps/3m3x-a2hy
Sure,NONE | VANTIX,SP17AY60AJVC,central,,,,Non établi,Aucune brochure publique suffisamment précise confirmée après recherche approfondie,Code exact recherché dans les sources fabricant et index publics; ne pas associer un PDF générique.,https://data.energystar.gov/Active-Specifications/ENERGY-STAR-Certified-Ducted-Heat-Pumps/3m3x-a2hy
Sure,NONE,SP17AY24AJVC,central,,,,Non établi,Aucune brochure publique suffisamment précise confirmée après recherche approfondie,Code exact recherché dans les sources fabricant et index publics; ne pas associer un PDF générique.,https://data.energystar.gov/Active-Specifications/ENERGY-STAR-Certified-Ducted-Heat-Pumps/3m3x-a2hy
Sure,VANTIX,SP14AY42AJ2N,central,,,,Non établi,Aucune brochure publique suffisamment précise confirmée après recherche approfondie,Code exact recherché dans les sources fabricant et index publics; ne pas associer un PDF générique.,https://data.energystar.gov/Active-Specifications/ENERGY-STAR-Certified-Ducted-Heat-Pumps/3m3x-a2hy
TCL,Apex Multi Match Hyper Heat | Apex Multi Match Series,H18FMHD3XPC,ductless,https://tclhvac.ca/product/apex-xs-series/,Page fabricant/distributeur maître avec téléchargements,Modèles Apex XS exacts,Élevée,Portail officiel trouvé et vérifié; PDF exact à sélectionner lorsque précisé,,https://data.energystar.gov/Active-Specifications/ENERGY-STAR-Certified-Mini-Split-Heat-Pumps/akti-mt5s
TCL,Apex Multi Match Hyper Heat | Apex Multi Match Series,H27FMHD4XPC,ductless,https://tclhvac.ca/product/apex-xs-series/,Page fabricant/distributeur maître avec téléchargements,Modèles Apex XS exacts,Élevée,Portail officiel trouvé et vérifié; PDF exact à sélectionner lorsque précisé,,https://data.energystar.gov/Active-Specifications/ENERGY-STAR-Certified-Mini-Split-Heat-Pumps/akti-mt5s
TCL,Apex Multi Match Hyper Heat | Apex Multi Match Series,H36FMHD5XPC,ductless,https://tclhvac.ca/product/apex-xs-series/,Page fabricant/distributeur maître avec téléchargements,Modèles Apex XS exacts,Élevée,Portail officiel trouvé et vérifié; PDF exact à sélectionner lorsque précisé,,https://data.energystar.gov/Active-Specifications/ENERGY-STAR-Certified-Mini-Split-Heat-Pumps/akti-mt5s
TCL,Apex Multi Match Hyper Heat | Apex Multi Match Series,H48FMHD6XPC,ductless,https://tclhvac.ca/product/apex-xs-series/,Page fabricant/distributeur maître avec téléchargements,Modèles Apex XS exacts,Élevée,Portail officiel trouvé et vérifié; PDF exact à sélectionner lorsque précisé,,https://data.energystar.gov/Active-Specifications/ENERGY-STAR-Certified-Mini-Split-Heat-Pumps/akti-mt5s
TCL,Apex Multi Match Hyper Heat | Apex Multi Match Series,H55FMHD6XPC,ductless,https://tclhvac.ca/product/apex-xs-series/,Page fabricant/distributeur maître avec téléchargements,Modèles Apex XS exacts,Élevée,Portail officiel trouvé et vérifié; PDF exact à sélectionner lorsque précisé,,https://data.energystar.gov/Active-Specifications/ENERGY-STAR-Certified-Mini-Split-Heat-Pumps/akti-mt5s
TCL,Apex XS Series Unitary HP,H24SDH20XQC,central,https://tclhvac.ca/product/apex-xs-series/,Page fabricant/distributeur maître avec téléchargements,Modèles Apex XS exacts,Élevée,Portail officiel trouvé et vérifié; PDF exact à sélectionner lorsque précisé,,https://data.energystar.gov/Active-Specifications/ENERGY-STAR-Certified-Ducted-Heat-Pumps/3m3x-a2hy
TCL,Apex XS Series Unitary HP,H36SDH20XQC,central,https://tclhvac.ca/product/apex-xs-series/,Page fabricant/distributeur maître avec téléchargements,Modèles Apex XS exacts,Élevée,Portail officiel trouvé et vérifié; PDF exact à sélectionner lorsque précisé,,https://data.energystar.gov/Active-Specifications/ENERGY-STAR-Certified-Ducted-Heat-Pumps/3m3x-a2hy
TCL,Apex XS Series Unitary HP,H48SDH20XQC,central,https://tclhvac.ca/product/apex-xs-series/,Page fabricant/distributeur maître avec téléchargements,Modèles Apex XS exacts,Élevée,Portail officiel trouvé et vérifié; PDF exact à sélectionner lorsque précisé,,https://data.energystar.gov/Active-Specifications/ENERGY-STAR-Certified-Ducted-Heat-Pumps/3m3x-a2hy
TCL,Apex XS Series Unitary HP,H60SDH20XQC,central,https://tclhvac.ca/product/apex-xs-series/,Page fabricant/distributeur maître avec téléchargements,Modèles Apex XS exacts,Élevée,Portail officiel trouvé et vérifié; PDF exact à sélectionner lorsque précisé,,https://data.energystar.gov/Active-Specifications/ENERGY-STAR-Certified-Ducted-Heat-Pumps/3m3x-a2hy
TCL,BreezeIN R32 23S,H09SBH23BQC,ductless,https://www.tcl.com/usca/content/dam/tcl/product/hvac/documents/light-commercial/Light%20Commercial%20HVAC%20Spec%20Sheet%202025.pdf,Fiche technique PDF,BreezeIN 9/12/18/24 exacts,Élevée,Document officiel trouvé et examiné,,https://data.energystar.gov/Active-Specifications/ENERGY-STAR-Certified-Mini-Split-Heat-Pumps/akti-mt5s
TCL,BreezeIN R32 23S,H09SBH23XQC,ductless,https://www.tcl.com/usca/content/dam/tcl/product/hvac/documents/light-commercial/Light%20Commercial%20HVAC%20Spec%20Sheet%202025.pdf,Fiche technique PDF,BreezeIN 9/12/18/24 exacts,Élevée,Document officiel trouvé et examiné,,https://data.energystar.gov/Active-Specifications/ENERGY-STAR-Certified-Mini-Split-Heat-Pumps/akti-mt5s
TCL,BreezeIN R32 23S,H12SBH23BQC,ductless,https://www.tcl.com/usca/content/dam/tcl/product/hvac/documents/light-commercial/Light%20Commercial%20HVAC%20Spec%20Sheet%202025.pdf,Fiche technique PDF,BreezeIN 9/12/18/24 exacts,Élevée,Document officiel trouvé et examiné,,https://data.energystar.gov/Active-Specifications/ENERGY-STAR-Certified-Mini-Split-Heat-Pumps/akti-mt5s
TCL,BreezeIN R32 23S,H12SBH24XQC,ductless,https://www.tcl.com/usca/content/dam/tcl/product/hvac/documents/light-commercial/Light%20Commercial%20HVAC%20Spec%20Sheet%202025.pdf,Fiche technique PDF,BreezeIN 9/12/18/24 exacts,Élevée,Document officiel trouvé et examiné,,https://data.energystar.gov/Active-Specifications/ENERGY-STAR-Certified-Mini-Split-Heat-Pumps/akti-mt5s
TCL,BreezeIN R32 23S,H18SBH23XQC,ductless,https://www.tcl.com/usca/content/dam/tcl/product/hvac/documents/light-commercial/Light%20Commercial%20HVAC%20Spec%20Sheet%202025.pdf,Fiche technique PDF,BreezeIN 9/12/18/24 exacts,Élevée,Document officiel trouvé et examiné,,https://data.energystar.gov/Active-Specifications/ENERGY-STAR-Certified-Mini-Split-Heat-Pumps/akti-mt5s
TCL,BreezeIN R32 23S,H24SBH23XQC,ductless,https://www.tcl.com/usca/content/dam/tcl/product/hvac/documents/light-commercial/Light%20Commercial%20HVAC%20Spec%20Sheet%202025.pdf,Fiche technique PDF,BreezeIN 9/12/18/24 exacts,Élevée,Document officiel trouvé et examiné,,https://data.energystar.gov/Active-Specifications/ENERGY-STAR-Certified-Mini-Split-Heat-Pumps/akti-mt5s
TCL,free match 27S HT,TMH18HEI2NAS0U25*,ductless,https://tclhvac.ca/,Portail officiel Canada,Gamme 2026; documents sur les pages produits,Moyenne,Portail officiel trouvé et vérifié; PDF exact à sélectionner lorsque précisé,,https://data.energystar.gov/Active-Specifications/ENERGY-STAR-Certified-Mini-Split-Heat-Pumps/akti-mt5s
TCL,free match 27S HT,TMH27HEI2NAS0U25*,ductless,https://tclhvac.ca/,Portail officiel Canada,Gamme 2026; documents sur les pages produits,Moyenne,Portail officiel trouvé et vérifié; PDF exact à sélectionner lorsque précisé,,https://data.energystar.gov/Active-Specifications/ENERGY-STAR-Certified-Mini-Split-Heat-Pumps/akti-mt5s
TCL,free match 27S HT,TMH36HEI2NAS0U25*,ductless,https://tclhvac.ca/,Portail officiel Canada,Gamme 2026; documents sur les pages produits,Moyenne,Portail officiel trouvé et vérifié; PDF exact à sélectionner lorsque précisé,,https://data.energystar.gov/Active-Specifications/ENERGY-STAR-Certified-Mini-Split-Heat-Pumps/akti-mt5s
TCL,free match 27S HT,TMH48HEI2NAS0U25*,ductless,https://tclhvac.ca/,Portail officiel Canada,Gamme 2026; documents sur les pages produits,Moyenne,Portail officiel trouvé et vérifié; PDF exact à sélectionner lorsque précisé,,https://data.energystar.gov/Active-Specifications/ENERGY-STAR-Certified-Mini-Split-Heat-Pumps/akti-mt5s
TCL,free match 27S HT,TMH55HEI2NAS0U25*,ductless,https://tclhvac.ca/,Portail officiel Canada,Gamme 2026; documents sur les pages produits,Moyenne,Portail officiel trouvé et vérifié; PDF exact à sélectionner lorsque précisé,,https://data.energystar.gov/Active-Specifications/ENERGY-STAR-Certified-Mini-Split-Heat-Pumps/akti-mt5s
TCL,free matcht 24S R32,H18FMH24XQC,ductless,https://tclhvac.ca/,Portail officiel Canada,Gamme 2026; documents sur les pages produits,Moyenne,Portail officiel trouvé et vérifié; PDF exact à sélectionner lorsque précisé,,https://data.energystar.gov/Active-Specifications/ENERGY-STAR-Certified-Mini-Split-Heat-Pumps/akti-mt5s
TCL,free matcht 24S R32,H27FMH24XQC,ductless,https://tclhvac.ca/,Portail officiel Canada,Gamme 2026; documents sur les pages produits,Moyenne,Portail officiel trouvé et vérifié; PDF exact à sélectionner lorsque précisé,,https://data.energystar.gov/Active-Specifications/ENERGY-STAR-Certified-Mini-Split-Heat-Pumps/akti-mt5s
TCL,free matcht 24S R32,H36FMH22XQC,ductless,https://tclhvac.ca/,Portail officiel Canada,Gamme 2026; documents sur les pages produits,Moyenne,Portail officiel trouvé et vérifié; PDF exact à sélectionner lorsque précisé,,https://data.energystar.gov/Active-Specifications/ENERGY-STAR-Certified-Mini-Split-Heat-Pumps/akti-mt5s
TCL,free matcht 24S R32,H42FMH22XQC,ductless,https://tclhvac.ca/,Portail officiel Canada,Gamme 2026; documents sur les pages produits,Moyenne,Portail officiel trouvé et vérifié; PDF exact à sélectionner lorsque précisé,,https://data.energystar.gov/Active-Specifications/ENERGY-STAR-Certified-Mini-Split-Heat-Pumps/akti-mt5s
TCL,free matcht 24S R32,TMH18HDI2NAO0U25*,ductless,https://tclhvac.ca/,Portail officiel Canada,Gamme 2026; documents sur les pages produits,Moyenne,Portail officiel trouvé et vérifié; PDF exact à sélectionner lorsque précisé,,https://data.energystar.gov/Active-Specifications/ENERGY-STAR-Certified-Mini-Split-Heat-Pumps/akti-mt5s
TCL,free matcht 24S R32,TMH18HDI2NAO0U25,ductless,https://tclhvac.ca/,Portail officiel Canada,Gamme 2026; documents sur les pages produits,Moyenne,Portail officiel trouvé et vérifié; PDF exact à sélectionner lorsque précisé,,https://data.energystar.gov/Active-Specifications/ENERGY-STAR-Certified-Mini-Split-Heat-Pumps/akti-mt5s
TCL,free matcht 24S R32,TMH27HDI2NAO0U25*,ductless,https://tclhvac.ca/,Portail officiel Canada,Gamme 2026; documents sur les pages produits,Moyenne,Portail officiel trouvé et vérifié; PDF exact à sélectionner lorsque précisé,,https://data.energystar.gov/Active-Specifications/ENERGY-STAR-Certified-Mini-Split-Heat-Pumps/akti-mt5s
TCL,free matcht 24S R32,TMH27HDI2NAO0U25,ductless,https://tclhvac.ca/,Portail officiel Canada,Gamme 2026; documents sur les pages produits,Moyenne,Portail officiel trouvé et vérifié; PDF exact à sélectionner lorsque précisé,,https://data.energystar.gov/Active-Specifications/ENERGY-STAR-Certified-Mini-Split-Heat-Pumps/akti-mt5s
TCL,free matcht 24S R32,TMH36HDI2NAO0U25*,ductless,https://tclhvac.ca/,Portail officiel Canada,Gamme 2026; documents sur les pages produits,Moyenne,Portail officiel trouvé et vérifié; PDF exact à sélectionner lorsque précisé,,https://data.energystar.gov/Active-Specifications/ENERGY-STAR-Certified-Mini-Split-Heat-Pumps/akti-mt5s
TCL,free matcht 24S R32,TMH36HDI2NAO0U25,ductless,https://tclhvac.ca/,Portail officiel Canada,Gamme 2026; documents sur les pages produits,Moyenne,Portail officiel trouvé et vérifié; PDF exact à sélectionner lorsque précisé,,https://data.energystar.gov/Active-Specifications/ENERGY-STAR-Certified-Mini-Split-Heat-Pumps/akti-mt5s
TCL,free matcht 24S R32,TMH42HDI2NAO0U25*,ductless,https://tclhvac.ca/,Portail officiel Canada,Gamme 2026; documents sur les pages produits,Moyenne,Portail officiel trouvé et vérifié; PDF exact à sélectionner lorsque précisé,,https://data.energystar.gov/Active-Specifications/ENERGY-STAR-Certified-Mini-Split-Heat-Pumps/akti-mt5s
TCL,free matcht 24S R32,TMH42HDI2NAO0U25,ductless,https://tclhvac.ca/,Portail officiel Canada,Gamme 2026; documents sur les pages produits,Moyenne,Portail officiel trouvé et vérifié; PDF exact à sélectionner lorsque précisé,,https://data.energystar.gov/Active-Specifications/ENERGY-STAR-Certified-Mini-Split-Heat-Pumps/akti-mt5s
TCL,Front return,H18TDHXPC,central,https://www.tcl.com/usca/content/dam/tcl/product/hvac/documents/advantage/Advantage%20HVAC%20SpecSheet%202025.pdf,Brochure technique PDF,Famille Advantage,Moyenne,Document officiel trouvé et examiné,,https://data.energystar.gov/Active-Specifications/ENERGY-STAR-Certified-Ducted-Heat-Pumps/3m3x-a2hy
TCL,Front return,H24TDHXPC,central,https://www.tcl.com/usca/content/dam/tcl/product/hvac/documents/advantage/Advantage%20HVAC%20SpecSheet%202025.pdf,Brochure technique PDF,Famille Advantage,Moyenne,Document officiel trouvé et examiné,,https://data.energystar.gov/Active-Specifications/ENERGY-STAR-Certified-Ducted-Heat-Pumps/3m3x-a2hy
TCL,Front return,H30TDHXPC,central,https://www.tcl.com/usca/content/dam/tcl/product/hvac/documents/advantage/Advantage%20HVAC%20SpecSheet%202025.pdf,Brochure technique PDF,Famille Advantage,Moyenne,Document officiel trouvé et examiné,,https://data.energystar.gov/Active-Specifications/ENERGY-STAR-Certified-Ducted-Heat-Pumps/3m3x-a2hy
TCL,Front return,H36TDHXPC,central,https://www.tcl.com/usca/content/dam/tcl/product/hvac/documents/advantage/Advantage%20HVAC%20SpecSheet%202025.pdf,Brochure technique PDF,Famille Advantage,Moyenne,Document officiel trouvé et examiné,,https://data.energystar.gov/Active-Specifications/ENERGY-STAR-Certified-Ducted-Heat-Pumps/3m3x-a2hy
TCL,Front return,THH18TEI2NAG0F24,central,https://tclhvac.ca/,Portail officiel Canada,Gamme 2026; documents sur les pages produits,Moyenne,Portail officiel trouvé et vérifié; PDF exact à sélectionner lorsque précisé,,https://data.energystar.gov/Active-Specifications/ENERGY-STAR-Certified-Ducted-Heat-Pumps/3m3x-a2hy
TCL,Front return,THH24TEI2NAG0F24,central,https://tclhvac.ca/,Portail officiel Canada,Gamme 2026; documents sur les pages produits,Moyenne,Portail officiel trouvé et vérifié; PDF exact à sélectionner lorsque précisé,,https://data.energystar.gov/Active-Specifications/ENERGY-STAR-Certified-Ducted-Heat-Pumps/3m3x-a2hy
TCL,Front return,THH30TEI2NAG0F24,central,https://tclhvac.ca/,Portail officiel Canada,Gamme 2026; documents sur les pages produits,Moyenne,Portail officiel trouvé et vérifié; PDF exact à sélectionner lorsque précisé,,https://data.energystar.gov/Active-Specifications/ENERGY-STAR-Certified-Ducted-Heat-Pumps/3m3x-a2hy
TCL,Front return,THH36TEI2NAG0F24,central,https://tclhvac.ca/,Portail officiel Canada,Gamme 2026; documents sur les pages produits,Moyenne,Portail officiel trouvé et vérifié; PDF exact à sélectionner lorsque précisé,,https://data.energystar.gov/Active-Specifications/ENERGY-STAR-Certified-Ducted-Heat-Pumps/3m3x-a2hy
TCL,R32 AHU Side discharge Hyper Heat,THH24HDI2NAJ0H26,central,https://tclhvac.ca/,Portail officiel Canada,Gamme 2026; documents sur les pages produits,Moyenne,Portail officiel trouvé et vérifié; PDF exact à sélectionner lorsque précisé,,https://data.energystar.gov/Active-Specifications/ENERGY-STAR-Certified-Ducted-Heat-Pumps/3m3x-a2hy
TCL,R32 AHU Side discharge Hyper Heat,THH24TDI2NAF2H26,central,https://tclhvac.ca/,Portail officiel Canada,Gamme 2026; documents sur les pages produits,Moyenne,Portail officiel trouvé et vérifié; PDF exact à sélectionner lorsque précisé,,https://data.energystar.gov/Active-Specifications/ENERGY-STAR-Certified-Ducted-Heat-Pumps/3m3x-a2hy
TCL,R32 AHU Side discharge Hyper Heat,THH36HDI2NAJ0H26,central,https://tclhvac.ca/,Portail officiel Canada,Gamme 2026; documents sur les pages produits,Moyenne,Portail officiel trouvé et vérifié; PDF exact à sélectionner lorsque précisé,,https://data.energystar.gov/Active-Specifications/ENERGY-STAR-Certified-Ducted-Heat-Pumps/3m3x-a2hy
TCL,R32 AHU Side discharge Hyper Heat,THH48HDI2NAJ0H26,central,https://tclhvac.ca/,Portail officiel Canada,Gamme 2026; documents sur les pages produits,Moyenne,Portail officiel trouvé et vérifié; PDF exact à sélectionner lorsque précisé,,https://data.energystar.gov/Active-Specifications/ENERGY-STAR-Certified-Ducted-Heat-Pumps/3m3x-a2hy
TCL,R32 AHU Side discharge Hyper Heat,THH55HDI2NAJ0H26,central,https://tclhvac.ca/,Portail officiel Canada,Gamme 2026; documents sur les pages produits,Moyenne,Portail officiel trouvé et vérifié; PDF exact à sélectionner lorsque précisé,,https://data.energystar.gov/Active-Specifications/ENERGY-STAR-Certified-Ducted-Heat-Pumps/3m3x-a2hy
TCL,R32 AHU Side discharge Hyper Heat,THH55TDI2NAF2H26,central,https://tclhvac.ca/,Portail officiel Canada,Gamme 2026; documents sur les pages produits,Moyenne,Portail officiel trouvé et vérifié; PDF exact à sélectionner lorsque précisé,,https://data.energystar.gov/Active-Specifications/ENERGY-STAR-Certified-Ducted-Heat-Pumps/3m3x-a2hy
TCL,R32-Cassette-21S,TSH09HDI2NAJ0X25,ductless,https://www.tcl.com/usca/content/dam/tcl/product/hvac/documents/light-commercial/Light%20Commercial%20HVAC%20Spec%20Sheet%202025.pdf,Fiche technique PDF,Famille; codes exacts à confirmer,Moyenne,Document officiel trouvé et examiné,,https://data.energystar.gov/Active-Specifications/ENERGY-STAR-Certified-Mini-Split-Heat-Pumps/akti-mt5s
TCL,R32-Cassette-21S,TSH24HDI2NAJ0X25,ductless,https://www.tcl.com/usca/content/dam/tcl/product/hvac/documents/light-commercial/Light%20Commercial%20HVAC%20Spec%20Sheet%202025.pdf,Fiche technique PDF,Famille; codes exacts à confirmer,Moyenne,Document officiel trouvé et examiné,,https://data.energystar.gov/Active-Specifications/ENERGY-STAR-Certified-Mini-Split-Heat-Pumps/akti-mt5s
TCL,R32-Celing Floor-21S,TSH24HDI2NAJ0X25,ductless,https://tclhvac.ca/,Portail officiel Canada,Gamme 2026; documents sur les pages produits,Moyenne,Portail officiel trouvé et vérifié; PDF exact à sélectionner lorsque précisé,,https://data.energystar.gov/Active-Specifications/ENERGY-STAR-Certified-Mini-Split-Heat-Pumps/akti-mt5s
TCL,R32-Duct-21S,TSH09HDI2NAJ0X25,ductless,https://www.tcl.com/usca/content/dam/tcl/product/hvac/documents/light-commercial/Light%20Commercial%20HVAC%20Spec%20Sheet%202025.pdf,Fiche technique PDF,Famille; codes exacts à confirmer,Moyenne,Document officiel trouvé et examiné,,https://data.energystar.gov/Active-Specifications/ENERGY-STAR-Certified-Mini-Split-Heat-Pumps/akti-mt5s
TCL,T-pro,TSH09HDI1NAN0T26,ductless,https://tclhvac.ca/,Portail officiel Canada,Gamme 2026; documents sur les pages produits,Moyenne,Portail officiel trouvé et vérifié; PDF exact à sélectionner lorsque précisé,,https://data.energystar.gov/Active-Specifications/ENERGY-STAR-Certified-Mini-Split-Heat-Pumps/akti-mt5s
TCL,T-pro,TSH09HDI2NAN0T26,ductless,https://tclhvac.ca/,Portail officiel Canada,Gamme 2026; documents sur les pages produits,Moyenne,Portail officiel trouvé et vérifié; PDF exact à sélectionner lorsque précisé,,https://data.energystar.gov/Active-Specifications/ENERGY-STAR-Certified-Mini-Split-Heat-Pumps/akti-mt5s
TCL,T-pro,TSH12HDI1NAO0T26,ductless,https://tclhvac.ca/,Portail officiel Canada,Gamme 2026; documents sur les pages produits,Moyenne,Portail officiel trouvé et vérifié; PDF exact à sélectionner lorsque précisé,,https://data.energystar.gov/Active-Specifications/ENERGY-STAR-Certified-Mini-Split-Heat-Pumps/akti-mt5s
TCL,T-pro,TSH12HDI1NAP0T26,ductless,https://tclhvac.ca/,Portail officiel Canada,Gamme 2026; documents sur les pages produits,Moyenne,Portail officiel trouvé et vérifié; PDF exact à sélectionner lorsque précisé,,https://data.energystar.gov/Active-Specifications/ENERGY-STAR-Certified-Mini-Split-Heat-Pumps/akti-mt5s
TCL,T-pro,TSH12HDI2NAO0T26,ductless,https://tclhvac.ca/,Portail officiel Canada,Gamme 2026; documents sur les pages produits,Moyenne,Portail officiel trouvé et vérifié; PDF exact à sélectionner lorsque précisé,,https://data.energystar.gov/Active-Specifications/ENERGY-STAR-Certified-Mini-Split-Heat-Pumps/akti-mt5s
TCL,T-pro,TSH12HDI2NAP0T26,ductless,https://tclhvac.ca/,Portail officiel Canada,Gamme 2026; documents sur les pages produits,Moyenne,Portail officiel trouvé et vérifié; PDF exact à sélectionner lorsque précisé,,https://data.energystar.gov/Active-Specifications/ENERGY-STAR-Certified-Mini-Split-Heat-Pumps/akti-mt5s
TCL,T-pro,TSH18HDI2NAO0T26,ductless,https://tclhvac.ca/,Portail officiel Canada,Gamme 2026; documents sur les pages produits,Moyenne,Portail officiel trouvé et vérifié; PDF exact à sélectionner lorsque précisé,,https://data.energystar.gov/Active-Specifications/ENERGY-STAR-Certified-Mini-Split-Heat-Pumps/akti-mt5s
TCL,T-pro,TSH24HDI2NAN0T26,ductless,https://tclhvac.ca/,Portail officiel Canada,Gamme 2026; documents sur les pages produits,Moyenne,Portail officiel trouvé et vérifié; PDF exact à sélectionner lorsque précisé,,https://data.energystar.gov/Active-Specifications/ENERGY-STAR-Certified-Mini-Split-Heat-Pumps/akti-mt5s
TCL,THH2,THH36HES2NAGOH24,central,https://tclhvac.ca/,Portail officiel Canada,Gamme 2026; documents sur les pages produits,Moyenne,Portail officiel trouvé et vérifié; PDF exact à sélectionner lorsque précisé,,https://data.energystar.gov/Active-Specifications/ENERGY-STAR-Certified-Ducted-Heat-Pumps/3m3x-a2hy
Tempstar,D5C Series,D5CUHAH18AAK,central,https://www.shareddocs.com/hvac/docs/1011/Public/00/DLS-053-TS-00.pdf,Brochure PDF de marque,Familles D5CUHAH/D5CURAH,Élevée,Document officiel trouvé et examiné,,https://data.energystar.gov/Active-Specifications/ENERGY-STAR-Certified-Ducted-Heat-Pumps/3m3x-a2hy
Tempstar,D5C Series,D5CUHAH24AAK,central,https://www.shareddocs.com/hvac/docs/1011/Public/00/DLS-053-TS-00.pdf,Brochure PDF de marque,Familles D5CUHAH/D5CURAH,Élevée,Document officiel trouvé et examiné,,https://data.energystar.gov/Active-Specifications/ENERGY-STAR-Certified-Ducted-Heat-Pumps/3m3x-a2hy
Tempstar,D5C Series,D5CUHAH30AAK,central,https://www.shareddocs.com/hvac/docs/1011/Public/00/DLS-053-TS-00.pdf,Brochure PDF de marque,Familles D5CUHAH/D5CURAH,Élevée,Document officiel trouvé et examiné,,https://data.energystar.gov/Active-Specifications/ENERGY-STAR-Certified-Ducted-Heat-Pumps/3m3x-a2hy
Tempstar,D5C Series,D5CUHAH36AAK,central,https://www.shareddocs.com/hvac/docs/1011/Public/00/DLS-053-TS-00.pdf,Brochure PDF de marque,Familles D5CUHAH/D5CURAH,Élevée,Document officiel trouvé et examiné,,https://data.energystar.gov/Active-Specifications/ENERGY-STAR-Certified-Ducted-Heat-Pumps/3m3x-a2hy
Tempstar,D5C Series,D5CURAH18AAK,central,https://www.shareddocs.com/hvac/docs/1011/Public/00/DLS-053-TS-00.pdf,Brochure PDF de marque,Familles D5CUHAH/D5CURAH,Élevée,Document officiel trouvé et examiné,,https://data.energystar.gov/Active-Specifications/ENERGY-STAR-Certified-Ducted-Heat-Pumps/3m3x-a2hy
Tempstar,D5C Series,D5CURAH24AAK,central,https://www.shareddocs.com/hvac/docs/1011/Public/00/DLS-053-TS-00.pdf,Brochure PDF de marque,Familles D5CUHAH/D5CURAH,Élevée,Document officiel trouvé et examiné,,https://data.energystar.gov/Active-Specifications/ENERGY-STAR-Certified-Ducted-Heat-Pumps/3m3x-a2hy
Tempstar,D5C Series,D5CURAH30AAK,central,https://www.shareddocs.com/hvac/docs/1011/Public/00/DLS-053-TS-00.pdf,Brochure PDF de marque,Familles D5CUHAH/D5CURAH,Élevée,Document officiel trouvé et examiné,,https://data.energystar.gov/Active-Specifications/ENERGY-STAR-Certified-Ducted-Heat-Pumps/3m3x-a2hy
Tempstar,D5C Series,D5CURAH36AAK,central,https://www.shareddocs.com/hvac/docs/1011/Public/00/DLS-053-TS-00.pdf,Brochure PDF de marque,Familles D5CUHAH/D5CURAH,Élevée,Document officiel trouvé et examiné,,https://data.energystar.gov/Active-Specifications/ENERGY-STAR-Certified-Ducted-Heat-Pumps/3m3x-a2hy
TGM,C series,ARHHBT24AS,ductless,,,,Non établi,Aucune brochure publique suffisamment précise confirmée après recherche approfondie,Code exact recherché dans les sources fabricant et index publics; ne pas associer un PDF générique.,https://data.energystar.gov/Active-Specifications/ENERGY-STAR-Certified-Mini-Split-Heat-Pumps/akti-mt5s
TGM,M series,ARHHBT12AS,ductless,,,,Non établi,Aucune brochure publique suffisamment précise confirmée après recherche approfondie,Code exact recherché dans les sources fabricant et index publics; ne pas associer un PDF générique.,https://data.energystar.gov/Active-Specifications/ENERGY-STAR-Certified-Mini-Split-Heat-Pumps/akti-mt5s
TGM,M series,ARHHBT12ASA,ductless,,,,Non établi,Aucune brochure publique suffisamment précise confirmée après recherche approfondie,Code exact recherché dans les sources fabricant et index publics; ne pas associer un PDF générique.,https://data.energystar.gov/Active-Specifications/ENERGY-STAR-Certified-Mini-Split-Heat-Pumps/akti-mt5s
TGM,M series,ARHHBT18AS,ductless,,,,Non établi,Aucune brochure publique suffisamment précise confirmée après recherche approfondie,Code exact recherché dans les sources fabricant et index publics; ne pas associer un PDF générique.,https://data.energystar.gov/Active-Specifications/ENERGY-STAR-Certified-Mini-Split-Heat-Pumps/akti-mt5s
The Heat Pump,E Series,THP-GUD18W2/NHE-D(U),central,,,,Non établi,Aucune brochure publique suffisamment précise confirmée après recherche approfondie,Code exact recherché dans les sources fabricant et index publics; ne pas associer un PDF générique.,https://data.energystar.gov/Active-Specifications/ENERGY-STAR-Certified-Ducted-Heat-Pumps/3m3x-a2hy
The Heat Pump,E Series,THP-GUD36W2/NHE-D(U),central,,,,Non établi,Aucune brochure publique suffisamment précise confirmée après recherche approfondie,Code exact recherché dans les sources fabricant et index publics; ne pas associer un PDF générique.,https://data.energystar.gov/Active-Specifications/ENERGY-STAR-Certified-Ducted-Heat-Pumps/3m3x-a2hy
The Heat Pump,E Series,THP-GUD60W2/NHE-D(U),central,,,,Non établi,Aucune brochure publique suffisamment précise confirmée après recherche approfondie,Code exact recherché dans les sources fabricant et index publics; ne pas associer un PDF générique.,https://data.energystar.gov/Active-Specifications/ENERGY-STAR-Certified-Ducted-Heat-Pumps/3m3x-a2hy
Thermal Zone,TZ Series | TZID Series,TZID24H520ZCS,central,,,,Non établi,Aucune brochure publique suffisamment précise confirmée après recherche approfondie,Code exact recherché dans les sources fabricant et index publics; ne pas associer un PDF générique.,https://data.energystar.gov/Active-Specifications/ENERGY-STAR-Certified-Ducted-Heat-Pumps/3m3x-a2hy
Thermal Zone,TZ Series,TZID18H520ZCS,central,,,,Non établi,Aucune brochure publique suffisamment précise confirmée après recherche approfondie,Code exact recherché dans les sources fabricant et index publics; ne pas associer un PDF générique.,https://data.energystar.gov/Active-Specifications/ENERGY-STAR-Certified-Ducted-Heat-Pumps/3m3x-a2hy
Thermal Zone,TZ Series,TZID30H520ZCS,central,,,,Non établi,Aucune brochure publique suffisamment précise confirmée après recherche approfondie,Code exact recherché dans les sources fabricant et index publics; ne pas associer un PDF générique.,https://data.energystar.gov/Active-Specifications/ENERGY-STAR-Certified-Ducted-Heat-Pumps/3m3x-a2hy
Thermal Zone,TZ Series,TZID36H520ZCS,central,,,,Non établi,Aucune brochure publique suffisamment précise confirmée après recherche approfondie,Code exact recherché dans les sources fabricant et index publics; ne pas associer un PDF générique.,https://data.energystar.gov/Active-Specifications/ENERGY-STAR-Certified-Ducted-Heat-Pumps/3m3x-a2hy
Thermal Zone,TZ Series,TZID48H520ZCS,central,,,,Non établi,Aucune brochure publique suffisamment précise confirmée après recherche approfondie,Code exact recherché dans les sources fabricant et index publics; ne pas associer un PDF générique.,https://data.energystar.gov/Active-Specifications/ENERGY-STAR-Certified-Ducted-Heat-Pumps/3m3x-a2hy
Thermal Zone,TZ Series,TZID60H520ZCS,central,,,,Non établi,Aucune brochure publique suffisamment précise confirmée après recherche approfondie,Code exact recherché dans les sources fabricant et index publics; ne pas associer un PDF générique.,https://data.energystar.gov/Active-Specifications/ENERGY-STAR-Certified-Ducted-Heat-Pumps/3m3x-a2hy
THERMOFLUX,High heat free match,TMFX18HEI2NAS0U25,ductless,,,,Non établi,Aucune brochure publique suffisamment précise confirmée après recherche approfondie,Code exact recherché dans les sources fabricant et index publics; ne pas associer un PDF générique.,https://data.energystar.gov/Active-Specifications/ENERGY-STAR-Certified-Mini-Split-Heat-Pumps/akti-mt5s
THERMOFLUX,High heat free match,TMFX27HEI2NAS0U25,ductless,,,,Non établi,Aucune brochure publique suffisamment précise confirmée après recherche approfondie,Code exact recherché dans les sources fabricant et index publics; ne pas associer un PDF générique.,https://data.energystar.gov/Active-Specifications/ENERGY-STAR-Certified-Mini-Split-Heat-Pumps/akti-mt5s
THERMOFLUX,High heat free match,TMFX36HEI2NAS0U25,ductless,,,,Non établi,Aucune brochure publique suffisamment précise confirmée après recherche approfondie,Code exact recherché dans les sources fabricant et index publics; ne pas associer un PDF générique.,https://data.energystar.gov/Active-Specifications/ENERGY-STAR-Certified-Mini-Split-Heat-Pumps/akti-mt5s
THERMOFLUX,High heat free match,TMFX48HEI2NAS0U25,ductless,,,,Non établi,Aucune brochure publique suffisamment précise confirmée après recherche approfondie,Code exact recherché dans les sources fabricant et index publics; ne pas associer un PDF générique.,https://data.energystar.gov/Active-Specifications/ENERGY-STAR-Certified-Mini-Split-Heat-Pumps/akti-mt5s
THERMOFLUX,High heat split,TMF09HEI2NAO0T24,ductless,,,,Non établi,Aucune brochure publique suffisamment précise confirmée après recherche approfondie,Code exact recherché dans les sources fabricant et index publics; ne pas associer un PDF générique.,https://data.energystar.gov/Active-Specifications/ENERGY-STAR-Certified-Mini-Split-Heat-Pumps/akti-mt5s
THERMOFLUX,High heat split,TMF12HEI2NAM0T24,ductless,,,,Non établi,Aucune brochure publique suffisamment précise confirmée après recherche approfondie,Code exact recherché dans les sources fabricant et index publics; ne pas associer un PDF générique.,https://data.energystar.gov/Active-Specifications/ENERGY-STAR-Certified-Mini-Split-Heat-Pumps/akti-mt5s
THERMOFLUX,High heat split,TMF18HEI2NAM0T24,ductless,,,,Non établi,Aucune brochure publique suffisamment précise confirmée après recherche approfondie,Code exact recherché dans les sources fabricant et index publics; ne pas associer un PDF générique.,https://data.energystar.gov/Active-Specifications/ENERGY-STAR-Certified-Mini-Split-Heat-Pumps/akti-mt5s
THERMOFLUX,High heat split,TMF24HEI2NAK0T24,ductless,,,,Non établi,Aucune brochure publique suffisamment précise confirmée après recherche approfondie,Code exact recherché dans les sources fabricant et index publics; ne pas associer un PDF générique.,https://data.energystar.gov/Active-Specifications/ENERGY-STAR-Certified-Mini-Split-Heat-Pumps/akti-mt5s
TOSHIBA CARRIER,Toshiba Mini,MCY-MUB0368HS2P-UL,central,https://www.carrier.com/residential/fr/ca/products/toshiba-carrier-vrf/mcy-mub/,Page fabricant FR avec documentation,Série et modèles,Élevée,Portail officiel trouvé et vérifié; PDF exact à sélectionner lorsque précisé,,https://data.energystar.gov/Active-Specifications/ENERGY-STAR-Certified-Ducted-Heat-Pumps/3m3x-a2hy
TOSHIBA CARRIER,Toshiba Mini,MCY-MUB0488HS2P-UL,central,https://www.carrier.com/residential/fr/ca/products/toshiba-carrier-vrf/mcy-mub/,Page fabricant FR avec documentation,Série et modèles,Élevée,Portail officiel trouvé et vérifié; PDF exact à sélectionner lorsque précisé,,https://data.energystar.gov/Active-Specifications/ENERGY-STAR-Certified-Ducted-Heat-Pumps/3m3x-a2hy
TOSOT,Charmo,SU-COSMO12-230/O,ductless,https://cdn.prod.website-files.com/69b5027b5ea007adabfb305d/69c444f787eee950f185b76d_TOSOT%20Full%20Product%20Catalog%202026.pdf,Catalogue fabricant PDF 2026,Gamme; modèle à confirmer,Moyenne,Document officiel trouvé et examiné,,https://data.energystar.gov/Active-Specifications/ENERGY-STAR-Certified-Mini-Split-Heat-Pumps/akti-mt5s
TOSOT,Charmo,SU-COSMO24-230/O,ductless,https://cdn.prod.website-files.com/69b5027b5ea007adabfb305d/69c444f787eee950f185b76d_TOSOT%20Full%20Product%20Catalog%202026.pdf,Catalogue fabricant PDF 2026,Gamme; modèle à confirmer,Moyenne,Document officiel trouvé et examiné,,https://data.energystar.gov/Active-Specifications/ENERGY-STAR-Certified-Mini-Split-Heat-Pumps/akti-mt5s
TOSOT,Charmo,SU-COSMO30-230/O,ductless,https://cdn.prod.website-files.com/69b5027b5ea007adabfb305d/69c444f787eee950f185b76d_TOSOT%20Full%20Product%20Catalog%202026.pdf,Catalogue fabricant PDF 2026,Gamme; modèle à confirmer,Moyenne,Document officiel trouvé et examiné,,https://data.energystar.gov/Active-Specifications/ENERGY-STAR-Certified-Mini-Split-Heat-Pumps/akti-mt5s
TOSOT,Charmo,TWH12CA32AO,ductless,https://cdn.prod.website-files.com/69b5027b5ea007adabfb305d/69c444f787eee950f185b76d_TOSOT%20Full%20Product%20Catalog%202026.pdf,Catalogue fabricant PDF 2026,Gamme; modèle à confirmer,Moyenne,Document officiel trouvé et examiné,,https://data.energystar.gov/Active-Specifications/ENERGY-STAR-Certified-Mini-Split-Heat-Pumps/akti-mt5s
TOSOT,Charmo,TWH12JD32AO,ductless,https://cdn.prod.website-files.com/69b5027b5ea007adabfb305d/69c444f787eee950f185b76d_TOSOT%20Full%20Product%20Catalog%202026.pdf,Catalogue fabricant PDF 2026,Gamme; modèle à confirmer,Moyenne,Document officiel trouvé et examiné,,https://data.energystar.gov/Active-Specifications/ENERGY-STAR-Certified-Mini-Split-Heat-Pumps/akti-mt5s
TOSOT,Charmo,TWH12R32DO,ductless,https://cdn.prod.website-files.com/69b5027b5ea007adabfb305d/69c444f787eee950f185b76d_TOSOT%20Full%20Product%20Catalog%202026.pdf,Catalogue fabricant PDF 2026,Gamme; modèle à confirmer,Moyenne,Document officiel trouvé et examiné,,https://data.energystar.gov/Active-Specifications/ENERGY-STAR-Certified-Mini-Split-Heat-Pumps/akti-mt5s
TOSOT,Charmo,TWH18R32DO,ductless,https://cdn.prod.website-files.com/69b5027b5ea007adabfb305d/69c444f787eee950f185b76d_TOSOT%20Full%20Product%20Catalog%202026.pdf,Catalogue fabricant PDF 2026,Gamme; modèle à confirmer,Moyenne,Document officiel trouvé et examiné,,https://data.energystar.gov/Active-Specifications/ENERGY-STAR-Certified-Mini-Split-Heat-Pumps/akti-mt5s
TOSOT,DC inverter rooftop unit,KH05TCNHA,central,https://cdn.prod.website-files.com/69b5027b5ea007adabfb305d/69c444f787eee950f185b76d_TOSOT%20Full%20Product%20Catalog%202026.pdf,Catalogue fabricant PDF 2026,Gamme; modèle à confirmer,Moyenne,Document officiel trouvé et examiné,,https://data.energystar.gov/Active-Specifications/ENERGY-STAR-Certified-Ducted-Heat-Pumps/3m3x-a2hy
TOSOT,E Series,TU18-R32WEDU,central,https://cdn.prod.website-files.com/69b5027b5ea007adabfb305d/69c444f787eee950f185b76d_TOSOT%20Full%20Product%20Catalog%202026.pdf,Catalogue fabricant PDF 2026,Gamme; modèle à confirmer,Moyenne,Document officiel trouvé et examiné,,https://data.energystar.gov/Active-Specifications/ENERGY-STAR-Certified-Ducted-Heat-Pumps/3m3x-a2hy
TOSOT,E Series,TU24-R32WEDU,central,https://cdn.prod.website-files.com/69b5027b5ea007adabfb305d/69c444f787eee950f185b76d_TOSOT%20Full%20Product%20Catalog%202026.pdf,Catalogue fabricant PDF 2026,Gamme; modèle à confirmer,Moyenne,Document officiel trouvé et examiné,,https://data.energystar.gov/Active-Specifications/ENERGY-STAR-Certified-Ducted-Heat-Pumps/3m3x-a2hy
TOSOT,E Series,TU48-R32WEDU,central,https://cdn.prod.website-files.com/69b5027b5ea007adabfb305d/69c444f787eee950f185b76d_TOSOT%20Full%20Product%20Catalog%202026.pdf,Catalogue fabricant PDF 2026,Gamme; modèle à confirmer,Moyenne,Document officiel trouvé et examiné,,https://data.energystar.gov/Active-Specifications/ENERGY-STAR-Certified-Ducted-Heat-Pumps/3m3x-a2hy
TOSOT,E Series,TUD18-12W2/NHE-D(U),central,https://cdn.prod.website-files.com/69b5027b5ea007adabfb305d/69c444f787eee950f185b76d_TOSOT%20Full%20Product%20Catalog%202026.pdf,Catalogue fabricant PDF 2026,Gamme; modèle à confirmer,Moyenne,Document officiel trouvé et examiné,,https://data.energystar.gov/Active-Specifications/ENERGY-STAR-Certified-Ducted-Heat-Pumps/3m3x-a2hy
TOSOT,E Series,TUD36-24W2/NHE-D(U),central,https://cdn.prod.website-files.com/69b5027b5ea007adabfb305d/69c444f787eee950f185b76d_TOSOT%20Full%20Product%20Catalog%202026.pdf,Catalogue fabricant PDF 2026,Gamme; modèle à confirmer,Moyenne,Document officiel trouvé et examiné,,https://data.energystar.gov/Active-Specifications/ENERGY-STAR-Certified-Ducted-Heat-Pumps/3m3x-a2hy
TOSOT,E Series,TUD60-48W2/NHE-D(U),central,https://cdn.prod.website-files.com/69b5027b5ea007adabfb305d/69c444f787eee950f185b76d_TOSOT%20Full%20Product%20Catalog%202026.pdf,Catalogue fabricant PDF 2026,Gamme; modèle à confirmer,Moyenne,Document officiel trouvé et examiné,,https://data.energystar.gov/Active-Specifications/ENERGY-STAR-Certified-Ducted-Heat-Pumps/3m3x-a2hy
TOSOT,Free match | M-Series,TGWHD-60ND,ductless,https://cdn.prod.website-files.com/69b5027b5ea007adabfb305d/69c444f787eee950f185b76d_TOSOT%20Full%20Product%20Catalog%202026.pdf,Catalogue fabricant PDF 2026,Gamme; modèle à confirmer,Moyenne,Document officiel trouvé et examiné,,https://data.energystar.gov/Active-Specifications/ENERGY-STAR-Certified-Mini-Split-Heat-Pumps/akti-mt5s
TOSOT,Free match | M-Series,TM60WH21MO,ductless,https://cdn.prod.website-files.com/69b5027b5ea007adabfb305d/69c444f787eee950f185b76d_TOSOT%20Full%20Product%20Catalog%202026.pdf,Catalogue fabricant PDF 2026,Gamme; modèle à confirmer,Moyenne,Document officiel trouvé et examiné,,https://data.energystar.gov/Active-Specifications/ENERGY-STAR-Certified-Mini-Split-Heat-Pumps/akti-mt5s
TOSOT,Free match | M-Series,TMH60D32MO,ductless,https://cdn.prod.website-files.com/69b5027b5ea007adabfb305d/69c444f787eee950f185b76d_TOSOT%20Full%20Product%20Catalog%202026.pdf,Catalogue fabricant PDF 2026,Gamme; modèle à confirmer,Moyenne,Document officiel trouvé et examiné,,https://data.energystar.gov/Active-Specifications/ENERGY-STAR-Certified-Mini-Split-Heat-Pumps/akti-mt5s
TOSOT,Free match | M-Series,TMSCI7H4R60,ductless,https://cdn.prod.website-files.com/69b5027b5ea007adabfb305d/69c444f787eee950f185b76d_TOSOT%20Full%20Product%20Catalog%202026.pdf,Catalogue fabricant PDF 2026,Gamme; modèle à confirmer,Moyenne,Document officiel trouvé et examiné,,https://data.energystar.gov/Active-Specifications/ENERGY-STAR-Certified-Mini-Split-Heat-Pumps/akti-mt5s
TOSOT,G Series,TUD30-24W2/NHG-D(U),central,https://cdn.prod.website-files.com/69b5027b5ea007adabfb305d/69c444f787eee950f185b76d_TOSOT%20Full%20Product%20Catalog%202026.pdf,Catalogue fabricant PDF 2026,Gamme; modèle à confirmer,Moyenne,Document officiel trouvé et examiné,,https://data.energystar.gov/Active-Specifications/ENERGY-STAR-Certified-Ducted-Heat-Pumps/3m3x-a2hy
TOSOT,G Series,TUD36-36W2/NHG-D(U),central,https://cdn.prod.website-files.com/69b5027b5ea007adabfb305d/69c444f787eee950f185b76d_TOSOT%20Full%20Product%20Catalog%202026.pdf,Catalogue fabricant PDF 2026,Gamme; modèle à confirmer,Moyenne,Document officiel trouvé et examiné,,https://data.energystar.gov/Active-Specifications/ENERGY-STAR-Certified-Ducted-Heat-Pumps/3m3x-a2hy
TOSOT,G Series,TUD60-48W2/NHG-D(U),central,https://cdn.prod.website-files.com/69b5027b5ea007adabfb305d/69c444f787eee950f185b76d_TOSOT%20Full%20Product%20Catalog%202026.pdf,Catalogue fabricant PDF 2026,Gamme; modèle à confirmer,Moyenne,Document officiel trouvé et examiné,,https://data.energystar.gov/Active-Specifications/ENERGY-STAR-Certified-Ducted-Heat-Pumps/3m3x-a2hy
TOSOT,Pular,TWH12JD32BO,ductless,https://cdn.prod.website-files.com/69b5027b5ea007adabfb305d/69c444f787eee950f185b76d_TOSOT%20Full%20Product%20Catalog%202026.pdf,Catalogue fabricant PDF 2026,Gamme; modèle à confirmer,Moyenne,Document officiel trouvé et examiné,,https://data.energystar.gov/Active-Specifications/ENERGY-STAR-Certified-Mini-Split-Heat-Pumps/akti-mt5s
Toyotomi,T-Pro24SEER,TIG12K115,ductless,,,,Non établi,Aucune brochure publique suffisamment précise confirmée après recherche approfondie,Code exact recherché dans les sources fabricant et index publics; ne pas associer un PDF générique.,https://data.energystar.gov/Active-Specifications/ENERGY-STAR-Certified-Mini-Split-Heat-Pumps/akti-mt5s
Toyotomi,T-Pro24SEER,TIG18K230,ductless,,,,Non établi,Aucune brochure publique suffisamment précise confirmée après recherche approfondie,Code exact recherché dans les sources fabricant et index publics; ne pas associer un PDF générique.,https://data.energystar.gov/Active-Specifications/ENERGY-STAR-Certified-Mini-Split-Heat-Pumps/akti-mt5s
Trane,15 Single-Stage Heat Pump | Silver 15,5TWR5042A1,central,https://www.trane.com/commercial/north-america/us/en/products-systems/packaged-units-and-split-systems/split-systems/split-system-ac-and-heat-pumps.html,Index technique fabricant,Série,Élevée,Document officiel trouvé et examiné,,https://data.energystar.gov/Active-Specifications/ENERGY-STAR-Certified-Ducted-Heat-Pumps/3m3x-a2hy
Trane,15 Single-Stage Heat Pump with WeatherGuard Top,5TWX5024A1,central,https://elibrary.tranetechnologies.com/,Bibliothèque fabricant,Série non appariée à un PDF exact,Moyenne,Portail officiel trouvé et vérifié; PDF exact à sélectionner lorsque précisé,,https://data.energystar.gov/Active-Specifications/ENERGY-STAR-Certified-Ducted-Heat-Pumps/3m3x-a2hy
Trane,15 Single-Stage Heat Pump with WeatherGuard Top,5TWX5030A1,central,https://elibrary.tranetechnologies.com/,Bibliothèque fabricant,Série non appariée à un PDF exact,Moyenne,Portail officiel trouvé et vérifié; PDF exact à sélectionner lorsque précisé,,https://data.energystar.gov/Active-Specifications/ENERGY-STAR-Certified-Ducted-Heat-Pumps/3m3x-a2hy
Trane,15 Single-Stage Heat Pump with WeatherGuard Top,5TWX5036A1,central,https://elibrary.tranetechnologies.com/,Bibliothèque fabricant,Série non appariée à un PDF exact,Moyenne,Portail officiel trouvé et vérifié; PDF exact à sélectionner lorsque précisé,,https://data.energystar.gov/Active-Specifications/ENERGY-STAR-Certified-Ducted-Heat-Pumps/3m3x-a2hy
Trane,15 Single-Stage Heat Pump with WeatherGuard Top,5TWX5042A1,central,https://elibrary.tranetechnologies.com/,Bibliothèque fabricant,Série non appariée à un PDF exact,Moyenne,Portail officiel trouvé et vérifié; PDF exact à sélectionner lorsque précisé,,https://data.energystar.gov/Active-Specifications/ENERGY-STAR-Certified-Ducted-Heat-Pumps/3m3x-a2hy
Trane,15 Single-Stage Heat Pump with WeatherGuard Top,5TWX5048A1,central,https://elibrary.tranetechnologies.com/,Bibliothèque fabricant,Série non appariée à un PDF exact,Moyenne,Portail officiel trouvé et vérifié; PDF exact à sélectionner lorsque précisé,,https://data.energystar.gov/Active-Specifications/ENERGY-STAR-Certified-Ducted-Heat-Pumps/3m3x-a2hy
Trane,15 Single-Stage Heat Pump,5TWR5024A1,central,https://www.trane.com/commercial/north-america/us/en/products-systems/packaged-units-and-split-systems/split-systems/split-system-ac-and-heat-pumps.html,Index technique fabricant,Série,Élevée,Document officiel trouvé et examiné,,https://data.energystar.gov/Active-Specifications/ENERGY-STAR-Certified-Ducted-Heat-Pumps/3m3x-a2hy
Trane,15 Single-Stage Heat Pump,5TWR5030A1,central,https://www.trane.com/commercial/north-america/us/en/products-systems/packaged-units-and-split-systems/split-systems/split-system-ac-and-heat-pumps.html,Index technique fabricant,Série,Élevée,Document officiel trouvé et examiné,,https://data.energystar.gov/Active-Specifications/ENERGY-STAR-Certified-Ducted-Heat-Pumps/3m3x-a2hy
Trane,15 Single-Stage Heat Pump,5TWR5036A1,central,https://www.trane.com/commercial/north-america/us/en/products-systems/packaged-units-and-split-systems/split-systems/split-system-ac-and-heat-pumps.html,Index technique fabricant,Série,Élevée,Document officiel trouvé et examiné,,https://data.energystar.gov/Active-Specifications/ENERGY-STAR-Certified-Ducted-Heat-Pumps/3m3x-a2hy
Trane,15 Single-Stage Heat Pump,5TWR5042A1,central,https://www.trane.com/commercial/north-america/us/en/products-systems/packaged-units-and-split-systems/split-systems/split-system-ac-and-heat-pumps.html,Index technique fabricant,Série,Élevée,Document officiel trouvé et examiné,,https://data.energystar.gov/Active-Specifications/ENERGY-STAR-Certified-Ducted-Heat-Pumps/3m3x-a2hy
Trane,15 Single-Stage Heat Pump,5TWR5048A1,central,https://www.trane.com/commercial/north-america/us/en/products-systems/packaged-units-and-split-systems/split-systems/split-system-ac-and-heat-pumps.html,Index technique fabricant,Série,Élevée,Document officiel trouvé et examiné,,https://data.energystar.gov/Active-Specifications/ENERGY-STAR-Certified-Ducted-Heat-Pumps/3m3x-a2hy
Trane,16 Single-Stage Heat Pump with WeatherGuard Top,5TWX6024A1,central,https://elibrary.tranetechnologies.com/public/residential-hvac/Literature/Installation%20Operation%20and%20Maintenance/ODR-SVX022A-EN_12132025.pdf,Manuel IOM fabricant,Série exacte,Élevée,Document officiel trouvé et examiné,,https://data.energystar.gov/Active-Specifications/ENERGY-STAR-Certified-Ducted-Heat-Pumps/3m3x-a2hy
Trane,16 Single-Stage Heat Pump with WeatherGuard Top,5TWX6030A1,central,https://elibrary.tranetechnologies.com/public/residential-hvac/Literature/Installation%20Operation%20and%20Maintenance/ODR-SVX022A-EN_12132025.pdf,Manuel IOM fabricant,Série exacte,Élevée,Document officiel trouvé et examiné,,https://data.energystar.gov/Active-Specifications/ENERGY-STAR-Certified-Ducted-Heat-Pumps/3m3x-a2hy
Trane,16 Single-Stage Heat Pump with WeatherGuard Top,5TWX6036A1,central,https://elibrary.tranetechnologies.com/public/residential-hvac/Literature/Installation%20Operation%20and%20Maintenance/ODR-SVX022A-EN_12132025.pdf,Manuel IOM fabricant,Série exacte,Élevée,Document officiel trouvé et examiné,,https://data.energystar.gov/Active-Specifications/ENERGY-STAR-Certified-Ducted-Heat-Pumps/3m3x-a2hy
Trane,16 Single-Stage Heat Pump with WeatherGuard Top,5TWX6042A1,central,https://elibrary.tranetechnologies.com/public/residential-hvac/Literature/Installation%20Operation%20and%20Maintenance/ODR-SVX022A-EN_12132025.pdf,Manuel IOM fabricant,Série exacte,Élevée,Document officiel trouvé et examiné,,https://data.energystar.gov/Active-Specifications/ENERGY-STAR-Certified-Ducted-Heat-Pumps/3m3x-a2hy
Trane,16 Single-Stage Heat Pump with WeatherGuard Top,5TWX6048A1,central,https://elibrary.tranetechnologies.com/public/residential-hvac/Literature/Installation%20Operation%20and%20Maintenance/ODR-SVX022A-EN_12132025.pdf,Manuel IOM fabricant,Série exacte,Élevée,Document officiel trouvé et examiné,,https://data.energystar.gov/Active-Specifications/ENERGY-STAR-Certified-Ducted-Heat-Pumps/3m3x-a2hy
Trane,16 Single-Stage Heat Pump,5TWR6024A1,central,https://elibrary.tranetechnologies.com/public/residential-hvac/Literature/Installation%20Operation%20and%20Maintenance/ODR-SVX024B-EN_04172026.pdf,Manuel IOM fabricant,Série exacte,Élevée,Document officiel trouvé et examiné,,https://data.energystar.gov/Active-Specifications/ENERGY-STAR-Certified-Ducted-Heat-Pumps/3m3x-a2hy
Trane,16 Single-Stage Heat Pump,5TWR6030A1,central,https://elibrary.tranetechnologies.com/public/residential-hvac/Literature/Installation%20Operation%20and%20Maintenance/ODR-SVX024B-EN_04172026.pdf,Manuel IOM fabricant,Série exacte,Élevée,Document officiel trouvé et examiné,,https://data.energystar.gov/Active-Specifications/ENERGY-STAR-Certified-Ducted-Heat-Pumps/3m3x-a2hy
Trane,16 Single-Stage Heat Pump,5TWR6036A1,central,https://elibrary.tranetechnologies.com/public/residential-hvac/Literature/Installation%20Operation%20and%20Maintenance/ODR-SVX024B-EN_04172026.pdf,Manuel IOM fabricant,Série exacte,Élevée,Document officiel trouvé et examiné,,https://data.energystar.gov/Active-Specifications/ENERGY-STAR-Certified-Ducted-Heat-Pumps/3m3x-a2hy
Trane,16 Single-Stage Heat Pump,5TWR6042A1,central,https://elibrary.tranetechnologies.com/public/residential-hvac/Literature/Installation%20Operation%20and%20Maintenance/ODR-SVX024B-EN_04172026.pdf,Manuel IOM fabricant,Série exacte,Élevée,Document officiel trouvé et examiné,,https://data.energystar.gov/Active-Specifications/ENERGY-STAR-Certified-Ducted-Heat-Pumps/3m3x-a2hy
Trane,16 Single-Stage Heat Pump,5TWR6048A1,central,https://elibrary.tranetechnologies.com/public/residential-hvac/Literature/Installation%20Operation%20and%20Maintenance/ODR-SVX024B-EN_04172026.pdf,Manuel IOM fabricant,Série exacte,Élevée,Document officiel trouvé et examiné,,https://data.energystar.gov/Active-Specifications/ENERGY-STAR-Certified-Ducted-Heat-Pumps/3m3x-a2hy
Trane,16 Single-Stage Heat Pump,5TWR6060A1,central,https://elibrary.tranetechnologies.com/public/residential-hvac/Literature/Installation%20Operation%20and%20Maintenance/ODR-SVX024B-EN_04172026.pdf,Manuel IOM fabricant,Série exacte,Élevée,Document officiel trouvé et examiné,,https://data.energystar.gov/Active-Specifications/ENERGY-STAR-Certified-Ducted-Heat-Pumps/3m3x-a2hy
Trane,17 Multi-Speed Heat Pump with WeatherGuard Top,5TWX7024A1,central,https://www.trane.com/residential/en/products/heat-pumps/priority-17-wg/,Page fabricant avec brochure,Série et modèles,Élevée,Portail officiel trouvé et vérifié; PDF exact à sélectionner lorsque précisé,,https://data.energystar.gov/Active-Specifications/ENERGY-STAR-Certified-Ducted-Heat-Pumps/3m3x-a2hy
Trane,17 Multi-Speed Heat Pump with WeatherGuard Top,5TWX7036A1,central,https://www.trane.com/residential/en/products/heat-pumps/priority-17-wg/,Page fabricant avec brochure,Série et modèles,Élevée,Portail officiel trouvé et vérifié; PDF exact à sélectionner lorsque précisé,,https://data.energystar.gov/Active-Specifications/ENERGY-STAR-Certified-Ducted-Heat-Pumps/3m3x-a2hy
Trane,17 Multi-Speed Heat Pump with WeatherGuard Top,5TWX7048A1,central,https://www.trane.com/residential/en/products/heat-pumps/priority-17-wg/,Page fabricant avec brochure,Série et modèles,Élevée,Portail officiel trouvé et vérifié; PDF exact à sélectionner lorsque précisé,,https://data.energystar.gov/Active-Specifications/ENERGY-STAR-Certified-Ducted-Heat-Pumps/3m3x-a2hy
Trane,17 Multi-Speed Heat Pump with WeatherGuard Top,5TWX7060A1,central,https://www.trane.com/residential/en/products/heat-pumps/priority-17-wg/,Page fabricant avec brochure,Série et modèles,Élevée,Portail officiel trouvé et vérifié; PDF exact à sélectionner lorsque précisé,,https://data.energystar.gov/Active-Specifications/ENERGY-STAR-Certified-Ducted-Heat-Pumps/3m3x-a2hy
Trane,17 Multi-Speed Heat Pump,5TWR7024A1,central,https://www.trane.com/commercial/north-america/us/en/products-systems/packaged-units-and-split-systems/split-systems/split-system-ac-and-heat-pumps.html,Index technique fabricant,Série,Élevée,Document officiel trouvé et examiné,,https://data.energystar.gov/Active-Specifications/ENERGY-STAR-Certified-Ducted-Heat-Pumps/3m3x-a2hy
Trane,17 Multi-Speed Heat Pump,5TWR7036A1,central,https://www.trane.com/commercial/north-america/us/en/products-systems/packaged-units-and-split-systems/split-systems/split-system-ac-and-heat-pumps.html,Index technique fabricant,Série,Élevée,Document officiel trouvé et examiné,,https://data.energystar.gov/Active-Specifications/ENERGY-STAR-Certified-Ducted-Heat-Pumps/3m3x-a2hy
Trane,17 Multi-Speed Heat Pump,5TWR7048A1,central,https://www.trane.com/commercial/north-america/us/en/products-systems/packaged-units-and-split-systems/split-systems/split-system-ac-and-heat-pumps.html,Index technique fabricant,Série,Élevée,Document officiel trouvé et examiné,,https://data.energystar.gov/Active-Specifications/ENERGY-STAR-Certified-Ducted-Heat-Pumps/3m3x-a2hy
Trane,17 Multi-Speed Heat Pump,5TWR7060A1,central,https://www.trane.com/commercial/north-america/us/en/products-systems/packaged-units-and-split-systems/split-systems/split-system-ac-and-heat-pumps.html,Index technique fabricant,Série,Élevée,Document officiel trouvé et examiné,,https://data.energystar.gov/Active-Specifications/ENERGY-STAR-Certified-Ducted-Heat-Pumps/3m3x-a2hy
Trane,18 TruComfort Variable Speed Heat Pump,5TWV8X48A1,central,https://www.trane.com/commercial/north-america/us/en/products-systems/packaged-units-and-split-systems/split-systems/split-system-ac-and-heat-pumps.html,Index technique fabricant,Série,Élevée,Document officiel trouvé et examiné,,https://data.energystar.gov/Active-Specifications/ENERGY-STAR-Certified-Ducted-Heat-Pumps/3m3x-a2hy
Trane,38 Series,4TXK3818A10NU**,ductless,https://elibrary.tranetechnologies.com/,Bibliothèque fabricant,Série non appariée à un PDF exact,Moyenne,Portail officiel trouvé et vérifié; PDF exact à sélectionner lorsque précisé,Même référence observée sous deux marques; marque réelle à réconcilier.,https://data.energystar.gov/Active-Specifications/ENERGY-STAR-Certified-Mini-Split-Heat-Pumps/akti-mt5s
TURBOFIN,T-pro,HP12TFEXTR454B,ductless,,,,Non établi,Aucune brochure publique suffisamment précise confirmée après recherche approfondie,Code exact recherché dans les sources fabricant et index publics; ne pas associer un PDF générique.,https://data.energystar.gov/Active-Specifications/ENERGY-STAR-Certified-Mini-Split-Heat-Pumps/akti-mt5s
TURBOFIN,T-pro,HP18TFEXTR454B*,ductless,,,,Non établi,Aucune brochure publique suffisamment précise confirmée après recherche approfondie,Code exact recherché dans les sources fabricant et index publics; ne pas associer un PDF générique.,https://data.energystar.gov/Active-Specifications/ENERGY-STAR-Certified-Mini-Split-Heat-Pumps/akti-mt5s
TURBOFIN,T-pro,HP18TFEXTR454B,ductless,,,,Non établi,Aucune brochure publique suffisamment précise confirmée après recherche approfondie,Code exact recherché dans les sources fabricant et index publics; ne pas associer un PDF générique.,https://data.energystar.gov/Active-Specifications/ENERGY-STAR-Certified-Mini-Split-Heat-Pumps/akti-mt5s
TURBOFIN,T-pro,HP24TFEXTR454B,ductless,,,,Non établi,Aucune brochure publique suffisamment précise confirmée après recherche approfondie,Code exact recherché dans les sources fabricant et index publics; ne pas associer un PDF générique.,https://data.energystar.gov/Active-Specifications/ENERGY-STAR-Certified-Mini-Split-Heat-Pumps/akti-mt5s
TURBRO,Lapland,LL12K11-O,ductless,,,,Non établi,Aucune brochure publique suffisamment précise confirmée après recherche approfondie,Code exact recherché dans les sources fabricant et index publics; ne pas associer un PDF générique.,https://data.energystar.gov/Active-Specifications/ENERGY-STAR-Certified-Mini-Split-Heat-Pumps/akti-mt5s
TURBRO,Lapland,LL12K23-O,ductless,,,,Non établi,Aucune brochure publique suffisamment précise confirmée après recherche approfondie,Code exact recherché dans les sources fabricant et index publics; ne pas associer un PDF générique.,https://data.energystar.gov/Active-Specifications/ENERGY-STAR-Certified-Mini-Split-Heat-Pumps/akti-mt5s
TURBRO,Lapland,LL18K-O,ductless,,,,Non établi,Aucune brochure publique suffisamment précise confirmée après recherche approfondie,Code exact recherché dans les sources fabricant et index publics; ne pas associer un PDF générique.,https://data.energystar.gov/Active-Specifications/ENERGY-STAR-Certified-Mini-Split-Heat-Pumps/akti-mt5s
TURBRO,Lapland,LL24K-O,ductless,,,,Non établi,Aucune brochure publique suffisamment précise confirmée après recherche approfondie,Code exact recherché dans les sources fabricant et index publics; ne pas associer un PDF générique.,https://data.energystar.gov/Active-Specifications/ENERGY-STAR-Certified-Mini-Split-Heat-Pumps/akti-mt5s
TURCOTTE,T-pro,HP12TUEXTR454B*,ductless,,,,Non établi,Aucune brochure publique suffisamment précise confirmée après recherche approfondie,Code exact recherché dans les sources fabricant et index publics; ne pas associer un PDF générique.,https://data.energystar.gov/Active-Specifications/ENERGY-STAR-Certified-Mini-Split-Heat-Pumps/akti-mt5s
TURCOTTE,T-pro,HP12TUEXTR454B,ductless,,,,Non établi,Aucune brochure publique suffisamment précise confirmée après recherche approfondie,Code exact recherché dans les sources fabricant et index publics; ne pas associer un PDF générique.,https://data.energystar.gov/Active-Specifications/ENERGY-STAR-Certified-Mini-Split-Heat-Pumps/akti-mt5s
UTL,SIDE-DISCHARGE,UCHA-24HDCSN2,central,,,,Non établi,Aucune brochure publique suffisamment précise confirmée après recherche approfondie,Code exact recherché dans les sources fabricant et index publics; ne pas associer un PDF générique.,https://data.energystar.gov/Active-Specifications/ENERGY-STAR-Certified-Ducted-Heat-Pumps/3m3x-a2hy
UTL,SIDE-DISCHARGE,UCHA-24HDCSN4,central,,,,Non établi,Aucune brochure publique suffisamment précise confirmée après recherche approfondie,Code exact recherché dans les sources fabricant et index publics; ne pas associer un PDF générique.,https://data.energystar.gov/Active-Specifications/ENERGY-STAR-Certified-Ducted-Heat-Pumps/3m3x-a2hy
UTL,SIDE-DISCHARGE,UCHA-36HDCSN2,central,,,,Non établi,Aucune brochure publique suffisamment précise confirmée après recherche approfondie,Code exact recherché dans les sources fabricant et index publics; ne pas associer un PDF générique.,https://data.energystar.gov/Active-Specifications/ENERGY-STAR-Certified-Ducted-Heat-Pumps/3m3x-a2hy
UTL,SIDE-DISCHARGE,UCHA-36HDCSN4,central,,,,Non établi,Aucune brochure publique suffisamment précise confirmée après recherche approfondie,Code exact recherché dans les sources fabricant et index publics; ne pas associer un PDF générique.,https://data.energystar.gov/Active-Specifications/ENERGY-STAR-Certified-Ducted-Heat-Pumps/3m3x-a2hy
UTL,SIDE-DISCHARGE,UCHA-48HDCSN2,central,,,,Non établi,Aucune brochure publique suffisamment précise confirmée après recherche approfondie,Code exact recherché dans les sources fabricant et index publics; ne pas associer un PDF générique.,https://data.energystar.gov/Active-Specifications/ENERGY-STAR-Certified-Ducted-Heat-Pumps/3m3x-a2hy
UTL,SIDE-DISCHARGE,UCHA-48HDCSN4,central,,,,Non établi,Aucune brochure publique suffisamment précise confirmée après recherche approfondie,Code exact recherché dans les sources fabricant et index publics; ne pas associer un PDF générique.,https://data.energystar.gov/Active-Specifications/ENERGY-STAR-Certified-Ducted-Heat-Pumps/3m3x-a2hy
UTL,SIDE-DISCHARGE,UCHA-60HDCSN2,central,,,,Non établi,Aucune brochure publique suffisamment précise confirmée après recherche approfondie,Code exact recherché dans les sources fabricant et index publics; ne pas associer un PDF générique.,https://data.energystar.gov/Active-Specifications/ENERGY-STAR-Certified-Ducted-Heat-Pumps/3m3x-a2hy
UTL,SIDE-DISCHARGE,UCHA-60HDCSN4,central,,,,Non établi,Aucune brochure publique suffisamment précise confirmée après recherche approfondie,Code exact recherché dans les sources fabricant et index publics; ne pas associer un PDF générique.,https://data.energystar.gov/Active-Specifications/ENERGY-STAR-Certified-Ducted-Heat-Pumps/3m3x-a2hy
UTL,T* Series,UCHA-24HDCT*,central,,,,Non établi,Aucune brochure publique suffisamment précise confirmée après recherche approfondie,Code exact recherché dans les sources fabricant et index publics; ne pas associer un PDF générique.,https://data.energystar.gov/Active-Specifications/ENERGY-STAR-Certified-Ducted-Heat-Pumps/3m3x-a2hy
UTL,T* Series,UCHA-36HDCT*,central,,,,Non établi,Aucune brochure publique suffisamment précise confirmée après recherche approfondie,Code exact recherché dans les sources fabricant et index publics; ne pas associer un PDF générique.,https://data.energystar.gov/Active-Specifications/ENERGY-STAR-Certified-Ducted-Heat-Pumps/3m3x-a2hy
UTL,T* Series,UCHA-48HDCT*,central,,,,Non établi,Aucune brochure publique suffisamment précise confirmée après recherche approfondie,Code exact recherché dans les sources fabricant et index publics; ne pas associer un PDF générique.,https://data.energystar.gov/Active-Specifications/ENERGY-STAR-Certified-Ducted-Heat-Pumps/3m3x-a2hy
UTL,T* Series,UCHA-60HDCT*,central,,,,Non établi,Aucune brochure publique suffisamment précise confirmée après recherche approfondie,Code exact recherché dans les sources fabricant et index publics; ne pas associer un PDF générique.,https://data.energystar.gov/Active-Specifications/ENERGY-STAR-Certified-Ducted-Heat-Pumps/3m3x-a2hy
UTL,TOP-DISCHARGE,UCHA-24HDCTRN2,central,,,,Non établi,Aucune brochure publique suffisamment précise confirmée après recherche approfondie,Code exact recherché dans les sources fabricant et index publics; ne pas associer un PDF générique.,https://data.energystar.gov/Active-Specifications/ENERGY-STAR-Certified-Ducted-Heat-Pumps/3m3x-a2hy
UTL,TOP-DISCHARGE,UCHA-36HDCTRN2,central,,,,Non établi,Aucune brochure publique suffisamment précise confirmée après recherche approfondie,Code exact recherché dans les sources fabricant et index publics; ne pas associer un PDF générique.,https://data.energystar.gov/Active-Specifications/ENERGY-STAR-Certified-Ducted-Heat-Pumps/3m3x-a2hy
UTL,TOP-DISCHARGE,UCHA-48HDCTRN2,central,,,,Non établi,Aucune brochure publique suffisamment précise confirmée après recherche approfondie,Code exact recherché dans les sources fabricant et index publics; ne pas associer un PDF générique.,https://data.energystar.gov/Active-Specifications/ENERGY-STAR-Certified-Ducted-Heat-Pumps/3m3x-a2hy
UTL,TOP-DISCHARGE,UCHA-60HDCTRN2,central,,,,Non établi,Aucune brochure publique suffisamment précise confirmée après recherche approfondie,Code exact recherché dans les sources fabricant et index publics; ne pas associer un PDF générique.,https://data.energystar.gov/Active-Specifications/ENERGY-STAR-Certified-Ducted-Heat-Pumps/3m3x-a2hy
UTL,Wall-Mount AHU,UCHA-18HFDCSN4,central,,,,Non établi,Aucune brochure publique suffisamment précise confirmée après recherche approfondie,Code exact recherché dans les sources fabricant et index publics; ne pas associer un PDF générique.,https://data.energystar.gov/Active-Specifications/ENERGY-STAR-Certified-Ducted-Heat-Pumps/3m3x-a2hy
UTL,Wall-Mount AHU,UCHA-24HFDCSN4,central,,,,Non établi,Aucune brochure publique suffisamment précise confirmée après recherche approfondie,Code exact recherché dans les sources fabricant et index publics; ne pas associer un PDF générique.,https://data.energystar.gov/Active-Specifications/ENERGY-STAR-Certified-Ducted-Heat-Pumps/3m3x-a2hy
UTL,Wall-Mount AHU,UCHA-30HFDCSN4,central,,,,Non établi,Aucune brochure publique suffisamment précise confirmée après recherche approfondie,Code exact recherché dans les sources fabricant et index publics; ne pas associer un PDF générique.,https://data.energystar.gov/Active-Specifications/ENERGY-STAR-Certified-Ducted-Heat-Pumps/3m3x-a2hy
UTL,Wall-Mount AHU,UCHA-36HFDCSN4,central,,,,Non établi,Aucune brochure publique suffisamment précise confirmée après recherche approfondie,Code exact recherché dans les sources fabricant et index publics; ne pas associer un PDF générique.,https://data.energystar.gov/Active-Specifications/ENERGY-STAR-Certified-Ducted-Heat-Pumps/3m3x-a2hy
VENTAGEN,TPRO,TSVH09EI2N24TO454,ductless,,,,Non établi,Aucune brochure publique suffisamment précise confirmée après recherche approfondie,Code exact recherché dans les sources fabricant et index publics; ne pas associer un PDF générique.,https://data.energystar.gov/Active-Specifications/ENERGY-STAR-Certified-Mini-Split-Heat-Pumps/akti-mt5s
VENTAGEN,TPRO,TSVH09HEI2N24O454,ductless,,,,Non établi,Aucune brochure publique suffisamment précise confirmée après recherche approfondie,Code exact recherché dans les sources fabricant et index publics; ne pas associer un PDF générique.,https://data.energystar.gov/Active-Specifications/ENERGY-STAR-Certified-Mini-Split-Heat-Pumps/akti-mt5s
VENTAGEN,TPRO,TSVH12EI2N24TO454,ductless,,,,Non établi,Aucune brochure publique suffisamment précise confirmée après recherche approfondie,Code exact recherché dans les sources fabricant et index publics; ne pas associer un PDF générique.,https://data.energystar.gov/Active-Specifications/ENERGY-STAR-Certified-Mini-Split-Heat-Pumps/akti-mt5s
VENTAGEN,TPRO,TSVH12HEI2N24O454,ductless,,,,Non établi,Aucune brochure publique suffisamment précise confirmée après recherche approfondie,Code exact recherché dans les sources fabricant et index publics; ne pas associer un PDF générique.,https://data.energystar.gov/Active-Specifications/ENERGY-STAR-Certified-Mini-Split-Heat-Pumps/akti-mt5s
VENTAGEN,TPRO,TSVH12I2N23OV32,ductless,,,,Non établi,Aucune brochure publique suffisamment précise confirmée après recherche approfondie,Code exact recherché dans les sources fabricant et index publics; ne pas associer un PDF générique.,https://data.energystar.gov/Active-Specifications/ENERGY-STAR-Certified-Mini-Split-Heat-Pumps/akti-mt5s
VENTAGEN,TPRO,TSVH18EI2N24TO454,ductless,,,,Non établi,Aucune brochure publique suffisamment précise confirmée après recherche approfondie,Code exact recherché dans les sources fabricant et index publics; ne pas associer un PDF générique.,https://data.energystar.gov/Active-Specifications/ENERGY-STAR-Certified-Mini-Split-Heat-Pumps/akti-mt5s
VENTAGEN,TPRO,TSVH18HEI2N24O454,ductless,,,,Non établi,Aucune brochure publique suffisamment précise confirmée après recherche approfondie,Code exact recherché dans les sources fabricant et index publics; ne pas associer un PDF générique.,https://data.energystar.gov/Active-Specifications/ENERGY-STAR-Certified-Mini-Split-Heat-Pumps/akti-mt5s
VENTAGEN,TPRO,TSVH18I2N25OT32,ductless,,,,Non établi,Aucune brochure publique suffisamment précise confirmée après recherche approfondie,Code exact recherché dans les sources fabricant et index publics; ne pas associer un PDF générique.,https://data.energystar.gov/Active-Specifications/ENERGY-STAR-Certified-Mini-Split-Heat-Pumps/akti-mt5s
VENTAGEN,TPRO,TSVH24EI2N24TO454,ductless,,,,Non établi,Aucune brochure publique suffisamment précise confirmée après recherche approfondie,Code exact recherché dans les sources fabricant et index publics; ne pas associer un PDF générique.,https://data.energystar.gov/Active-Specifications/ENERGY-STAR-Certified-Mini-Split-Heat-Pumps/akti-mt5s
VENTAGEN,TPRO,TSVH24HEI2N24O454,ductless,,,,Non établi,Aucune brochure publique suffisamment précise confirmée après recherche approfondie,Code exact recherché dans les sources fabricant et index publics; ne pas associer un PDF générique.,https://data.energystar.gov/Active-Specifications/ENERGY-STAR-Certified-Mini-Split-Heat-Pumps/akti-mt5s
VENTAGEN,TPRO,TSVH24I2N21OV32,ductless,,,,Non établi,Aucune brochure publique suffisamment précise confirmée après recherche approfondie,Code exact recherché dans les sources fabricant et index publics; ne pas associer un PDF générique.,https://data.energystar.gov/Active-Specifications/ENERGY-STAR-Certified-Mini-Split-Heat-Pumps/akti-mt5s
VENTAGEN,TPRO,TV2H18FM22X454,ductless,,,,Non établi,Aucune brochure publique suffisamment précise confirmée après recherche approfondie,Code exact recherché dans les sources fabricant et index publics; ne pas associer un PDF générique.,https://data.energystar.gov/Active-Specifications/ENERGY-STAR-Certified-Mini-Split-Heat-Pumps/akti-mt5s
VENTAGEN,TPRO,TV3H27FM22X454,ductless,,,,Non établi,Aucune brochure publique suffisamment précise confirmée après recherche approfondie,Code exact recherché dans les sources fabricant et index publics; ne pas associer un PDF générique.,https://data.energystar.gov/Active-Specifications/ENERGY-STAR-Certified-Mini-Split-Heat-Pumps/akti-mt5s
VENTAGEN,TPRO,TV4H36FM21X454,ductless,,,,Non établi,Aucune brochure publique suffisamment précise confirmée après recherche approfondie,Code exact recherché dans les sources fabricant et index publics; ne pas associer un PDF générique.,https://data.energystar.gov/Active-Specifications/ENERGY-STAR-Certified-Mini-Split-Heat-Pumps/akti-mt5s
VENTAGEN,TPRO,TV5H42FM20X454,ductless,,,,Non établi,Aucune brochure publique suffisamment précise confirmée après recherche approfondie,Code exact recherché dans les sources fabricant et index publics; ne pas associer un PDF générique.,https://data.energystar.gov/Active-Specifications/ENERGY-STAR-Certified-Mini-Split-Heat-Pumps/akti-mt5s
Viessmann,D5C Series,D5CUHAH18AAK,central,https://www.viessmann.ca/en/services/downloads.html,Bibliothèque fabricant,Marque; rechercher le modèle,Moyenne,Portail officiel trouvé et vérifié; PDF exact à sélectionner lorsque précisé,,https://data.energystar.gov/Active-Specifications/ENERGY-STAR-Certified-Ducted-Heat-Pumps/3m3x-a2hy
Viessmann,D5C Series,D5CUHAH24AAK,central,https://www.viessmann.ca/en/services/downloads.html,Bibliothèque fabricant,Marque; rechercher le modèle,Moyenne,Portail officiel trouvé et vérifié; PDF exact à sélectionner lorsque précisé,,https://data.energystar.gov/Active-Specifications/ENERGY-STAR-Certified-Ducted-Heat-Pumps/3m3x-a2hy
Viessmann,D5C Series,D5CUHAH30AAK,central,https://www.viessmann.ca/en/services/downloads.html,Bibliothèque fabricant,Marque; rechercher le modèle,Moyenne,Portail officiel trouvé et vérifié; PDF exact à sélectionner lorsque précisé,,https://data.energystar.gov/Active-Specifications/ENERGY-STAR-Certified-Ducted-Heat-Pumps/3m3x-a2hy
Viessmann,D5C Series,D5CUHAH36AAK,central,https://www.viessmann.ca/en/services/downloads.html,Bibliothèque fabricant,Marque; rechercher le modèle,Moyenne,Portail officiel trouvé et vérifié; PDF exact à sélectionner lorsque précisé,,https://data.energystar.gov/Active-Specifications/ENERGY-STAR-Certified-Ducted-Heat-Pumps/3m3x-a2hy
Viessmann,D5C Series,D5CURAH18AAK,central,https://www.viessmann.ca/en/services/downloads.html,Bibliothèque fabricant,Marque; rechercher le modèle,Moyenne,Portail officiel trouvé et vérifié; PDF exact à sélectionner lorsque précisé,,https://data.energystar.gov/Active-Specifications/ENERGY-STAR-Certified-Ducted-Heat-Pumps/3m3x-a2hy
Viessmann,D5C Series,D5CURAH24AAK,central,https://www.viessmann.ca/en/services/downloads.html,Bibliothèque fabricant,Marque; rechercher le modèle,Moyenne,Portail officiel trouvé et vérifié; PDF exact à sélectionner lorsque précisé,,https://data.energystar.gov/Active-Specifications/ENERGY-STAR-Certified-Ducted-Heat-Pumps/3m3x-a2hy
Viessmann,D5C Series,D5CURAH30AAK,central,https://www.viessmann.ca/en/services/downloads.html,Bibliothèque fabricant,Marque; rechercher le modèle,Moyenne,Portail officiel trouvé et vérifié; PDF exact à sélectionner lorsque précisé,,https://data.energystar.gov/Active-Specifications/ENERGY-STAR-Certified-Ducted-Heat-Pumps/3m3x-a2hy
Viessmann,D5C Series,D5CURAH36AAK,central,https://www.viessmann.ca/en/services/downloads.html,Bibliothèque fabricant,Marque; rechercher le modèle,Moyenne,Portail officiel trouvé et vérifié; PDF exact à sélectionner lorsque précisé,,https://data.energystar.gov/Active-Specifications/ENERGY-STAR-Certified-Ducted-Heat-Pumps/3m3x-a2hy
VINO,Nora,VMH12A3-VA1B3NB(O),ductless,,,,Non établi,Aucune brochure publique suffisamment précise confirmée après recherche approfondie,Code exact recherché dans les sources fabricant et index publics; ne pas associer un PDF générique.,https://data.energystar.gov/Active-Specifications/ENERGY-STAR-Certified-Mini-Split-Heat-Pumps/akti-mt5s
VINO,Nora,VMH18A4-VA1B3NB(O),ductless,,,,Non établi,Aucune brochure publique suffisamment précise confirmée après recherche approfondie,Code exact recherché dans les sources fabricant et index publics; ne pas associer un PDF générique.,https://data.energystar.gov/Active-Specifications/ENERGY-STAR-Certified-Mini-Split-Heat-Pumps/akti-mt5s
VINO,Nora,VMH24A5-VA1B3NB(O),ductless,,,,Non établi,Aucune brochure publique suffisamment précise confirmée après recherche approfondie,Code exact recherché dans les sources fabricant et index publics; ne pas associer un PDF générique.,https://data.energystar.gov/Active-Specifications/ENERGY-STAR-Certified-Mini-Split-Heat-Pumps/akti-mt5s
VINO,VSHP,VUH24-VA6BA(O),central,,,,Non établi,Aucune brochure publique suffisamment précise confirmée après recherche approfondie,Code exact recherché dans les sources fabricant et index publics; ne pas associer un PDF générique.,https://data.energystar.gov/Active-Specifications/ENERGY-STAR-Certified-Ducted-Heat-Pumps/3m3x-a2hy
VINO,VSHP,VUH48-VA6BA(O),central,,,,Non établi,Aucune brochure publique suffisamment précise confirmée après recherche approfondie,Code exact recherché dans les sources fabricant et index publics; ne pas associer un PDF générique.,https://data.energystar.gov/Active-Specifications/ENERGY-STAR-Certified-Ducted-Heat-Pumps/3m3x-a2hy
VINO,VSHP,VUH60-VA6BA(O),central,,,,Non établi,Aucune brochure publique suffisamment précise confirmée après recherche approfondie,Code exact recherché dans les sources fabricant et index publics; ne pas associer un PDF générique.,https://data.energystar.gov/Active-Specifications/ENERGY-STAR-Certified-Ducted-Heat-Pumps/3m3x-a2hy
VKIN,AHU,UCHA-24HDCT,central,,,,Non établi,Aucune brochure publique suffisamment précise confirmée après recherche approfondie,Code exact recherché dans les sources fabricant et index publics; ne pas associer un PDF générique.,https://data.energystar.gov/Active-Specifications/ENERGY-STAR-Certified-Ducted-Heat-Pumps/3m3x-a2hy
VKIN,AHU,UCHA-36HDCT,central,,,,Non établi,Aucune brochure publique suffisamment précise confirmée après recherche approfondie,Code exact recherché dans les sources fabricant et index publics; ne pas associer un PDF générique.,https://data.energystar.gov/Active-Specifications/ENERGY-STAR-Certified-Ducted-Heat-Pumps/3m3x-a2hy
VKIN,AHU,UCHA-48HDCT,central,,,,Non établi,Aucune brochure publique suffisamment précise confirmée après recherche approfondie,Code exact recherché dans les sources fabricant et index publics; ne pas associer un PDF générique.,https://data.energystar.gov/Active-Specifications/ENERGY-STAR-Certified-Ducted-Heat-Pumps/3m3x-a2hy
VKIN,AHU,UCHA-60HDCT,central,,,,Non établi,Aucune brochure publique suffisamment précise confirmée après recherche approfondie,Code exact recherché dans les sources fabricant et index publics; ne pas associer un PDF générique.,https://data.energystar.gov/Active-Specifications/ENERGY-STAR-Certified-Ducted-Heat-Pumps/3m3x-a2hy
VKIN,SIDE-DISCHARGE,UCHA-24HDCSN4,central,,,,Non établi,Aucune brochure publique suffisamment précise confirmée après recherche approfondie,Code exact recherché dans les sources fabricant et index publics; ne pas associer un PDF générique.,https://data.energystar.gov/Active-Specifications/ENERGY-STAR-Certified-Ducted-Heat-Pumps/3m3x-a2hy
VKIN,SIDE-DISCHARGE,UCHA-36HDCSN4,central,,,,Non établi,Aucune brochure publique suffisamment précise confirmée après recherche approfondie,Code exact recherché dans les sources fabricant et index publics; ne pas associer un PDF générique.,https://data.energystar.gov/Active-Specifications/ENERGY-STAR-Certified-Ducted-Heat-Pumps/3m3x-a2hy
VKIN,SIDE-DISCHARGE,UCHA-48HDCSN4,central,,,,Non établi,Aucune brochure publique suffisamment précise confirmée après recherche approfondie,Code exact recherché dans les sources fabricant et index publics; ne pas associer un PDF générique.,https://data.energystar.gov/Active-Specifications/ENERGY-STAR-Certified-Ducted-Heat-Pumps/3m3x-a2hy
VKIN,SIDE-DISCHARGE,UCHA-60HDCSN4,central,,,,Non établi,Aucune brochure publique suffisamment précise confirmée après recherche approfondie,Code exact recherché dans les sources fabricant et index publics; ne pas associer un PDF générique.,https://data.energystar.gov/Active-Specifications/ENERGY-STAR-Certified-Ducted-Heat-Pumps/3m3x-a2hy
VKIN,T-pro,URHT-12WDC1N4,ductless,,,,Non établi,Aucune brochure publique suffisamment précise confirmée après recherche approfondie,Code exact recherché dans les sources fabricant et index publics; ne pas associer un PDF générique.,https://data.energystar.gov/Active-Specifications/ENERGY-STAR-Certified-Mini-Split-Heat-Pumps/akti-mt5s
VKIN,T-pro,URHT-12WDCN4,ductless,,,,Non établi,Aucune brochure publique suffisamment précise confirmée après recherche approfondie,Code exact recherché dans les sources fabricant et index publics; ne pas associer un PDF générique.,https://data.energystar.gov/Active-Specifications/ENERGY-STAR-Certified-Mini-Split-Heat-Pumps/akti-mt5s
VKIN,T-pro,URHT-18FM2N4,ductless,,,,Non établi,Aucune brochure publique suffisamment précise confirmée après recherche approfondie,Code exact recherché dans les sources fabricant et index publics; ne pas associer un PDF générique.,https://data.energystar.gov/Active-Specifications/ENERGY-STAR-Certified-Mini-Split-Heat-Pumps/akti-mt5s
VKIN,T-pro,URHT-18WDCN4,ductless,,,,Non établi,Aucune brochure publique suffisamment précise confirmée après recherche approfondie,Code exact recherché dans les sources fabricant et index publics; ne pas associer un PDF générique.,https://data.energystar.gov/Active-Specifications/ENERGY-STAR-Certified-Mini-Split-Heat-Pumps/akti-mt5s
VKIN,T-pro,URHT-24WDCN4,ductless,,,,Non établi,Aucune brochure publique suffisamment précise confirmée après recherche approfondie,Code exact recherché dans les sources fabricant et index publics; ne pas associer un PDF générique.,https://data.energystar.gov/Active-Specifications/ENERGY-STAR-Certified-Mini-Split-Heat-Pumps/akti-mt5s
VKIN,T-pro,URHT-27FM3N4,ductless,,,,Non établi,Aucune brochure publique suffisamment précise confirmée après recherche approfondie,Code exact recherché dans les sources fabricant et index publics; ne pas associer un PDF générique.,https://data.energystar.gov/Active-Specifications/ENERGY-STAR-Certified-Mini-Split-Heat-Pumps/akti-mt5s
VKIN,T-pro,URHT-36FM4N4,ductless,,,,Non établi,Aucune brochure publique suffisamment précise confirmée après recherche approfondie,Code exact recherché dans les sources fabricant et index publics; ne pas associer un PDF générique.,https://data.energystar.gov/Active-Specifications/ENERGY-STAR-Certified-Mini-Split-Heat-Pumps/akti-mt5s
VKIN,T-pro,URHT-42FM5N4,ductless,,,,Non établi,Aucune brochure publique suffisamment précise confirmée après recherche approfondie,Code exact recherché dans les sources fabricant et index publics; ne pas associer un PDF générique.,https://data.energystar.gov/Active-Specifications/ENERGY-STAR-Certified-Mini-Split-Heat-Pumps/akti-mt5s
VKIN,T-pro,URHT-55FM6N4,ductless,,,,Non établi,Aucune brochure publique suffisamment précise confirmée après recherche approfondie,Code exact recherché dans les sources fabricant et index publics; ne pas associer un PDF générique.,https://data.energystar.gov/Active-Specifications/ENERGY-STAR-Certified-Mini-Split-Heat-Pumps/akti-mt5s
Voltas,MultiMax Vertis Series,VMTCUHC18VTS25,ductless,,,,Non établi,Aucune brochure publique suffisamment précise confirmée après recherche approfondie,Code exact recherché dans les sources fabricant et index publics; ne pas associer un PDF générique.,https://data.energystar.gov/Active-Specifications/ENERGY-STAR-Certified-Mini-Split-Heat-Pumps/akti-mt5s
Voltas,MultiMax Vertis Series,VMTCUHC27VTS25,ductless,,,,Non établi,Aucune brochure publique suffisamment précise confirmée après recherche approfondie,Code exact recherché dans les sources fabricant et index publics; ne pas associer un PDF générique.,https://data.energystar.gov/Active-Specifications/ENERGY-STAR-Certified-Mini-Split-Heat-Pumps/akti-mt5s
Voltas,MultiMax Vertis Series,VMTCUHC36VTS25,ductless,,,,Non établi,Aucune brochure publique suffisamment précise confirmée après recherche approfondie,Code exact recherché dans les sources fabricant et index publics; ne pas associer un PDF générique.,https://data.energystar.gov/Active-Specifications/ENERGY-STAR-Certified-Mini-Split-Heat-Pumps/akti-mt5s
Voltas,MultiMax Vertis Series,VMTCUHC42VTS25,ductless,,,,Non établi,Aucune brochure publique suffisamment précise confirmée après recherche approfondie,Code exact recherché dans les sources fabricant et index publics; ne pas associer un PDF générique.,https://data.energystar.gov/Active-Specifications/ENERGY-STAR-Certified-Mini-Split-Heat-Pumps/akti-mt5s
Voltas,Vertis Series,CU-VST09HC-WIFIDR25,ductless,,,,Non établi,Aucune brochure publique suffisamment précise confirmée après recherche approfondie,Code exact recherché dans les sources fabricant et index publics; ne pas associer un PDF générique.,https://data.energystar.gov/Active-Specifications/ENERGY-STAR-Certified-Mini-Split-Heat-Pumps/akti-mt5s
Voltas,Vertis Series,CU-VST18HC-WIFIDR25,ductless,,,,Non établi,Aucune brochure publique suffisamment précise confirmée après recherche approfondie,Code exact recherché dans les sources fabricant et index publics; ne pas associer un PDF générique.,https://data.energystar.gov/Active-Specifications/ENERGY-STAR-Certified-Mini-Split-Heat-Pumps/akti-mt5s
Voltas,Whole House Heat Pump Vertis Series-Coil,VAUWR-24HCDR2,central,,,,Non établi,Aucune brochure publique suffisamment précise confirmée après recherche approfondie,Code exact recherché dans les sources fabricant et index publics; ne pas associer un PDF générique.,https://data.energystar.gov/Active-Specifications/ENERGY-STAR-Certified-Ducted-Heat-Pumps/3m3x-a2hy
Voltas,Whole House Heat Pump Vertis Series-Coil,VAUWR-36HCDR2,central,,,,Non établi,Aucune brochure publique suffisamment précise confirmée après recherche approfondie,Code exact recherché dans les sources fabricant et index publics; ne pas associer un PDF générique.,https://data.energystar.gov/Active-Specifications/ENERGY-STAR-Certified-Ducted-Heat-Pumps/3m3x-a2hy
Voltas,Whole House Heat Pump Vertis Series-Coil,VAUWR-48HCDR2,central,,,,Non établi,Aucune brochure publique suffisamment précise confirmée après recherche approfondie,Code exact recherché dans les sources fabricant et index publics; ne pas associer un PDF générique.,https://data.energystar.gov/Active-Specifications/ENERGY-STAR-Certified-Ducted-Heat-Pumps/3m3x-a2hy
Voltas,Whole House Heat Pump Vertis Series-Coil,VAUWR-60HCDR2,central,,,,Non établi,Aucune brochure publique suffisamment précise confirmée après recherche approfondie,Code exact recherché dans les sources fabricant et index publics; ne pas associer un PDF générique.,https://data.energystar.gov/Active-Specifications/ENERGY-STAR-Certified-Ducted-Heat-Pumps/3m3x-a2hy
Voltas,Whole House Heat Pump Vertis Series,VAUWR-24HCDR2,central,,,,Non établi,Aucune brochure publique suffisamment précise confirmée après recherche approfondie,Code exact recherché dans les sources fabricant et index publics; ne pas associer un PDF générique.,https://data.energystar.gov/Active-Specifications/ENERGY-STAR-Certified-Ducted-Heat-Pumps/3m3x-a2hy
Voltas,Whole House Heat Pump Vertis Series,VAUWR-36HCDR2,central,,,,Non établi,Aucune brochure publique suffisamment précise confirmée après recherche approfondie,Code exact recherché dans les sources fabricant et index publics; ne pas associer un PDF générique.,https://data.energystar.gov/Active-Specifications/ENERGY-STAR-Certified-Ducted-Heat-Pumps/3m3x-a2hy
Voltas,Whole House Heat Pump Vertis Series,VAUWR-48HCDR2,central,,,,Non établi,Aucune brochure publique suffisamment précise confirmée après recherche approfondie,Code exact recherché dans les sources fabricant et index publics; ne pas associer un PDF générique.,https://data.energystar.gov/Active-Specifications/ENERGY-STAR-Certified-Ducted-Heat-Pumps/3m3x-a2hy
Voltas,Whole House Heat Pump Vertis Series,VAUWR-60HCDR2,central,,,,Non établi,Aucune brochure publique suffisamment précise confirmée après recherche approfondie,Code exact recherché dans les sources fabricant et index publics; ne pas associer un PDF générique.,https://data.energystar.gov/Active-Specifications/ENERGY-STAR-Certified-Ducted-Heat-Pumps/3m3x-a2hy
WeatherKing,CLASSIC SERIES,WP14AY60AJ2N,central,https://www.weatherking.com/product/weatherking-heat-pumps-wp14a/,Page fabricant avec documents,Série,Élevée,Portail officiel trouvé et vérifié; PDF exact à sélectionner lorsque précisé,,https://data.energystar.gov/Active-Specifications/ENERGY-STAR-Certified-Ducted-Heat-Pumps/3m3x-a2hy
WeatherKing,VERSUS,WP14AY42AJ2N,central,https://www.weatherking.com/product/weatherking-heat-pumps-wp14a/,Page fabricant avec documents,Série,Élevée,Portail officiel trouvé et vérifié; PDF exact à sélectionner lorsque précisé,,https://data.energystar.gov/Active-Specifications/ENERGY-STAR-Certified-Ducted-Heat-Pumps/3m3x-a2hy
Willis,Charmo,CHW12KCH18S2-O,ductless,,,,Non établi,Aucune brochure publique suffisamment précise confirmée après recherche approfondie,Code exact recherché dans les sources fabricant et index publics; ne pas associer un PDF générique.,https://data.energystar.gov/Active-Specifications/ENERGY-STAR-Certified-Mini-Split-Heat-Pumps/akti-mt5s
XTRON,C-Series,XH09MAA2DI-20US,ductless,,,,Non établi,Aucune brochure publique suffisamment précise confirmée après recherche approfondie,Code exact recherché dans les sources fabricant et index publics; ne pas associer un PDF générique.,https://data.energystar.gov/Active-Specifications/ENERGY-STAR-Certified-Mini-Split-Heat-Pumps/akti-mt5s
XTRON,C-Series,XH09MAA3DI-20US,ductless,,,,Non établi,Aucune brochure publique suffisamment précise confirmée après recherche approfondie,Code exact recherché dans les sources fabricant et index publics; ne pas associer un PDF générique.,https://data.energystar.gov/Active-Specifications/ENERGY-STAR-Certified-Mini-Split-Heat-Pumps/akti-mt5s
XTRON,C-Series,XH12MAA2DI-20US,ductless,,,,Non établi,Aucune brochure publique suffisamment précise confirmée après recherche approfondie,Code exact recherché dans les sources fabricant et index publics; ne pas associer un PDF générique.,https://data.energystar.gov/Active-Specifications/ENERGY-STAR-Certified-Mini-Split-Heat-Pumps/akti-mt5s
XTRON,C-Series,XH12MAA3DI-20US,ductless,,,,Non établi,Aucune brochure publique suffisamment précise confirmée après recherche approfondie,Code exact recherché dans les sources fabricant et index publics; ne pas associer un PDF générique.,https://data.energystar.gov/Active-Specifications/ENERGY-STAR-Certified-Mini-Split-Heat-Pumps/akti-mt5s
XTRON,C-Series,XH18MAA2DI-20US,ductless,,,,Non établi,Aucune brochure publique suffisamment précise confirmée après recherche approfondie,Code exact recherché dans les sources fabricant et index publics; ne pas associer un PDF générique.,https://data.energystar.gov/Active-Specifications/ENERGY-STAR-Certified-Mini-Split-Heat-Pumps/akti-mt5s
XTRON,C-Series,XH24MAA2DI-20US,ductless,,,,Non établi,Aucune brochure publique suffisamment précise confirmée après recherche approfondie,Code exact recherché dans les sources fabricant et index publics; ne pas associer un PDF générique.,https://data.energystar.gov/Active-Specifications/ENERGY-STAR-Certified-Mini-Split-Heat-Pumps/akti-mt5s
XTRON,C-Series,XH36LCA2DI-19US,ductless,,,,Non établi,Aucune brochure publique suffisamment précise confirmée après recherche approfondie,Code exact recherché dans les sources fabricant et index publics; ne pas associer un PDF générique.,https://data.energystar.gov/Active-Specifications/ENERGY-STAR-Certified-Mini-Split-Heat-Pumps/akti-mt5s
YISO,Pro2,YOHA2-36CB,central,,,,Non établi,Aucune brochure publique suffisamment précise confirmée après recherche approfondie,Code exact recherché dans les sources fabricant et index publics; ne pas associer un PDF générique.,https://data.energystar.gov/Active-Specifications/ENERGY-STAR-Certified-Ducted-Heat-Pumps/3m3x-a2hy
YISO,Pro2,YOHA2-60CB,central,,,,Non établi,Aucune brochure publique suffisamment précise confirmée après recherche approfondie,Code exact recherché dans les sources fabricant et index publics; ne pas associer un PDF générique.,https://data.energystar.gov/Active-Specifications/ENERGY-STAR-Certified-Ducted-Heat-Pumps/3m3x-a2hy
YISO,Pro2,YOHA3-36DD,central,,,,Non établi,Aucune brochure publique suffisamment précise confirmée après recherche approfondie,Code exact recherché dans les sources fabricant et index publics; ne pas associer un PDF générique.,https://data.energystar.gov/Active-Specifications/ENERGY-STAR-Certified-Ducted-Heat-Pumps/3m3x-a2hy
YISO,Pro2,YOHA3-60DD,central,,,,Non établi,Aucune brochure publique suffisamment précise confirmée après recherche approfondie,Code exact recherché dans les sources fabricant et index publics; ne pas associer un PDF générique.,https://data.energystar.gov/Active-Specifications/ENERGY-STAR-Certified-Ducted-Heat-Pumps/3m3x-a2hy
YISO,Pro2,YRHA1-36AD,central,,,,Non établi,Aucune brochure publique suffisamment précise confirmée après recherche approfondie,Code exact recherché dans les sources fabricant et index publics; ne pas associer un PDF générique.,https://data.energystar.gov/Active-Specifications/ENERGY-STAR-Certified-Ducted-Heat-Pumps/3m3x-a2hy
YISO,Pro2,YRHA1-60BB,central,,,,Non établi,Aucune brochure publique suffisamment précise confirmée après recherche approfondie,Code exact recherché dans les sources fabricant et index publics; ne pas associer un PDF générique.,https://data.energystar.gov/Active-Specifications/ENERGY-STAR-Certified-Ducted-Heat-Pumps/3m3x-a2hy
York,HMH7,HMH72B341,central,https://www.yorknow.com/pub/media/documentation/hmh7tech.pdf,Guide technique PDF,Série,Élevée,Document officiel trouvé et examiné,,https://data.energystar.gov/Active-Specifications/ENERGY-STAR-Certified-Ducted-Heat-Pumps/3m3x-a2hy
York,LX SERIES,HH824E2S11,central,https://spring.yorknow.com/documentsearch/,Portail documentaire officiel JCI/York,Série non appariée; rechercher le SKU,Moyenne,Portail officiel trouvé et vérifié; PDF exact à sélectionner lorsque précisé,,https://data.energystar.gov/Active-Specifications/ENERGY-STAR-Certified-Ducted-Heat-Pumps/3m3x-a2hy
York,LX SERIES,HH824E2S12,central,https://spring.yorknow.com/documentsearch/,Portail documentaire officiel JCI/York,Série non appariée; rechercher le SKU,Moyenne,Portail officiel trouvé et vérifié; PDF exact à sélectionner lorsque précisé,,https://data.energystar.gov/Active-Specifications/ENERGY-STAR-Certified-Ducted-Heat-Pumps/3m3x-a2hy
York,LX SERIES,HH836E2S11,central,https://spring.yorknow.com/documentsearch/,Portail documentaire officiel JCI/York,Série non appariée; rechercher le SKU,Moyenne,Portail officiel trouvé et vérifié; PDF exact à sélectionner lorsque précisé,,https://data.energystar.gov/Active-Specifications/ENERGY-STAR-Certified-Ducted-Heat-Pumps/3m3x-a2hy
York,LX SERIES,HH836E2S12,central,https://spring.yorknow.com/documentsearch/,Portail documentaire officiel JCI/York,Série non appariée; rechercher le SKU,Moyenne,Portail officiel trouvé et vérifié; PDF exact à sélectionner lorsque précisé,,https://data.energystar.gov/Active-Specifications/ENERGY-STAR-Certified-Ducted-Heat-Pumps/3m3x-a2hy
York,LX SERIES,HH860E2S11,central,https://spring.yorknow.com/documentsearch/,Portail documentaire officiel JCI/York,Série non appariée; rechercher le SKU,Moyenne,Portail officiel trouvé et vérifié; PDF exact à sélectionner lorsque précisé,,https://data.energystar.gov/Active-Specifications/ENERGY-STAR-Certified-Ducted-Heat-Pumps/3m3x-a2hy
York,LX SERIES,HH860E2S12,central,https://spring.yorknow.com/documentsearch/,Portail documentaire officiel JCI/York,Série non appariée; rechercher le SKU,Moyenne,Portail officiel trouvé et vérifié; PDF exact à sélectionner lorsque précisé,,https://data.energystar.gov/Active-Specifications/ENERGY-STAR-Certified-Ducted-Heat-Pumps/3m3x-a2hy
York,LX SERIES,YH518E2S11,central,https://fife.yorknow.com/pub/media/documentation/yh5_brochure.pdf,Brochure de ligne PDF,Famille,Moyenne,Document officiel trouvé et examiné,,https://data.energystar.gov/Active-Specifications/ENERGY-STAR-Certified-Ducted-Heat-Pumps/3m3x-a2hy
York,LX SERIES,YH524E2S11,central,https://fife.yorknow.com/pub/media/documentation/yh5_brochure.pdf,Brochure de ligne PDF,Famille,Moyenne,Document officiel trouvé et examiné,,https://data.energystar.gov/Active-Specifications/ENERGY-STAR-Certified-Ducted-Heat-Pumps/3m3x-a2hy
York,LX SERIES,YH536E2S11,central,https://fife.yorknow.com/pub/media/documentation/yh5_brochure.pdf,Brochure de ligne PDF,Famille,Moyenne,Document officiel trouvé et examiné,,https://data.energystar.gov/Active-Specifications/ENERGY-STAR-Certified-Ducted-Heat-Pumps/3m3x-a2hy
York,LX SERIES,YH548E2S11,central,https://fife.yorknow.com/pub/media/documentation/yh5_brochure.pdf,Brochure de ligne PDF,Famille,Moyenne,Document officiel trouvé et examiné,,https://data.energystar.gov/Active-Specifications/ENERGY-STAR-Certified-Ducted-Heat-Pumps/3m3x-a2hy
York,LX SERIES,YH560E2S11,central,https://fife.yorknow.com/pub/media/documentation/yh5_brochure.pdf,Brochure de ligne PDF,Famille,Moyenne,Document officiel trouvé et examiné,,https://data.energystar.gov/Active-Specifications/ENERGY-STAR-Certified-Ducted-Heat-Pumps/3m3x-a2hy
York,LX SERIES,YH618E2S11,central,https://www.yorknow.com/pub/media/documentation/yh6_techguide.pdf,Guide technique PDF,Série et certains modèles,Élevée,Document officiel trouvé et examiné,,https://data.energystar.gov/Active-Specifications/ENERGY-STAR-Certified-Ducted-Heat-Pumps/3m3x-a2hy
York,LX SERIES,YH624E2S11,central,https://www.yorknow.com/pub/media/documentation/yh6_techguide.pdf,Guide technique PDF,Série et certains modèles,Élevée,Document officiel trouvé et examiné,,https://data.energystar.gov/Active-Specifications/ENERGY-STAR-Certified-Ducted-Heat-Pumps/3m3x-a2hy
York,LX SERIES,YH630E2S11,central,https://www.yorknow.com/pub/media/documentation/yh6_techguide.pdf,Guide technique PDF,Série et certains modèles,Élevée,Document officiel trouvé et examiné,,https://data.energystar.gov/Active-Specifications/ENERGY-STAR-Certified-Ducted-Heat-Pumps/3m3x-a2hy
York,LX SERIES,YH636E2S11,central,https://www.yorknow.com/pub/media/documentation/yh6_techguide.pdf,Guide technique PDF,Série et certains modèles,Élevée,Document officiel trouvé et examiné,,https://data.energystar.gov/Active-Specifications/ENERGY-STAR-Certified-Ducted-Heat-Pumps/3m3x-a2hy
York,LX SERIES,YH648E2S11,central,https://www.yorknow.com/pub/media/documentation/yh6_techguide.pdf,Guide technique PDF,Série et certains modèles,Élevée,Document officiel trouvé et examiné,,https://data.energystar.gov/Active-Specifications/ENERGY-STAR-Certified-Ducted-Heat-Pumps/3m3x-a2hy
York,LX SERIES,YH660E2S11,central,https://www.yorknow.com/pub/media/documentation/yh6_techguide.pdf,Guide technique PDF,Série et certains modèles,Élevée,Document officiel trouvé et examiné,,https://data.energystar.gov/Active-Specifications/ENERGY-STAR-Certified-Ducted-Heat-Pumps/3m3x-a2hy
York,LX SERIES,YH936E2C11,central,https://fife.yorknow.com/pub/media/documentation/yh5_brochure.pdf,Brochure de ligne PDF,Famille,Moyenne,Document officiel trouvé et examiné,,https://data.energystar.gov/Active-Specifications/ENERGY-STAR-Certified-Ducted-Heat-Pumps/3m3x-a2hy
York,LX SERIES,YH960E2C11,central,https://fife.yorknow.com/pub/media/documentation/yh5_brochure.pdf,Brochure de ligne PDF,Famille,Moyenne,Document officiel trouvé et examiné,,https://data.energystar.gov/Active-Specifications/ENERGY-STAR-Certified-Ducted-Heat-Pumps/3m3x-a2hy
York,PH9,PH9E36N00D21,central,https://www.york.com/residential-equipment/heating-and-cooling/residential-packaged-equipment/ph9_yor_ds/ph9-19-seer2-packaged-heat-pump,Page fabricant,Série PH9,Élevée,Portail officiel trouvé et vérifié; PDF exact à sélectionner lorsque précisé,,https://data.energystar.gov/Active-Specifications/ENERGY-STAR-Certified-Ducted-Heat-Pumps/3m3x-a2hy
York,PH9,PH9E60N00D21,central,https://www.york.com/residential-equipment/heating-and-cooling/residential-packaged-equipment/ph9_yor_ds/ph9-19-seer2-packaged-heat-pump,Page fabricant,Série PH9,Élevée,Portail officiel trouvé et vérifié; PDF exact à sélectionner lorsque précisé,,https://data.energystar.gov/Active-Specifications/ENERGY-STAR-Certified-Ducted-Heat-Pumps/3m3x-a2hy
York,PL5,PL5E60N00D21,central,https://www.york.com/residential-equipment/heating-and-cooling/residential-packaged-equipment/pl5_yor_ds/pl5-152-seer2-packaged-heat-pump,Page fabricant,Série PL5,Élevée,Portail officiel trouvé et vérifié; PDF exact à sélectionner lorsque précisé,,https://data.energystar.gov/Active-Specifications/ENERGY-STAR-Certified-Ducted-Heat-Pumps/3m3x-a2hy
York,YD5,YD524E2D11,central,https://www.yorknow.com/pub/media/documentation/yd5_brochure.pdf,Brochure PDF fabricant,Série YD5,Élevée,Document officiel trouvé et examiné,,https://data.energystar.gov/Active-Specifications/ENERGY-STAR-Certified-Ducted-Heat-Pumps/3m3x-a2hy
York,YD5,YD536E2D11,central,https://www.yorknow.com/pub/media/documentation/yd5_brochure.pdf,Brochure PDF fabricant,Série YD5,Élevée,Document officiel trouvé et examiné,,https://data.energystar.gov/Active-Specifications/ENERGY-STAR-Certified-Ducted-Heat-Pumps/3m3x-a2hy
York,YD5,YD560E2D11,central,https://www.yorknow.com/pub/media/documentation/yd5_brochure.pdf,Brochure PDF fabricant,Série YD5,Élevée,Document officiel trouvé et examiné,,https://data.energystar.gov/Active-Specifications/ENERGY-STAR-Certified-Ducted-Heat-Pumps/3m3x-a2hy
York,YDC,YDC36E2D11,central,https://www.york.com/Residential-Equipment/Heating-and-Cooling/Split-System-Heat-Pumps/ydc_yor_ds/ydc-19-seer2-variable-speed-heat-pump-system,Page fabricant,Série YDC,Élevée,Portail officiel trouvé et vérifié; PDF exact à sélectionner lorsque précisé,,https://data.energystar.gov/Active-Specifications/ENERGY-STAR-Certified-Ducted-Heat-Pumps/3m3x-a2hy
York,YDC,YDC60E2D11,central,https://www.york.com/Residential-Equipment/Heating-and-Cooling/Split-System-Heat-Pumps/ydc_yor_ds/ydc-19-seer2-variable-speed-heat-pump-system,Page fabricant,Série YDC,Élevée,Portail officiel trouvé et vérifié; PDF exact à sélectionner lorsque précisé,,https://data.energystar.gov/Active-Specifications/ENERGY-STAR-Certified-Ducted-Heat-Pumps/3m3x-a2hy
York,YDV,YDV36E2D11,central,https://www.yorknow.com/pub/media/documentation/ydv_brochure.pdf,Brochure PDF fabricant,Série YDV,Élevée,Document officiel trouvé et examiné,,https://data.energystar.gov/Active-Specifications/ENERGY-STAR-Certified-Ducted-Heat-Pumps/3m3x-a2hy
York,YDV,YDV60E2D11,central,https://www.yorknow.com/pub/media/documentation/ydv_brochure.pdf,Brochure PDF fabricant,Série YDV,Élevée,Document officiel trouvé et examiné,,https://data.energystar.gov/Active-Specifications/ENERGY-STAR-Certified-Ducted-Heat-Pumps/3m3x-a2hy
Zephyr,HiULTRA,ZE-09CB22O,ductless,,,,Non établi,Aucune brochure publique suffisamment précise confirmée après recherche approfondie,Code exact recherché dans les sources fabricant et index publics; ne pas associer un PDF générique.,https://data.energystar.gov/Active-Specifications/ENERGY-STAR-Certified-Mini-Split-Heat-Pumps/akti-mt5s
Zephyr,HiULTRA,ZE-09CB25O,ductless,,,,Non établi,Aucune brochure publique suffisamment précise confirmée après recherche approfondie,Code exact recherché dans les sources fabricant et index publics; ne pas associer un PDF générique.,https://data.energystar.gov/Active-Specifications/ENERGY-STAR-Certified-Mini-Split-Heat-Pumps/akti-mt5s
Zephyr,HiULTRA,ZE-12CB25O,ductless,,,,Non établi,Aucune brochure publique suffisamment précise confirmée après recherche approfondie,Code exact recherché dans les sources fabricant et index publics; ne pas associer un PDF générique.,https://data.energystar.gov/Active-Specifications/ENERGY-STAR-Certified-Mini-Split-Heat-Pumps/akti-mt5s
Zephyr,HiULTRA,ZE-18CB22O,ductless,,,,Non établi,Aucune brochure publique suffisamment précise confirmée après recherche approfondie,Code exact recherché dans les sources fabricant et index publics; ne pas associer un PDF générique.,https://data.energystar.gov/Active-Specifications/ENERGY-STAR-Certified-Mini-Split-Heat-Pumps/akti-mt5s
Zephyr,HiULTRA,ZE-18CB25O,ductless,,,,Non établi,Aucune brochure publique suffisamment précise confirmée après recherche approfondie,Code exact recherché dans les sources fabricant et index publics; ne pas associer un PDF générique.,https://data.energystar.gov/Active-Specifications/ENERGY-STAR-Certified-Mini-Split-Heat-Pumps/akti-mt5s
Zephyr,HiULTRA,ZE-24CB25O,ductless,,,,Non établi,Aucune brochure publique suffisamment précise confirmée après recherche approfondie,Code exact recherché dans les sources fabricant et index publics; ne pas associer un PDF générique.,https://data.energystar.gov/Active-Specifications/ENERGY-STAR-Certified-Mini-Split-Heat-Pumps/akti-mt5s
Zephyr,Ultra-Coil,ZE-624HPA,central,,,,Non établi,Aucune brochure publique suffisamment précise confirmée après recherche approfondie,Code exact recherché dans les sources fabricant et index publics; ne pas associer un PDF générique.,https://data.energystar.gov/Active-Specifications/ENERGY-STAR-Certified-Ducted-Heat-Pumps/3m3x-a2hy
Zephyr,Ultra-Coil,ZE-636HPA,central,,,,Non établi,Aucune brochure publique suffisamment précise confirmée après recherche approfondie,Code exact recherché dans les sources fabricant et index publics; ne pas associer un PDF générique.,https://data.energystar.gov/Active-Specifications/ENERGY-STAR-Certified-Ducted-Heat-Pumps/3m3x-a2hy
Zephyr,Ultra-Coil,ZE-648HPA,central,,,,Non établi,Aucune brochure publique suffisamment précise confirmée après recherche approfondie,Code exact recherché dans les sources fabricant et index publics; ne pas associer un PDF générique.,https://data.energystar.gov/Active-Specifications/ENERGY-STAR-Certified-Ducted-Heat-Pumps/3m3x-a2hy
Zephyr,Ultra-Coil,ZE-660HPA,central,,,,Non établi,Aucune brochure publique suffisamment précise confirmée après recherche approfondie,Code exact recherché dans les sources fabricant et index publics; ne pas associer un PDF générique.,https://data.energystar.gov/Active-Specifications/ENERGY-STAR-Certified-Ducted-Heat-Pumps/3m3x-a2hy
ZERO,Z-MAX US R32 Hyper Heat Series,Z2SOV-18HDTA-US-O,ductless,,,,Non établi,Aucune brochure publique suffisamment précise confirmée après recherche approfondie,Code exact recherché dans les sources fabricant et index publics; ne pas associer un PDF générique.,https://data.energystar.gov/Active-Specifications/ENERGY-STAR-Certified-Mini-Split-Heat-Pumps/akti-mt5s
ZERO,Z-MAX US R32 Hyper Heat Series,Z3SOV-27HDTA-US-O,ductless,,,,Non établi,Aucune brochure publique suffisamment précise confirmée après recherche approfondie,Code exact recherché dans les sources fabricant et index publics; ne pas associer un PDF générique.,https://data.energystar.gov/Active-Specifications/ENERGY-STAR-Certified-Mini-Split-Heat-Pumps/akti-mt5s
ZERO,Z-MAX US R32 Hyper Heat Series,Z4SOV-36HDTA-US-O,ductless,,,,Non établi,Aucune brochure publique suffisamment précise confirmée après recherche approfondie,Code exact recherché dans les sources fabricant et index publics; ne pas associer un PDF générique.,https://data.energystar.gov/Active-Specifications/ENERGY-STAR-Certified-Mini-Split-Heat-Pumps/akti-mt5s
ZERO,Z-MAX US R32 Hyper Heat Series,Z5SOV-42HDTA-US-O,ductless,,,,Non établi,Aucune brochure publique suffisamment précise confirmée après recherche approfondie,Code exact recherché dans les sources fabricant et index publics; ne pas associer un PDF générique.,https://data.energystar.gov/Active-Specifications/ENERGY-STAR-Certified-Mini-Split-Heat-Pumps/akti-mt5s
ZERO,Z-MAX US R32 Hyper Heat Series,ZMSB-09HVT-USR1-S23-O,ductless,,,,Non établi,Aucune brochure publique suffisamment précise confirmée après recherche approfondie,Code exact recherché dans les sources fabricant et index publics; ne pas associer un PDF générique.,https://data.energystar.gov/Active-Specifications/ENERGY-STAR-Certified-Mini-Split-Heat-Pumps/akti-mt5s
ZERO,Z-MAX US R32 Hyper Heat Series,ZMSB-09HVT110-USR1-S23-O,ductless,,,,Non établi,Aucune brochure publique suffisamment précise confirmée après recherche approfondie,Code exact recherché dans les sources fabricant et index publics; ne pas associer un PDF générique.,https://data.energystar.gov/Active-Specifications/ENERGY-STAR-Certified-Mini-Split-Heat-Pumps/akti-mt5s
ZERO,Z-MAX US R32 Hyper Heat Series,ZMSB-12HVT-USR1-S24-O,ductless,,,,Non établi,Aucune brochure publique suffisamment précise confirmée après recherche approfondie,Code exact recherché dans les sources fabricant et index publics; ne pas associer un PDF générique.,https://data.energystar.gov/Active-Specifications/ENERGY-STAR-Certified-Mini-Split-Heat-Pumps/akti-mt5s
ZERO,Z-MAX US R32 Hyper Heat Series,ZMSB-12HVT110-USR1-S24-O,ductless,,,,Non établi,Aucune brochure publique suffisamment précise confirmée après recherche approfondie,Code exact recherché dans les sources fabricant et index publics; ne pas associer un PDF générique.,https://data.energystar.gov/Active-Specifications/ENERGY-STAR-Certified-Mini-Split-Heat-Pumps/akti-mt5s
ZERO,Z-MAX US R32 Hyper Heat Series,ZMSB-18HVT-USR1-S24-O,ductless,,,,Non établi,Aucune brochure publique suffisamment précise confirmée après recherche approfondie,Code exact recherché dans les sources fabricant et index publics; ne pas associer un PDF générique.,https://data.energystar.gov/Active-Specifications/ENERGY-STAR-Certified-Mini-Split-Heat-Pumps/akti-mt5s
ZERO,Z-MAX US R32 Hyper Heat Series,ZMSB-24HVT-USR1-S23-O,ductless,,,,Non établi,Aucune brochure publique suffisamment précise confirmée après recherche approfondie,Code exact recherché dans les sources fabricant et index publics; ne pas associer un PDF générique.,https://data.energystar.gov/Active-Specifications/ENERGY-STAR-Certified-Mini-Split-Heat-Pumps/akti-mt5s
ZERO,Z-MAX,ZMSB-18HVT-USHHCR2*,ductless,,,,Non établi,Aucune brochure publique suffisamment précise confirmée après recherche approfondie,Code exact recherché dans les sources fabricant et index publics; ne pas associer un PDF générique.,https://data.energystar.gov/Active-Specifications/ENERGY-STAR-Certified-Mini-Split-Heat-Pumps/akti-mt5s
ZERO,Z-MAX,ZMSB-18HVT-USHHCR2,ductless,,,,Non établi,Aucune brochure publique suffisamment précise confirmée après recherche approfondie,Code exact recherché dans les sources fabricant et index publics; ne pas associer un PDF générique.,https://data.energystar.gov/Active-Specifications/ENERGY-STAR-Certified-Mini-Split-Heat-Pumps/akti-mt5s